id,summary
elife-00723-v1,"The research paper discusses how nerve cells, specifically motor neurons, recycle tiny structures called synaptic vesicles after they release neurotransmitters. These vesicles are crucial for communication between neurons. The study focuses on two main processes: clathrin-mediated endocytosis and a faster process called ""kiss-and-run"" endocytosis. Clathrin-mediated endocytosis is slower and involves vesicles being fully recycled, while ""kiss-and-run"" endocytosis is quicker and allows vesicles to be reused almost immediately. The researchers used advanced freezing techniques to capture the rapid dynamics of these processes in living organisms. They found that endocytosis occurs quickly at specific sites near the active zone of the synapse, completing within milliseconds to seconds after stimulation. This discovery is important because it helps understand how neurons maintain efficient communication, especially during high-frequency activity. The findings suggest that both clathrin-mediated and ""kiss-and-run"" endocytosis play roles in vesicle recycling, with ""kiss-and-run"" being particularly important for rapid reuse of vesicles. This research provides insights into the mechanisms that ensure neurons can sustain high levels of activity without running out of vesicles."
elife-10935-v2,"The research focuses on understanding and preventing a condition called amyloid fibrosis, which involves the formation of harmful protein fibers in the body. These fibers are made from parts of proteins called light chains (LCs), which are normally found in antibodies. The study looks at a specific type of LC called a variable domain (VL), which is crucial for the formation of these harmful fibers.

The researchers investigated how VL domains can bind to various molecules, which might help stabilize the VL domains and prevent them from forming harmful fibers. They found that certain molecules can bind to specific sites on the VL domains, potentially stopping the formation of amyloid fibers. The study suggests that by stabilizing the VL domains, it might be possible to prevent or treat conditions related to amyloid fibrosis, such as systemic AL amyloidosis.

The researchers tested a panel of hydrophobic and aromatic molecules to see if they could inhibit the formation of amyloid fibers. They found that several molecules, including 8-anilino-1-naphthalenesulfonic acid, methylene blue, Chicago Sky Blue 6B, and Phenol Red, were effective at low concentrations. This indicates that these molecules could be used as prototypes for developing therapies to treat conditions caused by amyloid fibrosis. The findings support the idea that stabilizing the VL domains can shift the balance away from the formation of harmful amyloid fibers, offering a potential new approach to treatment."
elife-21130-v1,"The research paper explores how the lungs develop and grow in mice. Understanding this process is crucial because it helps us grasp how the lungs function and how they might be repaired if damaged. The study focuses on a specific pathway called the Hippo pathway, which is known to control the size and shape of various organs, including the lungs. The researchers found that a key protein in this pathway, called YAP, is active throughout the lung epithelium, the tissue that lines the airways. This activity is essential for controlling cell properties like proliferation and mechanical force production, which in turn determine how the lungs grow and branch out. The study used advanced imaging techniques to show that YAP is present in both the proximal (near the main airway) and distal (farther from the main airway) parts of the lung epithelium. This finding supports the idea that YAP plays a central role in lung development by regulating cell behavior across different regions of the lung. The research enhances our understanding of lung morphogenesis, the process by which the lungs take their shape, and could lead to new ways to treat lung diseases."
elife-01623-v1,"The research paper explores how two similar proteins, Ras and Rab, are activated in cells. Both proteins play crucial roles in cell signaling and function, but they work differently despite having similar structures. The study focuses on a specific part of these proteins called the ""switch II region,"" which is important for their activation. The researchers found that while Ras relies on a specific amino acid (glutamate) in this region to be activated, Rab proteins use a different mechanism. For Rab, both glutamate and another amino acid (arginine) are important for activation. This difference means that even though Ras and Rab have similar sequences, their activation processes are distinct. The findings also show that different Rab proteins can have unique activation mechanisms, highlighting the complexity of cellular processes. Understanding these differences is important for developing targeted therapies, especially for cancers where Ras mutations are common. The study provides new insights into how these proteins function and could lead to better treatments for diseases involving Ras and Rab proteins."
elife-41266-v1,"The research paper investigates how a specific gene regulatory function (GRF) in fruit fly embryos is shaped. The GRF in question is responsible for the early expression of the hunchback gene, which is crucial for the development of the fly. Previous studies often described this GRF using a Hill function, which provides a mathematical description of how the gene's activity changes in response to different concentrations of a regulatory protein called Bcd. However, this approach does not explain the biological mechanisms behind the GRF's shape.

The researchers created various versions of the hunchback gene's enhancer (Hb P2) and measured the resulting GRFs using quantitative imaging techniques. They found that the shape of the GRF is influenced by multiple underlying molecular mechanisms, including higher-order cooperativity and energy expenditure. These mechanisms can be regulated independently and collectively by different inputs. The study also showed that other transcription factors, besides Bcd, play a role in determining the anterior/posterior position of the GRF.

The findings challenge the common assumption that the GRF's shape can be explained solely by the cooperative binding of Bcd to multiple sites. Instead, the researchers provide evidence that additional mechanisms are required to fully understand the response of Hb P2. This research highlights the complexity of gene regulation and the need for more sophisticated models to capture the intricate details of developmental processes."
elife-11407-v3,"Bacteria need magnesium to survive, and they have special proteins to transport this mineral into their cells. One of these proteins, called MgtA, is particularly important when magnesium levels are low. Previous research has shown that MgtA helps bacteria adapt to environments with limited magnesium, but the exact details of how it works were not fully understood. In this study, researchers purified MgtA from a common bacterium, E. coli, and studied its biochemical properties. They found that certain types of lipids, specifically cardiolipin, are essential for activating MgtA. Additionally, they discovered that MgtA's activity is highly sensitive to the concentration of free magnesium ions, with high levels of magnesium actually inhibiting its function. This research provides new insights into how bacteria regulate magnesium uptake, which is crucial for their survival and adaptation to different environments. Understanding these mechanisms could lead to new ways to control bacterial infections by disrupting their ability to obtain essential nutrients."
elife-02963-v2,"The research paper discusses the role of a protein called SYCP3 in the process of meiosis, which is crucial for sexual reproduction. Meiosis is the process where cells divide to produce eggs and sperm, and it involves the pairing and exchange of genetic material between chromosomes. SYCP3 is a key component of the synaptonemal complex, a structure that holds paired chromosomes together during meiosis. The study found that SYCP3 helps to organize and stabilize the chromosome axis, which is essential for proper chromosome alignment and the formation of crossovers, where genetic material is exchanged. Disruptions in SYCP3 can lead to infertility and other reproductive issues. The researchers determined that SYCP3 forms a rod-like structure and can bind to DNA, acting as a physical scaffold to hold different regions of DNA together. They also showed that SYCP3 can assemble into regular, striated filaments that resemble the natural structure of the synaptonemal complex. This research provides important insights into how SYCP3 functions at the molecular level to ensure proper chromosome behavior during meiosis, which is vital for successful reproduction."
elife-50990-v2,"Researchers investigated whether certain small molecules, known as kinase inhibitors, could help reduce inflammation by targeting specific receptors called ErbB family receptors. These receptors are similar in structure to the human epidermal growth factor receptor (EGFR). The study used zebrafish and mouse models to show that inhibiting these receptors reduced the number of neutrophils, a type of white blood cell, at the site of injury. This reduction in neutrophils helped resolve inflammation. The researchers also found that these inhibitors promoted neutrophil apoptosis, a process where cells self-destruct, which is crucial for resolving inflammation. The findings suggest that targeting ErbB receptors could be a promising strategy for treating chronic inflammatory diseases like COPD, where neutrophils play a significant role. The study highlights the potential of kinase inhibitors in developing new therapies for inflammatory conditions."
elife-14315-v2,"The research paper investigates how the brain's blood flow changes in response to sensory stimulation. Specifically, it looks at the role of inhibitory neurons in this process. Previous studies have shown that both excitatory and inhibitory neurons play a part in regulating blood flow, but direct evidence of inhibitory neurons causing blood vessel constriction in living animals was missing. The researchers used a technique called optogenetics to selectively activate inhibitory neurons in mice and observed the blood vessels' responses. They found that activating these neurons indeed caused a two-phase response: initial dilation (widening) of the blood vessels followed by constriction (narrowing). This confirms that inhibitory neurons can drive this biphasic response and provides the first in vivo evidence for the major role of the NPY-Y1 pathway in mediating vasoconstriction. The study also extended measurements to deeper layers of the brain's cortex, revealing that the onset and peak of dilation depend on the cortical depth. This research helps understand how the brain regulates its blood supply in response to sensory input, which is crucial for maintaining proper brain function."
elife-18659-v1,"The research paper discusses the challenges and limitations of current microscopy techniques for imaging biological samples, particularly thick tissues. Traditional methods like Fourier Ptychographic Microscopy (FPM) and Fluorescence Talbot Microscopy struggle with depth of focus, resolution, and the need for immersion, making them impractical for thick tissue imaging. The paper introduces a new multi-immersion objective lens designed for wide-field epifluorescence and laser scanning confocal microscopy. This lens offers a working distance of over 3 mm and a field of view of 6 mm, corrected for a wide range of wavelengths. The researchers tested the lens using a special target and fluorescent beads, demonstrating superior resolution and the ability to resolve sub-cellular details. The new lens addresses the limitations of existing methods, providing a more effective tool for imaging large biological specimens with high resolution and depth penetration. This advancement is significant for fields like biology and medicine, where detailed imaging of thick tissues is crucial for research and diagnostics."
elife-18295-v5,"The research paper discusses the identification and behavior of a specific type of cell in the early development of fruit flies. The study aimed to understand how these cells, which express a gene called Notch, develop and divide over time. The researchers used various techniques to track these cells, including fluorescent markers and time-lapse imaging. They found that these Notch-expressing cells are larger than other cells initially and undergo division around 13 hours after the egg hatches. Interestingly, the number of these large cells remains constant, while smaller cells increase, suggesting that the large cells divide to produce the smaller ones. The study also showed that these cells go through different phases of the cell cycle, confirming their division process. This research helps in understanding the early development of fruit flies and the role of Notch-expressing cells in this process. The findings could have broader implications for understanding cell division and differentiation in other organisms, including humans."
elife-25884-v1,"The research explores how underground mammals, such as moles and mole-rats, have adapted to their dark environments over time. These animals often have reduced or even lost their eyesight, which is a result of living in environments where vision is not necessary. The study focuses on understanding the genetic changes that led to these adaptations.

Researchers looked at four different species of underground mammals: the star-nosed mole, the Cape golden mole, the naked mole-rat, and the blind mole-rat. Each of these species independently evolved to live underground, and they all show similar traits like reduced eyesight. The study used advanced genetic analysis to identify genes that evolved rapidly in these species, indicating they were under less evolutionary pressure in their underground habitats.

The findings reveal that many genes related to vision have undergone significant changes, showing that these animals have adapted to their lightless environments by reducing the need for sight. Additionally, the study identified genes of unknown function that might be involved in eye-related diseases, suggesting new areas for medical research. The research also pinpointed specific genetic enhancers related to eye development, which could help in understanding and potentially treating eye conditions in humans. Overall, the study provides valuable insights into how animals adapt to extreme environments and how these adaptations are reflected in their genetics."
elife-17600-v2,"Researchers wanted to understand if a specific part of a protein called NUDT9H could act as an enzyme, breaking down a molecule called ADPR. This is important because NUDT9H is part of a larger protein called TRPM2, which acts as a channel in cell membranes. Previous studies suggested that NUDT9H might have weak enzyme activity, but it was unclear if this activity was linked to the channel's function. The researchers created hybrid proteins by swapping parts of NUDT9H with a similar, soluble protein called NUDT9. They found that the solubility issues with NUDT9H were due to its core structure. By creating soluble hybrids, they could study the enzyme activity of NUDT9H in isolation. The study showed that NUDT9H does have enzyme activity, but it is not coupled to the channel's gating function. This finding helps clarify the role of NUDT9H in TRPM2 and its potential independent enzymatic function."
elife-65715-v3,"This research explores the role of DNA methylation in Parkinson's Disease (PD). DNA methylation is a process that can change how genes are expressed without altering the DNA sequence itself. The study aimed to understand if specific patterns of DNA methylation could help distinguish people with Parkinson's from those without the disease. Researchers analyzed DNA methylation across the entire genome in 253 Parkinson's patients and 280 controls. They found 419 sites with different methylation levels between the two groups, with 57 of these sites being statistically significant. Further analysis identified 14 key sites that were consistently different. The study also looked at broader regions of the genome and found areas with dense methylation differences. These differences were linked to genes involved in immune function, bone lesions, and viral processes. The researchers developed a model using these methylation patterns that could accurately predict Parkinson's disease with high reliability. This suggests that DNA methylation could be a useful biomarker for diagnosing Parkinson's disease and understanding its underlying mechanisms."
elife-04437-v2,"The research paper investigates how cells maintain their identity and polarity in the ovary of the fruit fly, Drosophila. The study focuses on follicle stem cells (FSCs), which are crucial for the development of egg cells. These FSCs are located in a specific structure called the germarium and are supported by surrounding escort cells. As egg cells mature, they move out of the escort cell region into the follicle epithelium, and each FSC divides approximately once per incoming cyst. The newly produced daughter cells, called prefollicle cells, move away from the niche either posteriorly or across the germarium toward the opposite FSC niche before incorporating into the follicle epithelium. The researchers found that the EGF receptor (EGFR) signaling pathway is specifically upregulated in FSCs. This pathway is essential for maintaining FSCs in their niche and for establishing cell polarity throughout the FSC lineage. The study used staining techniques to detect the activity of downstream effectors of the EGFR pathway, such as phosphorylated ERK (pErk). They observed that pErk was detectable in escort cells, sporadic follicle cells in the germarium, and most follicle cells surrounding mid-stage follicles. Importantly, bright pErk staining was consistently found in FSCs but was undetectable in prefollicle cells just downstream of the niche. This indicates that EGFR signaling is crucial for the maintenance and polarity of FSCs, ensuring proper development of the follicle epithelium. The findings highlight the importance of EGFR signaling in maintaining stem cell identity and polarity, which is vital for the development of egg cells in Drosophila."
elife-05007-v2,"The research paper explores how certain genes, specifically HML and HMR, are silenced in yeast cells. These genes are crucial for determining the mating type of yeast cells, which can be either 'a' or 'α'. The silencing process involves proteins like Sir2, Sir3, and Sir4, which work together to keep these genes inactive. The study found that in normal cells, these genes are almost always silenced, but occasionally, there are brief moments when they become active. This activity is so rare and short-lived that it was previously undetected. The researchers developed a new method to capture these transient activations, showing that even in wild-type cells, there are rare instances where the silencing is lost. This discovery highlights the dynamic nature of gene silencing and suggests that the mechanisms maintaining this silencing are robust but not infallible. The findings have implications for understanding how gene regulation works and how it can sometimes go awry, leading to potential genetic instability."
elife-26138-v2,"The research paper explores how certain receptors in the body, specifically TRPM3 channels, are regulated and how this regulation affects pain responses. TRPM3 channels are involved in sensing temperature and pain, and their activity can be influenced by various signaling pathways. The study focused on understanding how activating specific receptors (GPCRs) affects TRPM3 channels in sensory neurons from mice. The researchers used morphine, a well-known painkiller, to activate opioid receptors, which are a type of GPCR. They found that morphine significantly reduced the activity of TRPM3 channels, indicating that opioid receptors can modulate pain responses through these channels. This modulation was shown to be mediated by specific proteins (Gβγ) and could be reversed by an opioid receptor antagonist, naloxone. Additionally, the study used pertussis toxin to confirm that the inhibitory effect of morphine on TRPM3 channels is indeed mediated through opioid receptors and the associated signaling proteins. The findings suggest that targeting TRPM3 channels and their regulatory pathways could offer new strategies for pain management."
elife-03528-v2,"The research paper investigates the translation of small open reading frames (smORFs) in cells, specifically in Drosophila S2 cells. SmORFs are short sequences of DNA that can produce small peptides, which are often overlooked because they are too short to fit multiple ribosomes. The study aimed to improve the method of ribosome profiling to ensure that the RNAs being studied are actively being translated into proteins. The researchers developed a technique called Poly-Ribo-Seq, which focuses on polyribosome complexes to isolate actively translating RNAs. They found that thousands of smORFs are translated into peptides, some of which are around 80 amino acids long and are translated as efficiently as canonical long ORFs. These smORF peptides are conserved across species, have specific subcellular locations, and can form structures like alpha-helices in cell membranes. The study also identified shorter smORFs, around 20 amino acids long, which are less conserved and translated less efficiently. The findings suggest that smORFs are more prevalent and functional than previously thought, potentially playing diverse roles in cellular processes, including the expression of peptides active in cell membranes. This research highlights the importance of smORFs in biology and opens new avenues for understanding their functions."
elife-25818-v1,"The research paper investigates how the FDA's Adverse Event Reporting System (FAERS) can be improved to better understand the side effects of drugs. FAERS contains over 8.5 million reports and is growing, but it has issues like redundancies, biases, and conflicting information that can affect the analysis and interpretation of data. The study aims to address these problems by mapping drug identifiers to their chemical structures, which helps in correlating drugs with their effects more accurately. This mapping revealed interesting patterns and similarities in adverse drug reactions (ADRs) over time. The researchers also looked into the origins of reporting biases in FAERS, considering factors like stimulated reporting and contributions from non-medical communities. They analyzed specific drugs like rofecoxib, celecoxib, rosiglitazone, and pioglitazone to illustrate how these biases can affect in-depth analysis. The study highlights the importance of careful interpretation when drugs are used to treat life-threatening diseases, as the reported ADRs might reflect the severity of the disease rather than the drug's side effects. By improving the methods for analyzing FAERS data, researchers hope to enhance the confidence in using this system for drug safety monitoring and discovery."
elife-42001-v2,"The research paper investigates how a specific enzyme called helicase unwinds DNA. DNA unwinding is crucial for processes like DNA replication and repair. The study used a technique called single-molecule FRET to observe the unwinding process in real-time. The researchers created a DNA substrate with a specific structure to mimic the replication fork, where DNA unwinding occurs. They attached fluorescent markers to this structure to track the unwinding process.

The study found that helicase unwinds DNA in small steps, typically one base pair at a time. When the DNA contained a single GC base pair (a stronger bond compared to AT pairs), the helicase often stalled before fully unwinding the DNA. This stall occurred after a specific number of base pairs had been unwound, indicating that the GC pair acted as a barrier. The researchers also observed that the helicase could slip backward, reverting partial unwinding before attempting again. This slipping behavior was more frequent under unfavorable nucleotide conditions.

The findings suggest that helicase unwinds DNA in a stepwise manner, with each step corresponding to one base pair. The presence of GC base pairs can cause the helicase to stall, but it can eventually overcome these barriers. This research provides insights into the mechanics of DNA unwinding, which is essential for understanding DNA replication and repair processes. The study extends previous observations of single base pair steps during DNA unwinding to hexameric helicases, which are a different type of helicase."
elife-48114-v1,"Researchers wanted to understand how the brain controls hunting behavior in larval zebrafish. They used advanced imaging techniques to observe brain activity while the larvae were engaged in a virtual hunting task. The study identified specific neurons in the pretectal region of the brain that are activated during hunting behavior, rather than just responding to visual stimuli like prey. These neurons were found to project to different parts of the brain, including the optic tectum and midbrain regions. When these neurons were stimulated, the larvae exhibited natural hunting behaviors even in the absence of actual prey. Conversely, when these neurons were disabled, the larvae's ability to hunt live prey was impaired. The findings suggest that this specific population of pretectal neurons plays a crucial role in directing predatory behavior downstream of prey perception. This research helps to map out the neural circuits involved in hunting, providing insights into how the brain translates sensory information into action."
elife-10806-v2,"The research paper investigates how our brains process visual information, specifically how the perception of motion direction influences the perception of numbers. The study aims to understand where in the brain this interaction occurs. Researchers presented visual stimuli to participants under different conditions, changing the location of the stimuli relative to the participant's gaze and the screen. They found that the effect of motion direction on number perception happens in a specific area of the brain called the lateral intraparietal area (LIP), which has a spatial frame of reference but is not related to the retina. This means the brain processes these visual features in a way that is tied to the spatial location of the stimuli rather than just the eye's position. The findings suggest that the brain recycles neural circuits to process new information, expanding their original functions rather than replacing them. This recycling allows different types of information, like motion and numbers, to be linked together, showing how the brain adapts and integrates various sensory inputs."
elife-57180-v1,"The research paper investigates how a specific protein, Hsp90, functions and interacts with other molecules in the cell. Hsp90 is crucial for many cellular processes, including the maturation of about 20% of all proteins in the cell. It plays a significant role in cancer, as cancer cells are often dependent on it. The protein exists in different shapes, switching between open and closed forms, even without the energy source ATP. The study explores three ways to influence Hsp90's shape and behavior: a point mutation, interaction with a co-chaperone protein, and the crowded environment inside the cell. The researchers used advanced techniques to observe these changes in real-time. They found that all three methods caused Hsp90 to shift towards a closed form, but the underlying reasons for this shift varied. The point mutation had a significant effect, increasing the closed form population from 13% to 51%, despite not changing the protein's interactions much. This suggests that even small changes can have big impacts on Hsp90's function. Understanding these interactions is important for developing drugs that target Hsp90, especially in cancer treatment."
elife-22962-v3,"The research paper explores how specific brain cells, known as O-LM cells, contribute to brain rhythms, particularly theta rhythms, which are important for memory and navigation. These cells are part of a feedback loop in the hippocampus, a region crucial for learning and memory. The study focuses on the role of hyperpolarization-activated inward channels (h-channels) in O-LM cells, which allow these cells to exhibit post-inhibitory rebound spiking, a mechanism that helps generate rhythmic activity.

Previous studies have shown that O-LM cells can exhibit subthreshold membrane oscillations at theta frequencies and that blocking h-channels reduces spontaneous firing at these frequencies. However, the exact distribution and contribution of h-channels in the dendrites of O-LM cells are not well understood. The researchers used a database of multi-compartment models of O-LM cells to examine the conditions under which these cells can be recruited to fire at theta frequencies in high-conductance states, which mimic the in vivo environment.

The findings indicate that O-LM cells are preferentially recruited at theta frequencies, and this recruitment depends on the distribution and balance of h-channels and other potassium channels in the dendrites. The study suggests that the integration of synaptic inputs in the dendrites, modulated by the distribution of h-channels, is crucial for the generation of theta-frequency firing in O-LM cells. This work has implications for understanding the cellular mechanisms underlying theta rhythms and provides a strategy for examining cell-specific contributions to brain behavior."
elife-06974-v1,"The research paper investigates the evolutionary history of a group of single-celled organisms called alveolates, focusing on two subgroups: Apicomplexa and Chromerida. These groups share a common ancestor but have evolved significantly different lifestyles and genetic makeup. Apicomplexa includes parasites that infect various hosts, while Chromerida are free-living algae. The study reconstructed the genetic content of their ancestors at key points in their evolutionary history. It found that the transition from a free-living ancestor to parasitic forms involved substantial gene loss and few gains. Different lineages within Apicomplexa showed varying degrees of gene loss and gain, reflecting their diverse lifestyles. The findings highlight how these organisms have adapted genetically to their environments over time, providing insights into the evolutionary processes that shape parasitic and free-living organisms. This research helps understand the genetic basis of parasitism and the evolutionary paths that lead to such diverse lifestyles."
elife-59885-v3,"The research paper discusses the complex processes involved in cell division, specifically focusing on the role of certain proteins and enzymes in regulating this process. The main question is how cells ensure proper division and exit from mitosis, a phase of the cell cycle where chromosomes are separated. This is crucial because errors in cell division can lead to diseases like cancer.

The study examines how proteins called phosphatases, particularly PP1 and PP2A-B55, are regulated and how they influence the dephosphorylation of other proteins. Dephosphorylation is a process that removes phosphate groups from proteins, which is essential for controlling various cellular activities. The research shows that the destruction of a protein called cyclin B triggers a series of events that activate these phosphatases, leading to global dephosphorylation of proteins. This is a key step in allowing the cell to exit mitosis properly.

The findings highlight the importance of specific interactions and regulatory subunits that ensure these phosphatases act on the right targets at the right time. For example, the B55 regulatory subunit prefers to dephosphorylate certain proteins over others, which helps in coordinating the sequence of events during cell division. The study also notes that the timing and specificity of these dephosphorylation events are critical for ensuring that the cell exits mitosis correctly and reforms its nuclear envelope.

Overall, the research provides insights into the molecular mechanisms that govern cell division, which is fundamental for understanding how cells maintain their integrity and function. This knowledge could be crucial for developing therapies for diseases related to cell division errors, such as cancer."
elife-22170-v2,"The research paper investigates the role of two genes, otpa and otpb, in zebrafish, focusing on their impact on behavior and stress responses. These genes are crucial for the development of neurons in the hypothalamus, a region of the brain that regulates various bodily functions and behaviors. The study found that mutations in the otpa gene led to anxiety-like behaviors and social deficits in zebrafish, while mutations in the otpb gene did not show these effects. Specifically, otpa mutants displayed unusual swimming patterns in new environments, spending more time in the center of an arena and moving more slowly, indicating heightened anxiety. In contrast, otpb mutants behaved similarly to wild-type zebrafish. Additionally, the study showed that otpa and otpb differentially regulate the expression of oxytocin and corticotropin-releasing hormone in a newly identified neuronal cluster, which is associated with social behavior but not stress response. This research highlights the specific roles of otpa and otpb in modulating social behavior and stress adaptation, providing insights into the genetic basis of these complex behaviors."
elife-06638-v1,"Researchers wanted to understand how certain bacteria stick to human cells. They focused on a specific part of bacterial proteins called thioester domains, which can form strong bonds with molecules in the human body. The study found that these domains are common in many types of bacteria and have a consistent three-dimensional structure, despite differences in their sequences. This suggests that these domains play a crucial role in helping bacteria attach to human cells, which is important for infection. The researchers identified a specific human protein, fibrinogen, as a target for these bacterial domains. They discovered that a bacterial protein called SfbI forms a very stable bond with fibrinogen through a process involving thioester domains. This finding reveals a new mechanism by which bacteria can adhere to human cells, which could be a target for future treatments to prevent infections. The study also identified many other bacterial proteins that likely contain these thioester domains, indicating a widespread but previously unrecognized role in bacterial adhesion."
elife-03635-v2,"The research paper explores how genes respond to changes in their environment, specifically focusing on how they turn on and off in response to different carbon sources. The study used yeast cells and shifted them from glucose to galactose, observing changes in gene activity. The researchers found that many genes increased or decreased their activity by more than threefold during this shift. Interestingly, these genes did not always have known regulatory sequences or transcription factors that would explain their behavior. Instead, the study suggests that overlapping transcription, where genes are transcribed in both the forward and reverse directions, plays a significant role in regulating gene activity. This overlapping transcription allows genes to switch states quickly in response to environmental changes. The findings indicate that this mechanism is likely a general feature of gene regulation, helping cells adapt to new conditions efficiently. The research provides new insights into how genes are controlled and how cells respond to their environment, which could have implications for understanding various biological processes and diseases."
elife-33402-v2,"The research paper investigates how cells repair damaged DNA, specifically focusing on a process called DNA resection. DNA resection is crucial for fixing breaks in DNA, which can occur due to various factors like radiation or chemical damage. The study uses a technique involving fluorescent markers to visualize and measure the speed and efficiency of DNA resection in living cells. The researchers found that the process of DNA resection can be influenced by several factors, including specific proteins like Exo1, Rev7, and Crb2. For instance, the absence of Exo1 significantly slows down DNA resection, indicating its importance in this repair process. Similarly, the loss of Rev7 or Crb2 speeds up the resection rate, suggesting these proteins might act as brakes in the repair mechanism. The study also confirms that the resection rate can vary widely among individual cells, highlighting the complexity of DNA repair processes. Overall, the findings provide valuable insights into the molecular mechanisms of DNA repair, which could be crucial for developing treatments for diseases related to DNA damage, such as cancer."
elife-33125-v2,"The research paper discusses a new method called Spot-On for analyzing the movement of molecules within cells. The main question is how to accurately measure the diffusion of molecules, which is crucial for understanding many biological processes. The problem is that traditional methods can be biased and inaccurate, especially when dealing with molecules that move quickly or slowly. The researchers developed Spot-On to address these issues. They tested it using simulated data and compared it to other popular methods. Spot-On was found to accurately infer the sizes of different molecular populations and correct for known biases, such as molecules moving out of focus. However, it slightly underestimated the diffusion constant due to particle confinement within the nucleus. Overall, Spot-On provides a more reliable way to analyze molecular movement, which is important for studying cellular processes and developing new treatments for diseases."
elife-00311-v1,"The research paper discusses a method to improve the accuracy of protein structure models. Proteins are complex molecules that play crucial roles in the body, and understanding their structures is vital for developing drugs and treatments. The study focuses on refining these structures using a technique called ensemble refinement, which considers the flexibility and movement of proteins. The researchers applied this method to 20 different protein datasets, simulating their behavior at a specific temperature and adjusting various parameters to optimize the models. They found that this approach significantly improved the accuracy of the protein structures, with an average improvement of 1.8% in a key measure called R-free. This means that the refined models better match the experimental data, providing a more accurate representation of the proteins' true structures. The findings suggest that ensemble refinement is a valuable tool for enhancing the precision of protein structure determination, which could lead to better insights into how proteins function and interact with other molecules."
elife-14188-v1,"Bats use echolocation to navigate and find food, but this system has limitations. Unlike vision, which provides a wide field of view and quick updates, echolocation has a narrow field of view, updates slowly, and has a limited range. These limitations make it hard for bats to create a detailed 3D map of their surroundings using echolocation alone. The study explores how bats might navigate despite these challenges. Instead of trying to reconstruct a detailed 3D map from the echoes, the researchers suggest that bats use a simpler method. They propose that bats match the echoes they receive to stored templates of echoes from places they have visited before. This approach avoids the complexity of reconstructing a 3D map and relies directly on the sensory input. The study also notes that echo templates are very distinctive, making this method feasible. While previous robotic studies have used similar template-based methods, they were conducted in artificial environments. The researchers call for further study to understand how bats use these templates in real, complex habitats."
elife-12790-v2,"Researchers investigated how a specific protein, GCC185, helps transport packages (vesicles) within cells. They found that GCC185 uses an unexpected mechanism to capture these vesicles. Unlike previous beliefs that tethering proteins should capture vesicles at one end and anchor to the target membrane at the other, GCC185's N-terminal end is crucial for binding vesicles. The researchers used various techniques to isolate vesicle fractions and test the binding abilities of different parts of GCC185. They discovered that the N-terminal sequence of GCC185 effectively captures vesicles, especially when a specific tag is attached to its C-terminal end. This finding challenges the traditional view of how tethering proteins work and suggests that GCC185 can flexibly bind vesicles, which is essential for its function in maintaining the structure and receiving transport vesicles at the Golgi apparatus. The study provides new insights into the mechanisms of vesicle tethering and the flexibility required for these proteins to function properly within cells."
elife-10781-v2,"The research paper explores how slow brain waves, known as slow-wave sleep (SWS), spread across the brain. These waves are crucial for memory consolidation and other brain functions during sleep. Previous studies have shown that these waves can be observed using methods like electroencephalography (EEG) and local field potential recordings. The researchers wanted to see if similar patterns could be detected using resting-state functional magnetic resonance imaging (rs-fMRI), a technique that measures brain activity by detecting changes in blood flow.

The study developed a new method to analyze rs-fMRI data, focusing on the apparent propagation of brain activity. They found that during SWS, certain brain regions consistently lead or lag behind others in their activity patterns. This propagation is much slower than the transmission of signals along nerve fibers and is influenced by prior motor tasks and the time of day. The findings support the idea that SWS plays a central role in memory consolidation and other cognitive processes. The researchers characterized the lag structures using lag projection maps, seed-based lag maps, and time-delay matrices, providing a detailed view of how brain activity spreads during sleep. This work helps to better understand the dynamics of brain activity during sleep and its importance for cognitive functions."
elife-10453-v1,"The research investigates the role of estrogen receptor alpha (ERα) in the reproductive tract of female mice, specifically in the oviduct, which is crucial for fertilization and early embryo development. Previous studies have shown that ERα is essential for creating a receptive environment in the uterus. This study focuses on the oviduct, where ERα is present in both the epithelial and stromal (supporting tissue) compartments. The researchers used genetically modified mice to selectively remove ERα from either the epithelial cells or the stromal cells in the oviduct. They found that mice lacking ERα in the epithelial cells had significantly reduced fertilization rates, while those lacking ERα in the stromal cells did not show this reduction. This suggests that ERα in the epithelial cells is critical for supporting fertilization and early embryo development. The study also observed that sperm migration to the site of fertilization was impaired in mice without ERα in the epithelial cells, indicating that ERα plays a role in creating a supportive microenvironment for sperm. Overall, the findings highlight the importance of ERα in the epithelial cells of the oviduct for successful reproduction."
elife-22219-v1,"The research explores how changes in protein production and stability are controlled during the transition from an egg cell (oocyte) to an embryo in fruit flies. This transition is crucial because it involves significant reorganization of the cell's proteins, which is essential for the development of the embryo. Unlike other cells, oocytes and early embryos rely heavily on controlling protein production after the genetic instructions (mRNA) have already been made, rather than making new mRNA. The study focuses on understanding how these changes in protein production are coordinated with the completion of meiosis, a type of cell division that produces egg cells.

The researchers used fruit flies to investigate this process. They found that a specific protein complex, called PNG kinase, plays a key role in regulating the translation of maternal mRNA during the oocyte-to-embryo transition. This kinase becomes active after meiosis is completed, promoting the translation of certain proteins and controlling the degradation of maternal mRNAs later in embryo development. The activity of PNG kinase is regulated by another protein, CDK1, which phosphorylates (adds a chemical tag to) a component of the PNG complex called GNU. This phosphorylation negatively regulates PNG kinase activity, ensuring that it is only active during the specific transition period.

The findings provide important insights into how the events triggered by egg activation are coupled with the completion of meiosis, which is essential for proper embryo development. Understanding this mechanism is crucial for comprehending the early stages of development in animals."
elife-56911-v2,"Researchers wanted to understand how people make decisions and adapt to changes in their environment. They used a special task where participants had to navigate through different states to collect rewards. The task involved learning the layout of these states and adapting to changes in rewards and positions. The researchers recorded brain activity using MEG (magnetoencephalography) to see how participants planned their moves. They found that some participants were better at adjusting to changes and planning future moves, indicating they had a more flexible decision-making process. This flexibility was linked to better performance and the ability to plan ahead. The study suggests that having a mental model of the environment helps people make better decisions and adapt to new situations. This research is important because it shows how our brains process information to make decisions and adapt to changes, which can have implications for understanding and improving decision-making in various fields."
elife-06901-v2,"The research paper discusses a process called phospholipid scrambling (PLS), which is crucial for various biological functions, such as blood clotting and cell fusion. PLS involves the movement of phospholipids between the inner and outer layers of cell membranes. The study focuses on a protein called ANO6, which has been suggested to play a role in PLS. The researchers aimed to determine if ANO6 directly causes PLS or if it regulates another protein that does. They found that expressing ANO6 in cells induces PLS and that this process is linked to the movement of ions across the cell membrane. Mutations in ANO6 affected both PLS and ion channel activity, indicating that ANO6 itself is involved in PLS. This finding is significant because it helps clarify the molecular mechanisms behind PLS, which is essential for understanding and potentially treating diseases related to blood clotting and cell fusion."
elife-04539-v2,"When DNA is copied, sometimes the process gets stuck, and the copying machinery has to restart. This can lead to errors and changes in the DNA sequence. Researchers wanted to understand how cells handle these stuck points, especially at a specific location called RTS1. They used advanced microscopy and genetic tests to observe what happens when copying gets blocked at RTS1. They found that a protein called Rad52 quickly moves to the blocked site and helps restart the copying process without the usual delay seen in other restart methods. However, this restart process is prone to errors, leading to increased recombination—a process where DNA segments are exchanged—which can cause genetic changes. Surprisingly, these errors do not seem to be necessary for the cell's survival. The study suggests that cells prioritize completing DNA copying quickly, even if it means risking genetic changes. This finding highlights the balance cells must strike between ensuring survival and maintaining genetic stability."
elife-52986-v1,"The research paper discusses the effects of a specific genetic mutation, TUBB4A, which is linked to a neurological disorder called H-ABC. This disorder affects movement and coordination. The study created a mouse model with this mutation to better understand the disease and develop potential treatments. The mice with the mutation showed symptoms similar to those seen in humans with H-ABC, such as tremors, difficulty walking, and loss of motor function. These symptoms worsened over time, leading to severe disability. The researchers also observed significant issues with myelin, the protective covering of nerve fibers, in the brains and spinal cords of the mutant mice. This myelin damage is a key feature of H-ABC. The study highlights the importance of using animal models that closely mimic human conditions to advance our understanding of genetic disorders and to develop effective therapies."
elife-09178-v3,"The study investigated how genetic differences among strains of a small worm, C. elegans, affect the success of a technique called RNA interference (RNAi) in causing embryonic lethality. RNAi is a method used to silence specific genes. The researchers fed larvae of different strains with bacteria expressing double-stranded RNA (dsRNA) against various target genes. They then observed the penetration of embryonic lethality in the next generation. The results showed significant variation in how different strains responded to RNAi, with some strains being more susceptible than others. This variation was attributed to two main factors: general modifiers that affect RNAi sensitivity across all genes and specific modifiers that act on particular genes. The study found that about half of the variation in RNAi sensitivity was due to general modifiers, and the other half was due to gene-specific modifiers. This indicates that the genetic background of the worms plays a crucial role in how effectively RNAi can silence genes, highlighting the complexity of genetic interactions in natural populations. The findings suggest that understanding these modifiers could improve the use of RNAi in research and potentially in therapeutic applications."
elife-07938-v3,"The research paper explores the role of the protein RB15 in cell differentiation, particularly in the development of megakaryocytes, which are cells involved in blood clotting. The study aims to understand how RB15 regulates RNA metabolism to control cell differentiation. Researchers found that RB15 binds to specific parts of messenger RNA (mRNA) of genes crucial for megakaryocyte differentiation, such as RUNX1, GATA1, and TPO. They also discovered that reducing RB15 levels through a process called methylation favors the production of alternative spliced isoforms of these genes, which are shorter versions. Additionally, the study showed that RB15 promotes the maturation of megakaryocytes in human primary cells. The findings suggest that the PRMT1-RB15 pathway fine-tunes cell differentiation by controlling RB15 protein levels. In acute megakaryoblastic leukemia (AMKL), a type of blood cancer, megakaryocyte differentiation is blocked. The research indicates that high expression of PRMT1 is associated with poor survival rates in acute myeloid leukemia, suggesting PRMT1's potential role in leukemia development. The study used advanced techniques like bio-orthogonal profiling of protein methylation (BPPM) to identify proteins methylated by PRMT1 in megakaryocytes, confirming that RB15 is methylated at a specific site. Overall, the research provides insights into how RB15 and PRMT1 interact to regulate cell differentiation and highlights their potential as targets for treating blood disorders and cancers."
elife-29738-v2,"Researchers wanted to understand the lymphatic system in the brain, specifically the dura mater, which is the outermost layer of the brain's protective coverings. The lymphatic system is crucial for waste removal and immune cell movement. Previous studies suggested that lymphatic vessels might exist in the dura mater, but this was not definitively proven. The researchers used advanced imaging techniques, including MRI, to visualize these vessels in both humans and non-human primates. They also examined brain tissue samples to confirm their findings. The study found that lymphatic vessels do indeed exist within the dura mater and are part of a network that runs parallel to the venous sinuses, which are blood vessels in the brain. These vessels were more densely packed around the venous sinuses and within the meningeal layer compared to other areas. The researchers also noted that these vessels did not show up in typical blood imaging but were clearly visible with specific MRI techniques. This discovery has significant implications for understanding how the brain clears waste and how immune cells move within the central nervous system. It also opens up new avenues for studying neurological disorders, as abnormalities in these lymphatic vessels could be linked to diseases like multiple sclerosis and Alzheimer's. The study confirms a long-standing hypothesis about the presence of lymphatic vessels in the human brain, first proposed over two centuries ago. This research paves the way for further non-invasive studies on the brain's lymphatic system and its role in health and disease."
elife-74005-v3,"The research explores how social insects, like ants, use chemical signals to manage their colonies and determine the roles of individual members. These signals, such as queen pheromones and juvenile hormones, play crucial roles in guiding the development and behavior of ants within the colony. Unlike solitary organisms, where these signals function within the individual, social insects can share these molecules through a process called trophallaxis, where food and signals are exchanged among colony members. The study focuses on the carpenter ant, Camponotus floridanus, to understand how the composition of trophallactic fluid changes with the colony's environment and life stages. By analyzing the proteins in this fluid, researchers identified a set of core proteins present in all samples and others that varied with conditions like colony age and individual roles. The findings suggest that trophallactic fluid could serve as a social circulatory system, reflecting and influencing the colony's social environment. This research highlights the importance of chemical communication in social insect colonies and its potential impact on collective decision-making."
elife-11190-v1,"The research investigates how the brain controls eating behavior, particularly focusing on the role of a hormone called ghrelin. Ghrelin is known to stimulate appetite and feeding. The study proposes that ghrelin, produced in the body in anticipation of feeding, activates specific neurons in the brain. These neurons then stimulate other neurons that increase appetite and feeding through a signaling pathway.

To test this hypothesis, researchers used a combination of methods, including tracking neural pathways, behavioral experiments, and conditioning rats to eat at specific times. They found that blocking ghrelin's effects in a specific brain region reduced the rats' conditioned feeding behavior but did not affect their overall food intake when not conditioned. This suggests that ghrelin signaling in this brain region is crucial for controlling learned feeding behaviors.

The findings indicate that ghrelin plays a significant role in how the brain regulates eating based on learned cues, such as meal times. This research could help in understanding and potentially treating eating disorders or developing strategies for managing appetite in various conditions."
elife-07178-v2,"The research paper discusses the potential of using zebra finch embryos to study early development and stem cells. The main question is whether zebra finch embryos can be used to understand the early stages of development and derive embryonic stem cells (ESCs), which are cells that can become many different types of cells in the body. This matters because understanding early development and stem cells can lead to advances in regenerative medicine and genetic research.

The researchers chose zebra finches because they are commonly used in neurobiological studies and have a well-sequenced genome. They are also small and have a short generation time, making them practical for laboratory work. The study involved characterizing the molecular and morphological features of zebra finch embryos at the time they are laid. The researchers found that zebra finch embryos are laid at an earlier developmental stage compared to chicken embryos, making them more similar to mouse embryos from which mammalian ESCs can be derived.

The researchers also found that cells derived from zebra finch embryos retained markers of pluripotency, which means they have the potential to become many different types of cells. In contrast, chicken cells did not show these markers under the same conditions. This suggests that birds and mammals share common regulatory mechanisms for maintaining pluripotency. The study concludes that zebra finch embryos are well-suited for establishing and characterizing avian ESCs, which could lead to new insights in genetics and regenerative medicine."
elife-51150-v2,"The research paper explores how cells regulate the activity of a protein called Myo1, which is crucial for cell movement and growth. The study focuses on two key signaling pathways: one involving calcium and another involving phosphorylation (a process where a phosphate group is added to a protein). The researchers discovered that a specific site on Myo1, called serine 742, is phosphorylated in a manner dependent on the TORC2-Gad8 signaling pathway. This phosphorylation affects how calcium-binding proteins, known as calmodulins, interact with Myo1, thereby regulating its activity. The findings suggest that the coordinated action of calcium and phosphorylation controls Myo1's function during different stages of the cell cycle. The study used various techniques, including molecular biology and biochemistry, to identify and characterize this regulatory system. The results highlight the importance of understanding these molecular interactions for comprehending cell growth and movement, which are fundamental processes in biology."
elife-21137-v1,"The research paper explores how certain mutations in a protein called FGFR (Fibroblast Growth Factor Receptor) can lead to diseases like cancer and skeletal disorders. FGFR is crucial for cell signaling, and its activity is tightly regulated. The study used advanced techniques like X-ray crystallography and NMR spectroscopy to understand how specific mutations affect the protein's structure and function.

The researchers found that two key regions, called the ""DFG latch"" and the ""αC tether,"" play a significant role in transmitting signals within the protein. These regions are sensitive to structural changes in the A-loop and the molecular brake, which are parts of the FGFR. Mutations in these areas can disrupt the normal functioning of the protein, leading to excessive signaling and disease.

The study also revealed that naturally occurring and drug-resistant mutations can bias the protein towards an active state, causing problems in the human body. Understanding these mechanisms is important for developing new drugs to target FGFR and related proteins, which could help treat various diseases. The findings are expected to have a major impact on ongoing drug discovery efforts for conditions related to FGFR and other similar proteins."
elife-43290-v2,"The research paper examined the impact of a national measles vaccination campaign in India on child mortality. Measles is a highly contagious viral infection that can be fatal, especially in young children. The campaign aimed to reduce measles deaths by increasing vaccination coverage. The study used data from the Million Death Study, which included deaths from over 1.3 million households surveyed between 2005 and 2013. The researchers found that annual measles deaths in children aged 1-59 months decreased significantly from 62,000 to 24,000 during this period. The campaign led to a substantial decline in measles mortality rates, particularly in the states where the campaign was most intensive. The average annual reduction rate in measles mortality accelerated from 12% to 22% after the campaign launched. The decline was more pronounced in campaign states compared to non-campaign states. The study also noted that girls in campaign states experienced steeper declines in measles mortality compared to boys. Overall, the findings suggest that the national measles vaccination campaign in India was effective in reducing child mortality from measles."
elife-12559-v2,"The research explores how mice use their whiskers to navigate through winding corridors. The study is important because it helps us understand how animals process sensory information to guide their movements. The researchers used a virtual reality system where mice could run on a ball while walls moved to simulate a winding corridor. The mice used their whiskers to track the walls and stay centered in the corridor. The study found that when the activity in a specific brain region, called the barrel cortex, was temporarily silenced using light, the mice's ability to track the walls was impaired. This suggests that the barrel cortex plays a crucial role in whisker-guided locomotion. The findings highlight how the brain processes tactile information from whiskers to help animals navigate their environment. This research could lead to a better understanding of sensory processing in animals and potentially inform the development of technologies that mimic these abilities."
elife-11611-v2,"When yeast cells grow, they form a single growth site called a bud. Scientists have been trying to understand how yeast cells ensure that they only grow one bud at a time. One theory suggests that competition between different bud sites for a limited pool of growth factors determines which bud will win and grow. Another theory proposes that a stabilizing factor helps one bud site to persist while others disappear. To test these ideas, researchers manipulated the rates at which key growth factors moved between the cell membrane and the cytoplasm. They found that by slowing down this process, cells could maintain multiple bud sites long enough to form two, three, or even four buds simultaneously. This experiment supports the competition hypothesis, indicating that the uniqueness of the bud site in yeast is due to competition for growth factors rather than the presence of a downstream stabilizer. The findings provide new insights into how yeast cells manage to grow only one bud at a time, ensuring proper cell division and function."
elife-65228-v2,"The research investigates how repeated exposure to cocaine affects gene expression in the brain, particularly focusing on the striatum, a region crucial for reward and addiction processes. The study compares gene expression in mice that were never exposed to cocaine, those repeatedly exposed, and those that abstained from cocaine for 21 days. The findings reveal significant shifts in gene expression, especially after prolonged abstinence, indicating that the brain undergoes substantial changes in response to cocaine use and withdrawal. These changes are more pronounced in specific brain regions like the nucleus accumbens and the lateral cortex. The study also highlights that certain genes related to synaptic plasticity and disease pathways are particularly affected. Additionally, the research shows that the immediate early genes (IEGs) Arc, Egr2, Nr4a1, and Fos are robustly induced following acute cocaine exposure but dampened after repeated exposure, with their expression reinstated upon a challenge dose of cocaine. This suggests that the striatum is a major hub for cocaine-induced plasticity, and the brain's response to cocaine involves a conserved set of genes initially, followed by region-specific adaptations. Understanding these mechanisms is crucial for developing treatments for cocaine addiction and other substance use disorders."
elife-25903-v2,"Malaria is a serious disease caused by parasites that infect liver cells. Scientists have been studying how these parasites enter liver cells, focusing on two key proteins: CD81 and SR-BI. Previous research showed that CD81 is crucial for some malaria parasites to infect cells, but SR-BI's role was unclear. This study aimed to clarify SR-BI's function in malaria infection.

The researchers found that SR-BI is essential for the infection of liver cells by Plasmodium vivax, a common but often overlooked cause of malaria. However, SR-BI is not needed for Plasmodium falciparum or Plasmodium yoelii infections. Interestingly, both SR-BI and CD81 can be used by Plasmodium berghei parasites, showing that these parasites have flexible entry methods.

The study also identified specific parasite proteins that help them use these host cell receptors. By understanding these interactions, scientists hope to develop new ways to prevent and treat malaria. This research provides important insights into how malaria parasites infect liver cells and opens up new avenues for combating the disease."
elife-03025-v1,"The research paper explores how animals, specifically mice, use chemical signals called pheromones to influence reproductive behaviors. Pheromones are substances that animals release to communicate with others of the same species. The study focuses on identifying specific receptors in the vomeronasal organ (VNO) of mice that detect these pheromones. The VNO is a sensory organ that helps animals sense chemical cues from their environment.

The researchers developed a method to identify neurons in the VNO that respond to specific pheromones related to gender and reproductive status. They found that certain neurons in the VNO are activated by urine from female mice, particularly during their estrus phase, which is when they are most fertile. This activation leads to increased mounting behavior in male mice, indicating that these pheromones signal sexual receptivity.

The study also identified specific chemical compounds in the urine, such as sulfated estrogens, that mimic the activity of estrus signals. These compounds activate the same neurons in the VNO, leading to similar behavioral responses in male mice. The findings suggest that there are distinct principles governing pheromone-triggered mating behaviors in mice. Understanding these principles can provide insights into how chemical signals influence animal behavior and reproduction. This research is important for understanding the basic mechanisms of chemical communication in animals and could have implications for studying similar processes in other species, including humans."
elife-12095-v3,"The research paper investigates a protein called GP IHBP1, which is crucial for human health. Mutations in this protein have been linked to a condition called familial chylomicronemia, where the protein's structure is impaired, leading to dysfunctional molecules on cell surfaces. The study found that a specific mutation (GP IHBP1 W89S) affects the protein's ability to bind to another molecule called LPL, despite retaining its normal structure. This mutation highlights the importance of the protein's structure in its function. The research also reveals that GP IHBP1 is unique in having an N-terminal extension rich in acidic amino acids, which is essential for its interaction with LPL. The study used advanced techniques to analyze the interactions between GP IHBP1 and LPL, showing that both the LPL domain and the acidic domain of GP IHBP1 control these interactions. The acidic domain is intrinsically disordered but stabilizes LPL's catalytic activity by preventing it from unfolding. This research provides valuable insights into how GP IHBP1 functions and its role in health and disease."
elife-27854-v1,"The research paper discusses a new method for monitoring mosquito populations using mobile phones. The main question is whether mobile phones can be used to record and analyze mosquito wing beats, which are unique to each species. This matters because mosquitoes spread diseases like malaria and dengue fever, and tracking their populations can help control these diseases. The researchers used the sensitive microphones in mobile phones to record the wing beat sounds of various mosquito species. They found that mobile phones can accurately capture these sounds, which are relatively simple and consist of a fundamental frequency with a few overtones. The study showed that mobile phones can record these sounds up to a distance of 50 mm, making it feasible for field use. This method is cost-effective and scalable, especially in resource-constrained areas with high disease burdens, like Africa, Asia, and Latin America. The researchers also noted that this approach can engage citizen scientists worldwide without needing specialized equipment or extensive training. Overall, the study demonstrates that mobile phones can be a powerful tool for acoustic surveillance of mosquitoes, helping to map their distribution and dynamics in real-time."
elife-10696-v1,"The research paper investigates how mice use their whiskers to sense their environment. The study focuses on the primary whisker neurons, which are the nerve cells that receive signals from the whiskers. The researchers recorded the activity of these neurons while awake mice explored a metal pole with their whiskers. They also tracked the movement and shape of the whiskers using high-speed video.

The key finding is that the neurons respond to the force or ""moment"" acting on the whisker, rather than just the angle of the whisker. This means that the neurons are encoding information about how the whisker bends when it touches an object. This bending moment can account for the neuron's activity during both whisker-object interactions and whisker motion in the air. The study provides a mechanical basis for understanding how touch receptors in the whiskers link to tactile behavior. This finding is significant because it shows that the same mechanical principles can explain the responses of primary somatosensory neurons across different states, whether the animal is awake or anesthetized. This research helps to understand how animals use their sense of touch to interact with their environment."
elife-42078-v1,"The research investigates how certain genes control the timing of sexual maturation in the nervous system of a model organism, the nematode C. elegans. These genes, known as the heterochronic pathway, are well-known for their role in controlling cell division patterns during early development. However, their role in later stages, particularly in the nervous system, was less understood. The study found that three key genes in this pathway—lin-28, let-7, and lin-41—play a crucial role in timing the maturation of sexual characteristics in different types of neurons. These genes work through specific cellular mechanisms that vary depending on the type of neuron. The findings suggest that these genes are part of an ancient, conserved mechanism that controls the timing of sexual maturation across different species. The study also showed that mutations in these genes can lead to premature or delayed sexual maturation in neurons, highlighting their importance in this process. This research provides insights into how genetic pathways can influence the timing of developmental events, which could have implications for understanding similar processes in humans."
elife-36688-v3,"The research paper discusses a new approach to fighting cancer by using macrophages, which are a type of immune cell. Previous attempts to use macrophages to target cancer cells failed because the macrophages needed additional signals to activate against tumors. The study introduces a new type of receptor called Chimeric Antigen Receptors for Phagocytosis (CAR-Ps). These receptors can recognize specific markers on cancer cells and trigger the macrophages to engulf and destroy the cancer cells. The researchers created different versions of CAR-Ps and tested them in mouse macrophages. They found that certain versions, like CAR-P Megf10 and CAR-P FcRγ, significantly increased the engulfment of cancer cell markers. The study also showed that CAR-Ps could target different cancer antigens and were effective against various sizes of target cells. Additionally, the researchers found that CAR-Ps initiate engulfment through a localized signaling cascade involving tyrosine phosphorylation. This new strategy holds promise for developing more effective cancer therapies by enhancing the ability of macrophages to recognize and destroy cancer cells."
elife-34085-v1,"Researchers have developed a new method called the ""peptidisc"" to study membrane proteins, which are crucial for many biological processes. Membrane proteins are difficult to study because they are embedded in cell membranes, making them hard to isolate and analyze. Previous methods, like using detergents or lipids, had issues with solubility, stability, and complexity. The peptidisc method uses a specific peptide design that wraps around the target membrane protein, stabilizing it without needing additional lipids. This design is water-soluble and can be easily applied to various membrane proteins, making it a versatile and efficient tool. The researchers tested the peptidisc with different membrane proteins and found that it maintained their structure and function, even at high temperatures. This method could significantly improve the study of membrane proteins, leading to better understanding and potential treatments for related diseases."
elife-22900-v3,"The research paper investigates how specific parts of two proteins, XRCC4 and XLF, interact with DNA. These proteins are crucial for repairing damaged DNA, a process vital for maintaining cell health and preventing diseases like cancer. The study focuses on the disordered tails at the end of these proteins, which are known to be modified by a process called phosphorylation. The researchers created variants of these proteins where the phosphorylation sites were either mimicked or blocked. They then tested how these changes affected the proteins' ability to bind to DNA and form complexes that help in DNA repair. The findings show that mimicking phosphorylation reduces the DNA-binding ability of XRCC4, while blocking phosphorylation does not significantly affect either protein. This suggests that the phosphorylation state of these proteins plays a critical role in regulating their activity in DNA repair. Understanding these interactions can provide insights into how cells manage DNA damage and may lead to new strategies for treating diseases related to DNA repair deficiencies."
elife-17978-v1,"Researchers have been studying how yeast cells adapt to different carbon sources, which is crucial for their growth and survival. They found that yeast cells prefer to use glucose for energy, a trait known as the ""Warburg effect,"" which is also seen in cancer cells. When yeast cells switch from glucose to other carbon sources like glycerol, they experience a pause in growth called the diauxic shift. This pause happens because the cells need to change their metabolic program to use the new carbon source.

The researchers discovered that yeast cells can overcome this pause and become more flexible in using various carbon sources. This ability is passed down from mother cells to daughter cells through a prion called [GAR+]. Prions are proteins that can change their shape and transmit this change to other proteins, altering the cell's behavior. The [GAR+] prion allows yeast cells to metabolize a wider range of carbohydrates, improve nutrient uptake, and increase their lifespan. Interestingly, this prion can be induced by certain bacteria, creating a mutually beneficial relationship where the yeast provides a more hospitable environment for the bacteria.

The study identified lactic acid as the bacterial signal that induces the [GAR+] prion in yeast cells. This finding suggests that lactic acid plays a role in modulating metabolic strategies in eukaryotic cells, which could have implications for understanding how cells adapt to changing environments. The researchers used a straightforward approach to discover this bacterial molecule, which could be useful for finding other natural molecules that trigger epigenetic transformations. This research highlights the complex interactions between different organisms and how they adapt to their environments through metabolic flexibility."
elife-01457-v1,"The research paper investigates how certain molecules, called positively selecting ligands, influence the diversity and specificity of T cells after they have undergone selection processes. T cells are crucial for the immune system's ability to recognize and respond to foreign invaders like viruses and bacteria. The study focuses on a specific peptide called gp250, which is naturally occurring and plays a role in selecting T cells. Previous studies have shown that a single peptide can select a large repertoire of T cells, but they did not use naturally occurring ligands for defined foreign antigens. The researchers created a transgenic mouse model where the gp250 peptide was covalently linked to a specific MHC class II molecule. This model allowed them to observe the effects of gp250 on the post-selection T cell repertoire. They found that gp250 favored the selection of T cells that react to a specific antigen, known as MCC. The data provided evidence that positive selection plays a central role in determining the post-selection T cell repertoire and is a major determinant in immune dominance. This means that the initial selection process significantly influences which T cells will be dominant in responding to specific antigens. The study used the MCC antigen system to explore the relationship between positive selection and CD4+ T cell immune dominance. The MCC peptide is immunodominant following immunization with the MCC protein, and the primary responders and memory cells are dominated by Vα11+ T cells. The researchers hypothesized that gp250 favors the positive selection of MCC-reactive T cells, which was supported by the expanded MCC-tetramer+ population in gp250 SC mice. Overall, the study highlights the importance of positive selection in shaping the immune response and provides insights into how specific ligands can influence T cell development and function."
elife-05981-v2,"The research paper investigates how a specific protein, rhodopsin, becomes less sensitive to light over time, a process known as desensitization. This is important because understanding this process can help in developing treatments for vision-related issues and other conditions involving similar proteins. The study focused on the roles of two specific sites within the rhodopsin molecule: serine and threonine sites. These sites undergo chemical changes, such as phosphorylation, which affect how quickly the protein becomes desensitized. The researchers found that serine sites are rapidly phosphorylated but weakly promote the binding of another protein called arrestin, which helps in desensitization. On the other hand, threonine sites are phosphorylated more slowly but are crucial for rapid arrestin binding. This coordinated process ensures that rhodopsin's activity is precisely controlled, preventing it from being active for too long or too short a time. The findings suggest that this interplay between serine and threonine sites might be a general mechanism for controlling the activity of similar proteins in the body. This research provides insights into how cells regulate their responses to stimuli, which is fundamental for understanding various biological processes and developing targeted therapies."
elife-03222-v2,"When we look at someone's face, we often follow where they are looking to see what they are interested in. This is known as gaze following. Researchers wanted to understand how monkeys and humans do this. They found that both species use similar brain areas to follow someone's gaze, but they rely on different cues—humans use eye direction, while monkeys use head orientation. The study involved showing monkeys portraits of other monkeys looking at different targets. The monkeys had to either follow the gaze or match the identity of the face to the target. The results showed that monkeys were equally good at both tasks, suggesting that the brain area involved in gaze following is not just for recognizing faces but also for understanding where someone is looking. This finding helps us understand the evolutionary roots of social attention and how our brains process visual information from faces."
elife-03868-v2,"Sleep is crucial for memory consolidation, but how sleep and memory are connected is not fully understood. Researchers wanted to know if the neurons that regulate sleep also play a role in memory consolidation. They focused on a type of neuron called DPM neurons and their outputs. Previous studies suggested that DPM neurons release a chemical called acetylcholine, which helps with memory consolidation. However, recent findings indicate that DPM neurons also release serotonin, which promotes a form of memory that is resistant to anesthesia. This suggests that the relationship between sleep and memory is more complex than previously thought. The researchers activated DPM neurons in flies and found that this increased sleep. They also discovered that DPM neurons release an inhibitory neurotransmitter called GABA, which helps to promote sleep by inhibiting certain brain cells. This means that DPM neurons play a significant role in regulating sleep and memory consolidation. The study provides new insights into how sleep and memory are connected and highlights the importance of inhibitory neurotransmission in these processes."
elife-00324-v1,"The research paper investigates the role of a specific protein, soluble Flt-1 (sFlt-1), in maintaining the health of the retina, the light-sensitive layer at the back of the eye. The study focuses on age-related macular degeneration (AMD), a leading cause of vision loss in older adults, which involves abnormal blood vessel growth in the retina. The researchers found that sFlt-1 is significantly reduced in the retinas of eyes affected by AMD. They also discovered that sFlt-1 helps regulate the balance between blood vessel growth and prevention of unwanted vessel invasion in the retina. By neutralizing sFlt-1 in mice, the researchers induced abnormal blood vessel growth, similar to what is seen in AMD. This suggests that sFlt-1 plays a crucial role in preventing these harmful changes. The findings highlight the potential of targeting sFlt-1 as a therapeutic approach for treating AMD and other retinal diseases. Understanding how sFlt-1 works could lead to new treatments that preserve vision by controlling abnormal blood vessel growth in the retina."
elife-02046-v1,"The research paper explores the role of a protein called WDR5 in regulating gene activity, particularly in stem cells. WDR5 is crucial for maintaining the pluripotency of embryonic stem cells, which means it helps these cells remain versatile and capable of becoming any cell type. The study focuses on how WDR5 interacts with long non-coding RNAs (lncRNAs), which are RNA molecules that do not code for proteins but play significant roles in gene regulation. The researchers identified a specific site on WDR5 where these lncRNAs bind, and they found that this binding is essential for WDR5 to function properly in cells. When the ability of WDR5 to bind RNA is disrupted, it affects the protein's stability and its role in maintaining stem cell properties. This research highlights the importance of RNA binding in regulating the lifespan and function of epigenetic factors, which are molecules that influence gene expression without altering the DNA sequence. Understanding these interactions could provide insights into how stem cells are regulated and potentially lead to new therapies for diseases involving stem cell dysfunction."
elife-20420-v1,"The research paper explores how bacteria develop resistance to antibiotics, which is a significant problem in treating infections. The study focuses on understanding the molecular processes that lead to antibiotic resistance, using a model species called Mycobacterium smegmatis. The researchers found that even low levels of antibiotics can cause mutations in bacteria that make them resistant. These mutations can act as stepping stones, allowing bacteria to evolve from being sensitive to antibiotics to becoming resistant to multiple drugs. The team developed a new method to isolate and study these resistant mutants while monitoring the growth and death of the bacterial population. They discovered novel mutations that confer resistance to various antibiotics and non-antibiotic stressors. Despite these mutations having some fitness costs, they can facilitate the evolution of high-level antibiotic resistance. The findings highlight the importance of understanding how bacteria adapt to antibiotics, which could help in developing better strategies to combat antibiotic resistance."
elife-06619-v1,"The research paper explores how the brain processes touch information using the whiskers of mice. The main question is whether the timing of neural spikes (electrical signals in the brain) is precise and consistent enough to be useful for understanding touch. This matters because it helps us understand how animals, including humans, perceive their environment through touch.

The researchers recorded neural activity in a specific brain region (layer 4 of the barrel cortex) while mice used their whiskers to locate objects. They measured the precise movements of the whiskers and the corresponding neural spikes. The study found that the spikes were very precise in timing and had minimal variability, close to the theoretical minimum. This precision allows the brain to efficiently decode touch information from a small number of neurons.

The findings support the idea that the timing of neural spikes is crucial for processing sensory information. This research provides insights into how the brain encodes and decodes touch, which is fundamental for understanding sensory perception and could have implications for developing better sensory prosthetics or treatments for sensory disorders."
elife-34848-v1,"Dengue fever is a mosquito-borne viral infection that causes flu-like symptoms and can be severe or even fatal. In Fiji, dengue outbreaks typically occur during the wetter, warmer months between December and July when mosquitoes are most abundant. Understanding how dengue spreads and who is most at risk is crucial for controlling outbreaks. Researchers conducted a study in Fiji's Central Division to investigate the patterns of dengue infection during the 2013/14 outbreak. They collected blood samples from participants before and after the outbreak to measure their immune response to the dengue virus. The study found that 58.6% of participants had antibodies against dengue in late 2013, and this increased to 74.5% by October/November 2015. The largest increase in immune response was against the DENV-3 serotype, which was the most common type during the outbreak. The researchers also identified factors associated with infection, such as living in urban or peri-urban environments, reporting fever in the preceding two years, and visiting a doctor with fever. They found that individuals who reported fever or visited a doctor with fever had a higher increase in their immune response, suggesting they were more likely to have been infected. The study also examined age patterns of infection, finding that individuals aged 10-19 years were most likely to have been infected, contrary to surveillance data that indicated the highest reported disease levels were in the 20-29 age group. Additionally, the researchers explored spatial patterns of infection, observing that dengue outbreaks can spread from urban hubs to more rural areas. This study provides valuable insights into the dynamics of dengue transmission and can help inform public health strategies to better control and prevent outbreaks."
elife-09214-v2,"Researchers investigated the role of transcription read-through in colorectal cancer (ccRCC). This phenomenon occurs when the process of copying DNA into RNA doesn't stop at the correct point, leading to abnormal RNA production. The study found that this read-through is common in ccRCC tumors and is linked to poorer survival rates for patients. One of the most frequently mutated genes in ccRCC, SETD2, was identified as a major driver of this issue. The read-through interferes with the expression of downstream genes, including the anti-apoptotic gene BCL2, which is crucial for cell survival. Additionally, the study discovered that read-through can create RNA chimeras, which are abnormal RNA molecules that can contribute to cancer development. The researchers analyzed RNA sequencing data from 50 pairs of tumor and normal tissue samples and found that all tumor samples exhibited transcription termination defects. Patients with high levels of read-through had significantly worse survival rates. The study suggests that widespread transcription read-through is a distinctive feature of ccRCC and that SETD2 mutations play a significant role in this process. Understanding this mechanism could lead to new therapeutic targets for treating colorectal cancer."
elife-01524-v1,"The research paper investigates the role of a protein called synaptotagmin 7 (syt7) in the brain's communication system, specifically in the hippocampus, a region crucial for memory and learning. Previous studies had conflicting results about whether syt7 acts as a sensor for calcium ions, which are essential for the release of neurotransmitters, the chemicals that allow brain cells to communicate. Some studies suggested syt7 was important for this process, while others found no effect. The researchers aimed to clarify this by studying hippocampal neurons from mice that lacked syt7. They used various methods, including high-frequency stimulation, to observe how these neurons behaved compared to normal neurons. The findings showed that syt7 does not function as a calcium sensor for asynchronous neurotransmitter release in hippocampal neurons. However, the study also revealed that syt7 plays a role in regulating the replenishment of neurotransmitters during high-frequency activity. This means that while syt7 might not be directly involved in the immediate release of neurotransmitters, it is important for maintaining the supply of these chemicals during intense brain activity. The research helps to better understand the complex processes involved in brain communication and could have implications for studying neurological disorders related to synaptic function."
elife-08848-v2,"The research paper explores the role of a specific protein, KDM1A, in the reproductive process of mice. This protein is crucial for the proper development of embryos and the prevention of genetic abnormalities that can lead to infertility. The study found that KDM1A is necessary for the correct expression of genes during fertilization and early embryonic development. Without KDM1A, harmful genetic modifications can accumulate, leading to improper gene expression and increased sterility in the population over time. The researchers also discovered that deleting the KDM1A gene in mouse oocytes (egg cells) results in embryonic lethality and developmental defects. This highlights the importance of KDM1A in maintaining genetic stability across generations. The findings suggest that KDM1A plays a conserved role in maternal reprogramming, ensuring that genes are correctly expressed during early development. This research provides insights into the mechanisms of genetic inheritance and the prevention of developmental abnormalities, which could have implications for understanding and treating infertility and genetic disorders in humans."
elife-51756-v2,"The research paper investigates how the types and numbers of macrophages, which are immune cells, change in the kidneys as mice age. Macrophages play crucial roles in monitoring and clearing immune complexes in the cortex and fighting bacterial infections in the medulla. They also control inflammation and tissue remodeling after injury. Despite their importance, little is known about how the proportions and distributions of different types of macrophages change over time in healthy kidneys and whether these changes affect the increased susceptibility of older patients to kidney diseases. The study used genetic fate-mapping and parabiosis approaches to track the origins and behaviors of these cells. The researchers found an unexpected increase in the proportion of macrophages derived from the yolk sac in the kidneys of aging mice. These yolk-sac-derived macrophages retained the ability to proliferate and contribute to the kidney's macrophage population. The findings suggest that these cells may significantly influence the kidney's immune response and susceptibility to diseases as the body ages. Further research is needed to understand the underlying mechanisms and potential therapeutic implications."
elife-00334-v1,"The research paper discusses how a specific enzyme, called XPD helicase, works to unwind DNA. This process is crucial for maintaining the integrity of our genetic material, as it helps in DNA repair and replication. The study used advanced techniques to observe the enzyme's activity at a very detailed level. They found that XPD helicase works by directly destabilizing the DNA base pairs, rather than just correcting the thermal breathing of the DNA duplex. This discovery is significant because it provides a clearer understanding of how these enzymes function, which could lead to better treatments for genetic disorders and diseases related to DNA damage. The findings are also relevant to other similar enzymes, suggesting a broader application in understanding and treating various genetic conditions."
elife-40474-v3,"The research paper discusses the role of the RalB pathway in cancer cell movement and invasion. Previous studies have shown that RalB is important for tumor metastasis and the movement of normal cells. However, the exact molecular mechanisms behind these processes were not fully understood. The researchers used a new technique called optogenetics, which allows for precise control of protein activity in time and space. They applied this technique to activate the RalB pathway and study its effects on cell behavior. The study found that activating RalB leads to changes in the cell's structure, specifically the formation of protrusions that help cells move and invade tissues. This process is independent of another well-known regulator called Rac1. The researchers also analyzed breast cancer samples and found that RalB might play a significant role in the invasive spread of these cancers. The optogenetic approach provided a detailed understanding of how RalB activation directly influences cell movement and invasion, offering new insights into potential targets for cancer treatment."
elife-02674-v2,"The research paper focuses on understanding the structure and function of a protein called M2-1, which is part of a virus known as HMPV. Previous studies suggested that M2-1 helps prevent premature termination of viral mRNA, which is crucial for the virus's ability to replicate. However, the exact details of how M2-1 works were not clear due to a lack of structural data.

The researchers in this study used X-ray crystallography to determine the structure of HMPV M2-1 at high resolution. They found that unlike a similar protein from another virus (RSV), HMPV M2-1 has a unique structure where one part of the protein can flip away from the rest. This flexibility allows M2-1 to switch between open and closed forms, which is important for its function.

The study also showed that M2-1 can recognize and bind to specific parts of viral RNA, helping to stabilize the transcription complex and prevent premature termination. This binding is influenced by the concentration of certain signals, which induce the closed conformation of M2-1.

Overall, the findings provide a structural basis for understanding how M2-1 recognizes signals and prevents premature mRNA termination, which is essential for the virus's replication. This knowledge could be useful for developing new antiviral treatments."
elife-53227-v2,"The research paper explores how certain parasites, specifically trypanosomes, manage harmful substances called hydroperoxides. These parasites lack a specific enzyme called catalase, which is usually responsible for breaking down hydroperoxides. Instead, they use other enzymes, such as peroxiredoxins (Prxs) and non-selenium glutathione peroxidase-type enzymes (Pxs), to detoxify these harmful substances. The study focuses on the parasite Trypanosoma brucei, which causes African sleeping sickness. This parasite has three identical Pxs enzymes located in different parts of the cell: the cytosol (Px I and II) and the mitochondrion (Px III). The absence or depletion of these Pxs enzymes is lethal to the parasite. However, the survival and proliferation of cells lacking Pxs can be restored by supplementing the medium with an iron chelator or a vitamin E analogue called Trolox. The study also investigates the role of another enzyme, peroxiredoxin (Prx), which has two forms: one in the cytosol (cPrx) and one in the mitochondrion (mPrx). In the bloodstream form of T. brucei, the depletion of cPrx but not mPrx is lethal. The research uses a novel biosensor, Tpx-roGFP2, to study the redox metabolism in the mitochondrion of trypanosomes. This biosensor reveals that the mitochondrial matrix of trypanosomes harbors a trypanothione-based redox metabolism, which is slightly weaker than in the cytosol due to a lower trypanothione disulfide (TS2) ratio. The inhibition of trypanothione synthesis by DFMO does not alter the redox steady state of the probe but impairs the ability of both the cytosol and mitochondrion to cope with exogenous oxidants, indicating a direct link between the trypanothione systems of the two compartments. The depletion of Tpx abolishes the response of"
elife-45311-v2,"The research paper investigates how the bacterium Salmonella responds to acidic environments, which is crucial for understanding how it causes infections. The study focuses on two key proteins, SsrA and SsrB, which play important roles in regulating gene expression in response to stress conditions like low pH. The researchers used advanced imaging techniques to observe the behavior of these proteins in live cells under different pH conditions. They found that both SsrA and SsrB levels increase significantly in acidic environments, and SsrB's ability to bind to DNA is enhanced under these conditions. This binding is essential for activating genes that help Salmonella survive and thrive in acidic environments, such as those found inside immune cells. The findings suggest that the regulation of these proteins is a critical mechanism for Salmonella's ability to cause disease, highlighting potential targets for new treatments."
elife-09668-v3,"Researchers wanted to understand how our brains retrieve and combine different pieces of information to form memories. Specifically, they focused on how the brain combines various elements of a schema, which is a mental framework that helps us organize and interpret information. The study involved participants who learned to predict weather outcomes based on visual cues, such as the position or color of circles. Using fMRI scans, the researchers observed brain activity during the retrieval of these schemas. They found that the medial prefrontal cortex (MPFC) and the angular gyrus (AG) play crucial roles in this process. The MPFC acts as a convergence zone where different schema components are combined into a coherent memory. The AG supports the integration of these components, helping to bind them together. This research sheds light on how our brains manage complex information, highlighting the importance of these brain regions in memory retrieval and integration. Understanding these processes can help in developing better strategies for learning and memory enhancement, as well as in treating memory-related disorders."
elife-13087-v1,"Researchers wanted to understand how certain genetic processes affect leukemia, a type of blood cancer. They focused on transcription, which is the process where DNA is copied into RNA. They used a method called Global-Run-On sequencing (GRO-seq) to measure transcription activity across the genome in leukemia cells. This method helps identify features of transcription at specific sites, including areas where RNA polymerase stalls. The study analyzed transcription activity in cells representing seven different subtypes of leukemia. They also looked at data from previous studies on various leukemia subtypes, integrating it with their own transcription profiles. The researchers found that certain regions of the genome, called topologically associated domains (TADs), have high frequencies of structural variations (SVs) in leukemia cells. These TADs reflect the three-dimensional structure of chromatin, the complex of DNA and proteins. The study highlights novel transcribed regions and links typical transcription patterns with hotspots of genomic instability. This research helps in understanding the genetic mechanisms behind different types of leukemia, which could lead to better treatments and diagnostics."
elife-59018-v1,"Researchers wanted to understand how a specific antibody, called 3D11, interacts with a protein found in certain parasites. This protein, known as PbCSP, is crucial for the parasites' ability to infect their hosts. The study focused on the structural details of how 3D11 binds to PbCSP, which could help in developing better treatments for parasitic infections.

The researchers conducted molecular simulations and binding studies to examine the interaction between 3D11 and PbCSP. They found that 3D11 binds strongly to PbCSP, suggesting that it could be effective in blocking the parasite's ability to infect. The simulations showed that the binding occurs through specific structural motifs within PbCSP, which are repeated sequences rich in certain amino acids.

The findings indicate that 3D11 recognizes and binds to these repeated motifs in a way that induces structural order in PbCSP, potentially disrupting its function. This understanding could lead to the development of more targeted therapies for parasitic diseases, improving treatment outcomes and reducing the spread of infections."
elife-22978-v2,"Researchers wanted to understand how brain activity in the hippocampus, a region crucial for memory, affects the buildup of amyloid-beta (Aβ), a protein linked to Alzheimer's disease, over time. They also aimed to see if this brain activity and Aβ accumulation were related to changes in memory.

To investigate this, they conducted a study with older adults who had normal cognitive function. They measured brain activity using functional magnetic resonance imaging (fMRI) and tracked the accumulation of Aβ using positron emission tomography (PET) scans over time. They also assessed memory performance using the California Verbal Learning Test.

The study found that higher hippocampal activity at the start of the study was associated with a faster accumulation of Aβ over time. Specifically, for every unit increase in hippocampal activity, the rate of Aβ accumulation increased by a small but significant amount. However, this increased brain activity did not directly predict declines in memory performance over time.

The researchers also looked at brain activity in other regions, such as the occipital and inferior frontal cortex, but did not find a similar relationship with Aβ accumulation. This suggests that the link between brain activity and Aβ buildup might be specific to the hippocampus.

In summary, the study provides evidence that higher hippocampal activity in older adults may contribute to the accumulation of Aβ, a key factor in Alzheimer's disease. However, this increased activity does not seem to directly affect memory decline in the short term."
elife-26414-v2,"The research paper discusses the challenges and advancements in detecting synapses in the brain's neural circuits, known as connectomics. Synapses are crucial for brain function as they allow neurons to communicate. The study highlights that while significant progress has been made in reconstructing neural structures quickly, detecting synapses remains a bottleneck. Traditional methods of identifying synapses in high-resolution images are time-consuming and often inaccurate, especially when synapses are not perfectly aligned with the imaging plane. The researchers developed a new automated method called SynEM, which uses advanced algorithms to segment and classify neural interfaces as synaptic or non-synaptic. SynEM achieved high precision and recall rates, making it a promising tool for large-scale connectomics studies. This advancement is important because it allows for more efficient and accurate mapping of neural connections, which is essential for understanding brain function and developing treatments for neurological disorders."
elife-47789-v2,"Researchers studied a protein called GFAP, which is important for the structure and function of cells in the brain. They found that a specific type of chemical modification, called phosphorylation, occurs more frequently in the brains of people with a severe form of a disease called Alexander disease (AxD). This phosphorylation happens at a particular site on the GFAP protein, and it seems to be linked to how the disease progresses. The researchers also showed that this modification can cause GFAP to clump together, which might contribute to the damage seen in AxD. They used both lab experiments and analyses of brain tissue from patients to reach these conclusions. The findings suggest that targeting this specific phosphorylation could be a way to understand and potentially treat the most severe cases of AxD. Future studies will need to explore whether this modification is a cause or a result of the disease's severity."
elife-28590-v2,"The research paper explores how changes in gene regulation can lead to skeletal abnormalities during development. Specifically, it looks at how mutations in the PP2 gene can disrupt the balance between activators and repressors, affecting the expression of the Shh gene, which is crucial for normal limb development. The study investigates the step-by-step events that activate an enhancer during development, focusing on the ZRS region, which has two distinct activities: one driving spatial and temporal expression and the other mediating long-range activation of the Shh gene. The researchers found that the ZRS enhancer is poised across the distal compartment of the limb bud but is differentially enriched in specific regions, indicating it exists in different chromatin states depending on position and gene activity. They also discovered that fibroblast growth factor (FGF) signaling plays a key role in priming the ZRS, and that acetylation and deacetylation processes involving GABPα and ETV4 regulate ZRS activation in the distal limb bud. The study provides insights into how genetic mutations can lead to developmental defects and highlights the importance of understanding gene regulation mechanisms for preventing skeletal abnormalities."
elife-15161-v1,"The research paper explores how a protein called MYC, which is involved in cancer, affects gene expression. MYC is known to bind to many places in the DNA, but it was surprising that tumors driven by MYC could still be recognized by specific patterns of gene activity. Two main ideas have been proposed to explain this: one suggests that MYC generally boosts transcription (the process of making RNA from DNA), and the other suggests that MYC specifically regulates certain genes, with overall changes in RNA levels happening as a result of cell growth driven by MYC. The researchers used a specific type of cell to study how different levels of MYC affect DNA binding and gene expression. They found that MYC binds to many promoter regions (areas where gene expression starts) and that this number increases when MYC is overexpressed. Surprisingly, individual promoters showed a wide range of MYC binding strengths, but these differences became smaller when MYC was overexpressed. This means that MYC can bind to many places in the DNA, but it specifically regulates certain genes more strongly, which is important for understanding how MYC drives cancer. This research helps reconcile the two main ideas about MYC's function and provides a tool to study how a globally binding transcription factor can lead to specific and functionally relevant gene expression patterns."
elife-67681-v3,"Researchers wanted to understand how the brain's neurons are affected by the parasite Toxoplasma gondii. They compared neurons infected with Toxoplasma (called TINs) to nearby neurons that were not infected. This study is the first of its kind for any brain-infecting microbe. The researchers found that TINs had significantly altered electrical activity, and their numbers dropped by about 90% eight weeks after infection, suggesting that these changes indicate an unhealthy state. The study also mapped the locations of TINs in the brain, finding that they were most common in the cortex and striatum, and relatively rare in the cerebellum. The cortex and striatum are large parts of the brain, so the high number of TINs in these areas might be due to their size. However, the cortex had a significantly higher concentration of TINs than expected based on its size, while the cerebellum had fewer. The researchers then looked at whether Toxoplasma specifically targets certain types of neurons. They found that about 5% of TINs in the cortex were inhibitory neurons marked by calbindin, but none were marked by parvalbumin. This suggests that Toxoplasma might preferentially affect certain types of neurons. The findings provide new insights into how Toxoplasma interacts with neurons and alters their function and survival in living organisms. This research is important because it helps us understand how brain infections can affect neural activity and potentially lead to neurological disorders."
elife-38198-v2,"The research paper investigates how specific proteins contribute to the positioning and movement of the spindle, a structure crucial for cell division, in the early embryo of the worm C. elegans. The spindle's proper positioning ensures that cells divide correctly, which is vital for the development of the organism.

The scientists used a technique called optogenetics to control the activity of these proteins with light. They focused on proteins like Gα, GPR-1/2, and LIN-5, which are involved in generating the forces needed to position the spindle. By manipulating these proteins, they could observe how the spindle's position and the outcome of cell division changed.

The study found that Gα and GPR-1/2 could be replaced with a light-inducible membrane anchor, showing their importance in spindle positioning. LIN-5 was essential for generating the forces needed for this process. The researchers also looked at the roles of RIC-8 and RGS-7, which regulate Gα signaling. They discovered that these proteins act independently or partially redundantly to regulate Gα, affecting spindle movement.

To better understand these proteins' functions, the scientists developed a method to express foreign sequences in the C. elegans germline, overcoming issues with gene silencing. This allowed them to implement the ePDZ–LOV system, which uses blue light to control protein localization. The system enabled precise, spatiotemporal control of protein activity, providing deeper insights into how these proteins work together to position the spindle during cell division."
elife-02996-v1,"The research paper investigates specific modifications of histone H3, a protein crucial for DNA packaging in cells. Histones can undergo various chemical changes, known as post-translational modifications (PTMs), which affect gene expression and cell function. The study focused on two forms of histone H3 found in the micro-nuclei of Tetrahymena, a single-celled organism. These forms are distinguished by their electrophoretic mobility—one being slow (H3S) and the other fast (H3F).

The researchers used advanced techniques like mass spectrometry to identify and quantify these modifications. They discovered that H3K23 methylation, a specific type of PTM, is highly enriched in the micro-nuclei during early meiosis, a process crucial for sexual reproduction. When this modification was disrupted, it led to developmental delays, mislocalization of DNA breaks, and reduced reproductive success.

The findings suggest that H3K23 methylation is a conserved and important PTM associated with meiosis. Misregulation of this modification can lead to problems in germ cell recombination and reproductive fitness. This research highlights the significance of understanding histone modifications in cellular processes and their potential impact on reproductive health."
elife-03145-v1,"The research paper discusses the structure and function of a protein complex called AcrB, which is part of a system that helps bacteria expel harmful substances. The study focuses on how AcrB works to recognize and transport drugs out of bacterial cells, a process crucial for antibiotic resistance. The researchers used advanced techniques to analyze the protein's structure and behavior, revealing that AcrB operates in three distinct states: loose, tight, and open. These states allow the protein to bind to drugs, transport them, and then release them outside the cell. The findings suggest that AcrB functions like a peristaltic pump, moving substances through a series of conformational changes. Understanding this mechanism is important for developing new strategies to combat antibiotic resistance in bacteria. The study also highlights the need for further research to fully understand how the protein harnesses energy from the cell's membrane to power drug efflux."
elife-62876-v2,"The research paper investigates the role of the KIF21B protein in regulating the organization and dynamics of microtubules (MTs) in T cells, which are crucial for the immune system. Previous studies have linked KIF21B to various neurological and immune-related disorders, such as multiple sclerosis and inflammatory conditions. The researchers created T cells that lacked KIF21B and observed defects in the formation of immune synapses, where T cells interact with other cells. These defects were rescued by reintroducing KIF21B, showing its importance. The study found that KIF21B helps control the growth and organization of microtubules, which are essential for proper cell polarization and function. When KIF21B is absent, microtubules become longer and disorganized, leading to slower and smaller immune synapses. The researchers also showed that increasing the frequency of microtubule catastrophes, a process where microtubules rapidly shrink, could partially restore normal cell function. Overall, the study highlights the critical role of KIF21B in maintaining proper microtubule dynamics, which is vital for T cell activation and immune response."
elife-19695-v1,"The researchers wanted to understand how brain activity fluctuates and how these fluctuations affect how the brain responds to stimuli. They developed a new computational model to simulate brain activity using recordings from multiple neurons. This model was able to capture the complex and chaotic patterns of brain activity seen in real recordings. Previous models had trouble capturing the coordinated, large-scale fluctuations that occur across many neurons. The researchers found that weak inhibition among neurons allows for these large-scale fluctuations, making the brain's responses more variable. In contrast, strong inhibition suppresses these fluctuations, making the brain's responses more reliable. They collected recordings from different species, sensory modalities, and behavioral states to ensure their findings were generalizable. The study provides insights into how the brain's internal dynamics influence its responses to external stimuli, which is crucial for understanding brain function and potential disorders."
elife-05166-v1,"The study focused on understanding how tuberculosis spreads in a high-prevalence area in Malawi over 15 years. Researchers used whole genome sequencing to track the disease's transmission by analyzing small differences in the DNA of tuberculosis bacteria. They found that transmission decreased over time and varied among different strains of the bacteria. The study identified clusters of patients with shared DNA patterns, suggesting recent transmission. By setting cut-offs at 5 and 10 single nucleotide polymorphisms (SNPs), they distinguished links between patients. The research showed that 66% of patients were part of clusters with at least one other patient, with cluster sizes ranging from 2 to 36 individuals. Different bacterial strains had varying tendencies to form clusters, with some strains more likely to be clustered and in larger groups. The findings highlight the importance of understanding transmission patterns to improve public health strategies in high-prevalence areas."
elife-36491-v1,"The research paper explores the differences between two closely related parasites, *Hammondia hammondi* and *Toxoplasma gondii*. These parasites are known to cause diseases in animals and humans, but they behave differently. The study aimed to understand why these differences exist and how they might affect the parasites' ability to cause disease.

The researchers successfully grew *Hammondia hammondi* in lab conditions and in mice, during a predictable window of infectivity and replication. They also created the first genetically modified *Hammondia hammondi*, which opens the door for future genetic studies on this poorly understood parasite. The data provides insights into how virulence and pathogenicity have evolved in *Toxoplasma gondii* through comparisons with its closest relative.

The study found that *Hammondia hammondi* is resistant to alkaline pH-induced tissue cyst formation and determined that the *Hammondia hammondi* transcriptome is refractory to alkaline pH exposure. This means that *Hammondia hammondi* exists as a unique zoite life stage and follows a developmental path distinct from the canonical tachyzoite and bradyzoite life stages described for *Toxoplasma gondii*.

The researchers also identified sensitivity to external stressors as a likely contributor to the intriguing developmental and virulence differences between *Toxoplasma gondii* and *Hammondia hammondi*. This finding suggests that these differences may have a direct impact on *Toxoplasma gondii*'s ability to cause disease in immunocompromised humans and may also underlie its extensive host and geographic range.

Overall, the study highlights the importance of understanding parasite replication and development in determining differences in virulence between species. This knowledge could lead to better strategies for controlling and treating diseases caused by these parasites."
elife-16349-v1,"The research explores how a specific protein, AMPK, influences the behavior of a small worm called C. elegans when it is hungry. AMPK is known to play a role in regulating energy levels in cells and has been linked to feeding behaviors in higher animals. The study used genetic techniques to manipulate AMPK in C. elegans, which is an ideal model due to its simple neural circuits and ease of genetic manipulation. The researchers found that AMPK acts as a molecular switch in the nervous system, modulating neural activity through two distinct mechanisms. This modulation ensures that the worm exhibits appropriate foraging behaviors during starvation. Specifically, AMPK regulates the activity of certain neurons involved in food and odor-evoked behaviors. When AMPK is removed, the worms show defective distant exploration behaviors, indicating that AMPK is crucial for triggering adaptive foraging responses to energy stress. The findings suggest that AMPK is a key player in the neural circuits that control hunger-driven behaviors, providing insights into how organisms adapt to changes in their environment."
elife-53895-v3,"The research paper investigates how certain molecules, specifically R-spondins, influence the development and maintenance of kidney progenitor cells in mice. These progenitor cells are crucial for forming the functional units of the kidney, known as nephrons. The study found that R-spondin 1 and R-spondin 3 are essential for maintaining a pool of kidney progenitor cells throughout development. They support the cells' ability to proliferate and prevent their programmed cell death, or apoptosis. The researchers also discovered that strong R-spondin signaling is necessary for these progenitor cells to differentiate into mature nephrons. This process involves a complex signaling pathway, primarily mediated by the Wnt/β-catenin pathway, which is crucial for organ development. The study used genetic techniques to delete R-spondin 1 and R-spondin 3 in mice at different developmental stages and observed severe kidney abnormalities, including a significant reduction in nephron formation. This indicates that R-spondins play a critical role in kidney development by regulating the balance between cell proliferation and differentiation. Understanding these mechanisms is important for developing treatments for kidney diseases and regenerative medicine."
elife-51015-v1,"Malaria is a serious disease spread by mosquitoes, and one of the main ways to fight it is with drugs. However, mosquitoes can develop resistance to these drugs, making them less effective. In Southeast Asia, a specific genetic change in the malaria parasite, known as the pfk13 C580Y mutation, has become very common and is a major concern. South America, particularly the Guiana Shield region, is also a hotspot for drug resistance. This region includes countries like Guyana, Suriname, and parts of Brazil, and it has extensive mining activities that increase the risk of malaria transmission. Mining leads to more people moving around and using malaria drugs incorrectly, which can promote drug resistance. In 2010, some malaria samples in Guyana showed the pfk13 C580Y mutation, but it was unclear if this mutation was causing resistance or if it was still present in 2016-2017. Researchers collected and analyzed malaria samples from different regions of Guyana between 2016 and 2017. They found that the pfk13 C580Y mutation was still present in about 1.6% of the samples, mainly in one specific region. Further genetic analysis showed that this mutation arose independently in Guyana and has persisted in a single genetic lineage. This suggests that the genetic background of the parasite might play a significant role in the emergence and persistence of drug resistance in Guyana, similar to what has been observed in Southeast Asia. Understanding this can help in developing better strategies to combat drug-resistant malaria."
elife-19993-v3,"Researchers have been studying the reproductive biology of mice for over 20 years, using specific antibodies to distinguish germ cells from somatic cells. Germ cells are the cells that give rise to eggs and sperm, while somatic cells make up the rest of the body. The antibodies used, GCNA1 and TRA98, have been crucial in this research, but the exact proteins they recognize have remained unknown until now. The study identified a single, previously unannotated protein in mice that both antibodies recognize. This protein, named GCNA, is specifically expressed in germ cells after they enter the developing gonad. It is involved in the process of meiosis, which is the type of cell division that produces gametes (eggs and sperm). The protein is characterized by its acidic and repetitive nature, and it coats condensed chromosomes during meiotic prophase. This discovery helps to better understand the molecular mechanisms underlying germ cell development and meiosis in mammals, which is fundamental for reproductive biology and potential applications in fertility treatments and genetic research."
elife-07253-v2,"The research paper discusses the discovery of a new family of proteins involved in the transfer of lipids, specifically sterols, within cells. The study focuses on proteins called STAR-like proteins, which are distantly related to known lipid transfer proteins (LTPs). The researchers identified six STAR-like proteins in yeast and three in humans, all containing domains that bind sterols. These proteins are anchored in the endoplasmic reticulum (ER) at contact sites with the plasma membrane (PM), allowing them to transfer sterols between these cellular compartments. The study found that the loss of these proteins reduces the rate of sterol transfer from the PM to the ER, indicating their role in this process. The researchers used advanced tools to identify these proteins and their relationships, contributing to the understanding of lipid transport mechanisms in cells. This discovery is significant because it sheds light on how cells manage lipid distribution, which is crucial for various cellular functions and overall health."
elife-28862-v1,"Researchers wanted to understand the role of chloride in the function of lysosomes, which are small structures inside cells that help break down waste. Lysosomes need to be acidic to work properly, and chloride is thought to play a part in maintaining this acidity. However, chloride levels inside living cells had never been directly measured before. The researchers developed a tool called Clensor, which uses DNA technology to measure chloride levels in real time. They used Clensor to create maps of chloride levels inside lysosomes in living worms. They found that lysosomes have higher chloride levels than the rest of the cell, and that reducing chloride levels in lysosomes affects their ability to break down waste. This suggests that chloride is crucial for lysosome function. The study provides new insights into how lysosomes work and could help in understanding diseases caused by lysosome dysfunction, such as certain genetic disorders."
elife-55053-v1,"Researchers investigated a condition called APS1, which affects various parts of the body and is caused by the immune system attacking its own tissues. They used a method called PhIP-Seq to identify new targets of the immune system in people with APS1. This method involves using viruses to display pieces of proteins and then seeing which pieces the immune system reacts to. They found several new protein targets that the immune system attacks in APS1, some of which are specific to certain tissues like the intestines, ovaries, and teeth. These findings could help explain some of the less understood symptoms of APS1 and may lead to new ways to diagnose and treat the condition. The study also showed that PhIP-Seq can be a powerful tool for discovering new targets of the immune system in autoimmune diseases."
elife-44558-v2,"The research paper explores how plants regulate their internal clocks, which control daily cycles like sleep and wakefulness. The study focuses on a specific type of protein called E3 ubiquitin ligases, which play a crucial role in this process. These proteins help break down other proteins by tagging them for destruction. The researchers faced challenges due to the large number of similar genes in plants, making it hard to identify which ones are important for the clock. To overcome this, they developed a ""decoy"" approach. They created versions of these proteins that could bind to their targets but couldn't tag them for destruction. This allowed them to stabilize the target proteins and study their interactions. Using this method, they identified several new genes that regulate the plant's circadian clock. The study not only discovered new genes but also provided tools for future research, helping scientists better understand how plants manage their daily rhythms. This knowledge could be useful for improving crop yields and adapting plants to changing environments."
elife-55692-v1,"The research paper investigates how a new anti-tuberculosis (TB) drug, bedaquiline (BDQ), affects the immune response in human cells infected with Mycobacterium tuberculosis (MTB). TB is a significant global health threat due to increasing antibiotic resistance, making it harder to treat. Understanding how BDQ interacts with the immune system is crucial for improving treatment effectiveness and reducing side effects.

The study focused on macrophages, which are primary targets of MTB. These cells play a key role in fighting TB by forming structures called granulomas and presenting bacterial antigens to other immune cells. BDQ specifically targets a part of the bacterial ATP synthase, reducing intracellular ATP levels without significantly affecting human cells.

Researchers treated human macrophages with BDQ and analyzed changes in gene expression using RNA sequencing. They found that BDQ affected the expression of 579 genes in uninfected macrophages, with 186 genes upregulated and 393 downregulated. These genes were related to lysosome function, phagocytic vesicle membrane, vacuolar lumen, hydrolase activity, and lipid homeostasis.

In MTB-infected macrophages, BDQ affected the expression of 1,495 genes, with 499 upregulated and 996 downregulated. This indicates that MTB infection induces extensive changes in the cell's gene expression, and BDQ further modulates these changes. The differentially expressed genes were enriched in pathways related to the endoplasmic reticulum-Golgi intermediate compartment, membrane raft, and cellular protein metabolic processes.

The study also examined metabolic pathways affected by BDQ treatment using the Seahorse Extracellular Flux Analyzer. This tool measures the rate of proton accumulation during glycolysis, helping to distinguish between basal glycolysis, induced glycolytic capacity, and non-glycolytic acidification.

Overall, the research provides insights into how BDQ modulates the immune response in MTB-infected macrophages, which could help in developing more effective TB treatments with fewer side effects."
elife-23130-v4,"The research paper investigates how male fruit flies balance sleep and courtship behavior when in the presence of females. The study found that a small group of neurons, named MS1, plays a crucial role in regulating this balance. Activating these neurons reduces sleep specifically in males, while silencing them decreases female-induced sleep loss and impairs mating behavior. The MS1 neurons interact with a larger neural circuit controlled by the FRU transcription factor, which is involved in courtship behavior. The researchers measured sleep in different social settings, finding that males paired with females slept less, especially at night, compared to males paired with other males. This sleep loss was not simply due to the presence of another fly but was driven by the male's sexual drive. The study also showed that sexually satiated males did not exhibit sleep loss when paired with females, confirming that the sleep reduction is linked to sexual arousal. Overall, the findings suggest that male fruit flies have mechanisms to suppress sleep in favor of courtship when females are present, highlighting the complex interplay between sleep and reproductive behavior."
elife-02798-v1,"The research explored how visual stimulation during movement affects the recovery of visual responses in mice after a period of visual deprivation. The study is important because it helps understand how the brain adapts to changes in visual input, which can inform treatments for vision-related issues. The researchers used mice that were deprived of vision in one eye and then exposed them to visual stimulation while running on a treadmill. They compared these mice to others that either ran without visual stimulation or were kept in a cage with visual stimulation but no running. The findings showed that mice exposed to visual stimulation while running recovered their visual responses much faster than the other groups. This suggests that combining visual input with physical activity enhances the brain's ability to recover from visual deprivation. The results highlight the potential benefits of integrating visual training with physical exercise for improving vision."
elife-16269-v3,"The research paper discusses how certain proteins, specifically TRIM5 proteins, interact with the outer shells (capsids) of viruses like HIV-1. These capsids are made up of many protein units and can vary in shape and size, making it challenging for TRIM5 proteins to recognize and bind to them effectively. The study proposes that TRIM5 proteins recognize patterns on the capsid surface and assemble into hexagonal lattices to interact with these patterns. To test this, the researchers created a specific TRIM5 protein construct called TRIM5-21R, which retains the ability to restrict HIV-1. They used advanced imaging techniques to visualize how TRIM5-21R assembles on the capsid surface. The findings support the idea that TRIM5 proteins form hexagonal arrays on the capsid, with specific domains positioned at the edges of these hexagons. This research helps understand how TRIM5 proteins recognize and restrict viral infections, potentially leading to new strategies for combating viruses like HIV-1."
elife-59709-v2,"Alcohol consumption can lead to long-term changes in behavior and stress responses. Researchers studied mice that were given intermittent access to alcohol, leading them to drink heavily. After a period of abstinence, these mice showed reduced stress responses when exposed to a predator odor compared to mice that drank water. Specifically, alcohol-drinking mice spent more time near the predator odor and showed less burying behavior, which is a typical stress response. The study also found that a drug blocking the dynorphin/kappa opioid receptor system could reverse these changes, suggesting that this system plays a role in the long-term effects of alcohol on stress behavior. The researchers identified increased activity in a brain region called the bed nucleus of the stria terminalis (BNST) in alcohol-drinking mice when exposed to stress, indicating that this brain area is involved in the altered stress responses. This research highlights potential targets for treating alcohol-related stress and anxiety disorders."
elife-14137-v1,"Researchers developed a new type of drug called a substrate-selective COX-2 inhibitor, which targets specific enzymes involved in inflammation and pain. They wanted to see if these drugs could help with stress-related mood and anxiety disorders. Stress is a major factor in developing these conditions, so the researchers tested the drugs on mice exposed to stress. They found that these new drugs, along with two other commonly used COX-2 inhibitors, reduced anxiety-like behaviors in stressed mice. The new drug also showed a slight reduction in anxiety in non-stressed mice. This suggests that COX-2 inhibitors, particularly the new substrate-selective type, have potential as treatments for stress-related mental health issues. The findings highlight the importance of understanding how these drugs work at the molecular level to develop more effective therapies."
elife-00792-v1,"The research paper investigates the structure of injectisomes, which are molecular machines used by certain bacteria to inject toxins into host cells. These injectisomes are found in bacteria like Yersinia enterocolitica and Shigella flexneri, which can cause diseases in humans. The study aims to understand how these injectisomes are built and how they function within the bacterial cell membrane. Researchers used advanced imaging techniques, such as cryo-electron tomography, to visualize the injectisomes at a very high resolution. They found that the injectisomes have a barrel-shaped structure that spans the bacterial outer membrane and extends into the periplasmic space. This structure is made up of several proteins that form rings and connect to the inner membrane. The study also revealed that the injectisomes can adapt their length to variations in the distance between the bacterial inner and outer membranes. This flexibility is crucial for the injectisomes to function effectively. The findings provide important insights into how these bacterial machines are assembled and how they might be targeted for the development of new treatments against bacterial infections."
elife-10719-v1,"The research paper discusses how the brain processes rewards and memories, focusing on a specific brain structure called the mushroom body (MB). The MB is crucial for associating rewards with odors, a process essential for memory formation. The study identifies a recurrent reward circuit involving specific neurons (PAM-α1 and MBON-α1) that play a key role in forming and consolidating appetitive long-term memories (LTM). These neurons communicate closely, with PAM-α1 delivering reward signals and MBON-α1 receiving inputs from the MB. The research provides insights into the neural mechanisms underlying memory formation, particularly how a single presentation of a reward can trigger LTM. By understanding this circuit, scientists hope to gain a broader understanding of how memories are formed and consolidated in the brain."
elife-17903-v3,"The research paper explores how a specific mutation in histones, which are proteins that help package DNA, affects gene expression and cell growth. Histones can be modified by adding chemical groups like methyl, which changes how genes are read and expressed. The study focuses on a mutation called K-to-M, which replaces a lysine with a methionine in histone H3. This mutation blocks the addition of methyl groups to lysine 9 on histone H3, a process crucial for gene silencing and heterochromatin formation, which is a tightly packed form of DNA that is typically not expressed. The researchers used a simple model organism, the fission yeast, which has a straightforward genetic system compared to mammals. They found that introducing the K-to-M mutation in any of the three histone H3 genes led to similar effects as losing the enzyme that adds methyl groups to lysine 9, even though two other wild-type histone H3 genes were present. This suggests that the mutation specifically interferes with the methylation process. The study provides detailed insights into how the K-to-M mutation regulates histone methylation levels and affects gene expression, contributing to our understanding of epigenetic mechanisms that control gene activity."
elife-51581-v1,"The research paper discusses the differences in bone growth and structure between mammals, birds, and amphibians, focusing on the growth plates in long bones. In mammals and birds, these growth plates have organized columns of cartilage cells that help in the elongation of bones. Special factors like VEGF trigger the formation of blood vessels and the replacement of cartilage with bone. This process results in a structured network of bone tissue. In contrast, amphibians like frogs have a different bone growth process. Their growth plates lack the organized columns seen in mammals and birds. Instead, bone formation occurs in a more scattered manner, leading to a less structured bone network. The paper also notes that in amphibians, the bone marrow's role in blood cell production is limited compared to mammals. The study highlights the unique adaptations in bone growth and structure across different animal groups, suggesting that the amphibian model might not be directly comparable to the mammalian or avian models for understanding bone elongation and marrow function. This research is important for understanding how different animals have evolved to meet their specific needs, such as jumping or swimming, and how their bone structures support these activities."
elife-18554-v1,"The research paper discusses a study involving a participant named T6, a 51-year-old woman diagnosed with ALS, who used a brain-computer interface (BCI) to type messages. The study aimed to evaluate the practical use of this interface in real-world conversations. T6 was prompted with questions and asked to formulate responses at her own pace. She used a specialized keyboard layout designed to minimize cursor travel distance while typing English text. Over three days of testing, T6 achieved an average typing rate of 24.4 correct characters per minute. This rate is notable as it represents the highest typing speed recorded for a person with a physical disability using a BCI. The study also included copy typing assessments with three participants, including T6, to measure peak performance. The findings demonstrate the potential of BCIs to enhance communication for individuals with severe motor impairments, highlighting the importance of real-world applications in evaluating these technologies."
elife-14985-v5,"The study investigated how different types of neurons in the visual cortex of mice respond to movement while the mice are awake and either in darkness or exposed to visual stimuli. The researchers used a technique called two-photon calcium imaging to observe the activity of excitatory and inhibitory neurons in specific layers of the visual cortex. They found that during visual stimulation, three types of inhibitory neurons—VIP, SST, and PV—all increased their activity with movement, challenging the previous idea that only SST neurons mediate this response. The study also revealed that movement affects the activity of these neurons differently in darkness compared to during visual stimulation, showing a context-dependent response. The highest proportion of context-dependent responses was found among SST neurons, which play a central role in visual cortex microcircuits. The findings suggest that the way movement modulates neural activity in the visual cortex is dynamic and strongly depends on the behavioral context of the animal. This research highlights the complexity of how the brain processes information based on different environmental conditions."
elife-32481-v2,"Researchers studied a specific type of channel in human cells called KATP channels, which play a crucial role in regulating insulin secretion in pancreatic beta cells. These channels are made up of two main components: SUR1 and Kir6.2. The study focused on creating a functional human KATP channel by fusing SUR1 and Kir6.2 using a specific linker. The researchers then used advanced imaging techniques to observe the structure of this channel in two different forms: the propeller form and the quatrefol form. They found that both forms have well-defined structures, but the quatrefol form has a higher resolution, allowing them to identify specific molecules bound to the channel. The study confirmed that the fusion construct is functional and sensitive to nucleotides, which are essential for the channel's activity. This research provides valuable insights into the structure and function of KATP channels, which are important for understanding and treating diabetes."
elife-00333-v1,"The research paper investigates how the influenza virus fuses with host cells, a crucial step in infection. The study focuses on the hemagglutinin (HA) protein, which undergoes structural changes to facilitate fusion. When the virus encounters a low pH environment, such as inside an endosome, the HA protein releases a fusion peptide that inserts into the target membrane. This process involves several steps, including the extension and folding back of the HA protein, leading to membrane merger and the formation of a continuous channel. The researchers used real-time imaging to observe individual influenza viruses fusing with planar bilayers, revealing that the release of the fusion peptide is a rate-limiting step. They found that the engagement of fusion peptides from multiple HA trimers within a larger virus-target membrane interface leads to cooperative rearrangements that rapidly induce membrane merger. This study provides detailed insights into the fusion mechanism, which is essential for understanding how the influenza virus infects cells and could aid in developing more effective antiviral treatments."
elife-05154-v1,"Humans do not engage in overt sampling and investigation of specific chemicals from others, unlike many other mammals. However, humans do process social chemical signals, often through behaviors like hugging and kissing. The researchers wanted to know if handshaking, a common behavior across cultures, could be a way for humans to subtly sample these chemical signals. They tested this by using gas chromatography-mass spectrometry to analyze surgical nitrile gloves before and after a handshake with 10 individuals. The results showed that several compounds, including squalene, hexadecanoic acid, and geranyl acetone, were effectively transferred through handshaking. These compounds are known to be involved in social chemical signaling in other species. The study also involved a structured experiment where subjects were greeted with or without a handshake, and their facial touching and sniffing behaviors were observed. The findings suggest that handshaking might indeed serve as a mechanism for humans to sample social chemical signals, although more research is needed to confirm this. This research highlights the potential for handshaking to play a role in human social interactions beyond just a greeting gesture."
elife-52168-v3,"The research paper investigates how the human cytomegalovirus (HCMV) affects immune cells, specifically monocytes, during latent infection. Previous studies have shown that HCMV can alter the behavior of these cells, but the exact mechanisms and effects remain unclear. The researchers used single-cell RNA sequencing (scRNA-seq) to analyze the gene expression in infected cells, focusing on how the virus interacts with the host's immune response. They identified two cell surface markers, MHC II and its chaperone CD74, which are inversely correlated with viral transcript levels. Cells with higher viral activity showed lower expression of these markers and a weaker immune response, suggesting that HCMV can suppress the immune system to maintain its presence. The study also revealed that the virus's gene expression decreases over time in culture, likely due to continuous repression of the viral genome. Overall, the findings highlight the complex interplay between HCMV and the host's immune cells, providing insights into how the virus establishes and maintains latent infection. This research is important for understanding viral strategies and developing targeted therapies to combat HCMV infections."
elife-08996-v2,"The research paper discusses the role of a protein called HIF-3α in zebrafish, focusing on a newly identified variant called HIF-3α2. HIF-3α proteins are known to help cells respond to low oxygen levels, but they also have other functions that are not fully understood. The study found that HIF-3α2 is different from the full-length HIF-3α because it lacks certain parts but still has the ability to activate genes. The researchers used advanced techniques to study HIF-3α2 in living zebrafish and found that it inhibits a key signaling pathway called Wnt, which is crucial for development and cell function. This inhibition is independent of HIF-3α2's ability to activate genes and is evolutionarily conserved. The study also identified the timing and locations where HIF-3α2 is active during zebrafish development and in adult tissues. Understanding these processes can provide insights into how cells adapt to different conditions and may help in developing treatments for diseases related to oxygen deprivation and abnormal cell growth."
elife-49826-v1,"Scientists wanted to understand how moths detect pheromones, which are chemical signals used for mating. They focused on a specific moth species, Spodoptera littoralis, and identified a receptor called SlitOR5 that is highly active in male moths' antennae. This receptor is crucial for detecting the main pheromone component that triggers male moths to seek mates. The researchers used various methods, including genetic editing, to confirm that SlitOR5 is indeed the receptor for this pheromone. They found that when this receptor is disrupted, male moths lose their ability to detect the pheromone and exhibit mating behaviors. This discovery provides new insights into the evolution of pheromone detection in moths and could help in developing more effective pest control methods."
elife-03164-v1,"The research paper investigates the role of a specific protein, eEF1A1, in the body's response to heat stress. When cells are exposed to high temperatures, they produce heat shock proteins (HSPs) to protect themselves. The study found that eEF1A1 is crucial for the production of HSP70, a key heat shock protein. By reducing the amount of eEF1A1 in cells, the researchers observed a significant decrease in HSP70 production and the cells' ability to tolerate heat. This indicates that eEF1A1 plays a vital role in helping cells cope with heat stress. The findings suggest that targeting eEF1A1 could be a potential strategy for enhancing cellular resilience to stress, which could have implications for various medical conditions and treatments."
elife-61288-v2,"The research paper discusses a new tool called Artistoo, which is built entirely in JavaScript. Traditionally, JavaScript has been considered too slow for running complex simulations, but recent improvements by major tech companies have made it much faster. Artistoo allows users to create and share simulations directly in a web browser without needing to install any software. This makes it easy for students, collaborators, and reviewers to access and interact with the simulations in real-time. The tool is open-source and available on GitHub, encouraging contributions from the community. The paper highlights how Artistoo can complement existing modeling frameworks by enabling zero-install, web-based simulations. This is particularly useful in the context of open science, where sharing and communicating research outputs is crucial. The authors demonstrate that Artistoo's performance is comparable to existing frameworks in C++, making it a viable option for interactive simulations. They also discuss the potential for Artistoo to open up new avenues for sharing and communicating computational models to a broader audience."
elife-07247-v2,"The study focused on understanding how genetic material in mitochondria, the powerhouses of cells, can recombine and be selected for in fruit flies. Mitochondrial genomes are small and can change quickly, making them hard to track. The researchers wanted to see if rare recombination events, where genetic material is exchanged between different mitochondrial genomes, could be detected and selected for.

To do this, they created fruit fly lines with different mitochondrial genomes and used specific conditions to favor certain combinations. They found that under high-temperature conditions, a temperature-sensitive mitochondrial genome could outcompete another genome that was initially more robust. This suggested that recombination had occurred, producing a new genome that was better suited to the conditions.

The study also showed that selecting for these rare recombination events can have significant benefits, even if they are infrequent. This research provides a method to detect and study mitochondrial recombination, which is crucial for understanding how these genomes evolve and adapt. The findings highlight the importance of recombination in generating genetic diversity and adapting to environmental changes."
elife-33099-v2,"The research paper explores how certain genes in bacteria are expressed over time, particularly focusing on two genes, sucC and alsS, which play roles in the production of acetate and acetoin. The study used advanced microscopy techniques to observe individual cells growing in a controlled environment. Most genes showed consistent expression levels, but sucC and alsS were more variable. The researchers found that sucC expression peaked during the mid-to-late growth phase, coinciding with acetate production. In contrast, alsS expression increased when acetate levels decreased and acetoin levels rose. To understand these dynamics better, the team sorted cells based on sucC expression and analyzed their genetic profiles. They discovered that cells with high sucC expression also had elevated levels of genes related to genetic competence, a state where bacteria can take up DNA from their environment. Further experiments showed that deleting a key gene in the competence system reduced both sucC expression and acetate production. This suggests that the competence system not only prepares bacteria for DNA uptake but also regulates their metabolic state, influencing how they produce and manage acetate. The findings highlight the complex interplay between gene expression, metabolic processes, and the competence state in bacteria, offering insights into how these microorganisms adapt to their environment."
elife-72619-v2,"The study investigated how T cells, a type of immune cell, respond to COVID-19 vaccines and previous infections. T cells are crucial for fighting infections, and understanding their behavior is important for developing effective vaccines. The researchers collected blood samples from 11 individuals who had received mRNA vaccines, some of whom had previously recovered from COVID-19. They analyzed the T cells' responses to different parts of the virus, including variants like Delta and Beta. The findings showed that vaccine-induced T cells recognize both the original virus and its variants equally well. However, the response of T cells in individuals who had previously been infected and then vaccinated was more complex. Some individuals showed a strong initial response that decreased after the second vaccine dose, while others had a weak overall response. This suggests that prior infection can influence how T cells react to vaccination. The study highlights the importance of understanding individual immune responses to optimize vaccine strategies, especially for those who have already been infected with COVID-19."
elife-48051-v2,"Researchers wanted to understand the types of immune cells present in brain lesions caused by multiple sclerosis (MS) and how these cells contribute to nerve damage. Traditional methods for studying these cells are limited because they can only analyze a small number of cells at a time. To overcome this, the researchers used a new technique called imaging mass cytometry (IMC), which allows them to detect dozens of markers on a single tissue section simultaneously. This method measures the abundance of metal isotopes tagged to antibodies and indexes them against their source location. The study focused on a patient with severe MS who had stopped responding to a specific treatment. The highly inflammatory nature of the lesions in this patient's brain made it an ideal case for testing various analyses related to nerve inflammation. The data collected suggests that IMC, when combined with existing imaging techniques, can significantly advance our understanding of the inflammatory response and tissue injury in the MS brain. The researchers performed two separate IMC runs on the same patient and control tissue. The first run validated their panel and approach, while the second run evaluated the composition of immune cells across different types of lesions and sub-lesional areas. The study found that IMC reproduced staining patterns that agreed with those produced using the more standard immunofluorescence method in an NTZ-rebound brain tissue. Additionally, the researchers assessed the target specificity of metal-tagged antibodies by staining for proteins expected to be co-expressed by cells or whose cellular expression is expected to be mutually exclusive. The IMC imaging of the edge of an active demyelinating lesion identified CD3+CD45+ T cells and CD3-CD45+ leukocytes other than T cells. The co-expression of CD68 in CD3-CD45+ cells identified these as microglia/macrophages. Since antibodies directed to the B cell-restricted lineage markers CD19 and CD20 were sub-optimal on their brain tissues, the researchers relied instead on antibodies that detect the two allelic variants of the immunoglobulin light chain (κ/"
elife-16691-v2,"When cells experience stress, they can remember this event and respond more quickly to future stress. This phenomenon, known as transcriptional memory, is crucial for understanding how organisms adapt to their environments. Researchers studied the INO1 gene in yeast to understand how this memory works. They found that when yeast cells experience salt stress, the INO1 gene is marked with a specific chemical tag (H3K4 dimethylation) and binds to a protein complex (RNA polymerase II). This process is controlled by a DNA sequence called the MRS zip code. Mutations in this sequence disrupt the memory, preventing the gene from being quickly reactivated. The study also showed that this memory mechanism is conserved in other organisms, including humans, where similar processes occur in response to stress. The findings suggest that transcriptional memory is a general and conserved mechanism that helps cells respond more efficiently to repeated stress, enhancing their survival and adaptation."
elife-01273-v1,"The research paper investigates how people who have lost a hand adapt to using their remaining hand and any prosthetic devices. The study compares individuals who were born with one hand (congenital) to those who lost a hand later in life (acquired). The main question is how these two groups differ in their reliance on their intact hand and their use of prosthetic limbs.

The study found that people who acquired hand loss later in life rely more on their intact hand compared to those born with one hand. This was shown through higher scores in lateralization, which measures the preference for using the intact hand. Additionally, the congenital group reported using their residual arm more frequently in daily activities than the acquired group. The research also used brain scans to show that the congenital group had increased brain activity related to their residual arm, while the acquired group showed more activity related to their intact hand.

These findings highlight the different adaptive strategies people use based on when they lost their hand. Understanding these differences can help in developing better rehabilitation programs and prosthetic devices tailored to each group's needs. This research is important because it sheds light on how the brain and behavior adapt to significant physical changes, which can inform medical and therapeutic practices."
elife-21992-v3,"The research paper explores the role of a specific gene, sphk2, in the early development of zebrafish embryos. The study focuses on how this gene affects the movement and organization of cells during a critical stage called gastrulation, which is essential for forming the basic body structure.

The researchers created mutant zebrafish embryos lacking the sphk2 gene and observed that these embryos had delayed development and accumulated high levels of a substance called sphingosine. Despite this, the embryos eventually recovered and developed normally, except for some defects in the heart and endoderm, which is the inner layer of cells.

The study also found that treating normal embryos with high levels of sphingosine or inhibitors of sphingosine kinase caused developmental failures, particularly during a process called epiboly, where cells move to cover the yolk. However, the sphk2 mutant embryos were resistant to these treatments and continued to develop normally until later stages.

The researchers concluded that while sphingosine accumulation is usually harmful to embryonic development, sphk2 mutant embryos have a mechanism to tolerate and eventually overcome this issue. This mechanism involves the upregulation of a specific enzyme, CerS, which helps to convert sphingosine into ceramides, reducing its toxic effects.

Overall, the study provides insights into the complex processes involved in early embryonic development and the role of sphingosine metabolism in ensuring proper cell movement and organization."
elife-60474-v2,"The research explores how hybrid organisms, which are the offspring of different species, accumulate and manage transposable elements (TEs) in their genomes. TEs are segments of DNA that can move around within the genome, sometimes causing mutations. The study focuses on the yeast species Saccharomyces paradoxus, which has a complex history of hybridization in North America. The researchers wanted to understand how hybridization affects the behavior of TEs in natural populations.

The study found that hybridization does not necessarily lead to the reactivation of TEs. Instead, factors like population structure and the genetic makeup of individual hybrids play a significant role in determining TE content in hybrid genomes. The researchers used both population genomic data and laboratory experiments to reach these conclusions. This work helps to understand the evolutionary dynamics of TEs in hybrid species and how they might contribute to genetic diversity and adaptation."
elife-04599-v3,"The research paper investigates how different proteins affect the growth and behavior of actin filaments, which are crucial components in cell movement and structure. Actin filaments are dynamic structures that can grow and shrink, and their behavior is influenced by various proteins that bind to them. The study used a technique called TIRF microscopy to observe the growth of individual actin filaments in real-time. The researchers focused on three cross-linking proteins and one motor protein, which are known to interact with actin filaments. They found that the growth rate of the filaments varied depending on the specific protein attached to their sides. For instance, the protein VASP promoted the fastest growth, while α-actinin resulted in the slowest growth. This research helps to understand how cells control the dynamics of actin filaments, which is essential for processes like cell movement and the maintenance of cell shape. The findings suggest that different proteins can significantly alter the behavior of actin filaments, providing insights into the complex regulation of cellular structures."
elife-09960-v2,"The research paper discusses the hippocampus, a part of the brain crucial for memory and navigation. While there have been many studies on the hippocampus, scientists have struggled to integrate all the findings into a coherent understanding of how it works. The hippocampus is involved in storing and retrieving memories, as well as spatial representation and navigation. Various theories have been proposed to connect these functions to the hippocampus's structure, rhythm, and synaptic plasticity. However, current models do not fully account for all the available data on different neuron types and their properties. To address this, the researchers conducted a large-scale literature review to create a comprehensive knowledge base of neuron types in the rodent hippocampus. They analyzed thousands of peer-reviewed publications to identify key neuron properties suitable for classification. A cornerstone of this approach was the distribution of axons and dendrites across different areas and layers of the hippocampus. By systematically mining published data on axonal and dendritic profiles, augmented with information on neurotransmitters and synaptic specificity, they tentatively defined over 100 distinct neuron types. This initial identification of ""morphological"" types allowed for the unambiguous incorporation of existing molecular and electrophysiological data into the knowledge base. Other features, such as developmental origin, firing dynamics, synaptic properties, neuron counts, and connectivity ratios, are progressively being integrated into the same classification framework. The researchers also developed Hippocampome.org, a publicly accessible web portal to browse and query the data, with direct links to specific evidence in the scientific literature. Information summaries are available for each neuron type, anatomical parcel, molecular marker, and cited author. Searching for combined morphological, molecular, and electrophysiological properties returns lists of all known neuron types with those features. These functionalities, coupled with the knowledge base's comprehensiveness and inter-relatedness, reveal novel insights into neuron types, their properties, and circuit connectivity, which are impractical or impossible to derive from traditional literature searches. The paper aims to provide a clear description of both the conceptual foundation and practical utility of Hipp"
elife-16843-v1,"The research paper explores how organisms, specifically fruit flies, make decisions about what to eat based on their nutritional needs. The study focuses on the role of the brain chemical serotonin in influencing these food choices, particularly the preference for protein. The researchers found that after a period of mild starvation, both male and female flies preferred a diet supplemented with protein over a sugar-only diet. This preference persisted for over a day and increased with longer periods of food deprivation. Interestingly, the flies' choices were not based on caloric content, as they still preferred a low-protein diet over an isocaloric sugar diet. The study also showed that flies with higher overall feeding times were more likely to choose protein-rich food first and maintained a stronger preference for protein throughout the experiment. These findings suggest that the brain's serotonin signaling plays a crucial role in evaluating the nutritional value of food and making dietary choices that balance the body's needs, independent of caloric intake. This research highlights the complex mechanisms underlying nutritional decision-making and how they can influence aging and overall health."
elife-37443-v3,"The research paper explores how the cerebellum, a part of the brain, learns sequences of movements. The cerebellum is crucial for coordinating movements and learning new motor skills. The study aimed to understand how the cerebellum can learn to chain together different movements in a sequence.

The researchers used a method called eyelid conditioning, where rabbits were trained to respond to a specific stimulus with a sequence of eyelid movements. They found that the cerebellum can learn to link these movements together using feedback signals from the first movement as a cue for the next. This means that the cerebellum can use the completion of one movement to trigger the start of the next in a sequence.

The study involved training rabbits with electrical stimulation of specific brain fibers. The rabbits successfully learned to produce a sequence of eyelid responses, demonstrating that the cerebellum can use feedback from one movement to learn the next. This finding provides a general framework for understanding how the cerebellum coordinates complex movements by chaining together simpler ones.

The results show that the cerebellum's ability to learn sequences is robust and can be applied to different types of movements, including those involving the same or different muscle groups. This research helps to explain how the brain learns and coordinates complex motor skills, which is important for understanding and treating movement disorders."
elife-00481-v1,"The research paper investigates how mast cells (MCs) interact with blood vessels during Dengue virus (DENV) infection and the harmful effects this interaction might have. The study began by visually examining the interactions between MCs and blood vessels in mouse ear tissues infected with DENV. The researchers used transmission electron microscopy (TEM) to observe these interactions 24 hours after injecting the mice with either saline (as a control) or DENV. They found that in the control group, the MCs were inactive and located near densely packed blood vessels. However, in the DENV-infected tissues, the MCs were activated and showed signs of degranulation, where they release granules. Additionally, there was evidence of fluid pooling or edema around the blood vessels, indicating vascular leakage.

The researchers then validated the use of an immunocompetent animal model to study the role of MCs in DENV-induced vascular leakage. They optimized a system to infect wild-type (WT) mice with DENV and monitored the mice for signs of vascular events and productive DENV replication over five days. The study found that infected WT mice experienced increased hematocrit values, which peaked 24-48 hours after infection and remained elevated for four days. This increase in hematocrit is a measure of plasma loss from the circulation, indicating vascular permeability. The mice also experienced a drop in platelet counts, which is consistent with symptoms observed in human DENV infections.

The findings suggest that MCs play a significant role in the vascular leakage and pathology associated with DENV infection. The study provides evidence that WT mice can be used as a model to study the mechanisms of vascular permeability in DENV, which could lead to better understanding and treatment of the disease."
elife-03563-v2,"The research paper discusses the role of telomerase, an enzyme crucial for maintaining the ability of cells to proliferate indefinitely. Telomerase is a complex of proteins and RNA that helps in synthesizing telomeric DNA, which is essential for cell immortality. The study focuses on the TEN domain of the hTERT protein, a key component of telomerase, and its interaction with the TPP1 protein. The researchers identified mutations in the TEN domain that affect telomerase's ability to interact with the POT1-TPP1 complex without altering its catalytic activity. These mutations prevent telomerase from localizing to telomeres and maintaining telomere length in living cells. Importantly, a compensatory mutation in the TEL-patch of TPP1 can rescue the function of the TEN domain mutant, suggesting a direct interaction between telomerase and TPP1. This finding opens up new avenues for targeting the TPP1-telomerase interface as a therapeutic strategy for human diseases related to telomere dysfunction. The study highlights the importance of specific amino acids in the TEN domain and TPP1 for their interaction, which is crucial for telomerase recruitment to telomeres and its proper function."
elife-30789-v2,"The research paper discusses the role of specific proteins in the process of meiosis, which is a type of cell division that reduces the number of chromosomes by half, creating four genetically unique cells. This process is crucial for sexual reproduction. The study focuses on a family of proteins called ZHP (Zinc Hook Proteins) in the organism C. elegans, a type of roundworm. These proteins are involved in regulating the formation of structures called chiasmata, which hold pairs of chromosomes together during the first division of meiosis. The researchers found that ZHP proteins work together in pairs to ensure proper chiasmata formation and to limit the number of chiasmata sites. They also discovered that these proteins play a role in directing chromosome remodeling in response to crossover formation, which is essential for the successful separation of chromosomes. The findings suggest that similar mechanisms likely exist in other eukaryotes, including humans, and that these proteins may have previously unrecognized roles in regulating sister chromatid cohesion during meiosis. This research helps to better understand the complex processes involved in meiosis and could have implications for understanding genetic disorders related to chromosome segregation."
elife-29330-v1,"The research investigates how glucose affects the development of heart cells, specifically cardiac myocytes, during late embryonic and early postnatal stages. Glucose is the primary energy source for early heart development, but as the heart matures, it shifts to using fatty acids for energy. The study uses human embryonic stem cell-derived cardiac myocytes (hESC-CMs) and a mouse model of diabetic pregnancy to show that high glucose levels promote cell proliferation but inhibit the maturation of these heart cells. This means that while glucose helps heart cells multiply, it delays their development into fully functional adult heart cells. The researchers found that glucose metabolism through the pentose phosphate pathway is crucial for this effect. In a mouse model, high blood glucose during pregnancy led to increased cell division and delayed maturation of fetal heart cells. The study highlights the importance of understanding how glucose metabolism influences heart development, which could have implications for conditions like diabetes and congenital heart defects."
elife-10113-v2,"The research paper investigates how a specific mutation in a protein called β-tubulin affects the behavior of microtubules, which are tiny structures inside cells that help them maintain their shape and move. The mutation, known as β:T238A, was previously linked to more stable microtubules, but the exact mechanism was unknown. The study used advanced imaging techniques to observe microtubules in living yeast cells and in purified samples. They found that the mutation significantly reduces the frequency of microtubule breakdown and slows down the rate at which microtubules shrink after breaking. This makes the microtubules much more stable and less dynamic. The effects of the mutation are similar to those of a drug called taxol, which also stabilizes microtubules. The researchers concluded that the mutation weakens the connection between the structural changes and the chemical cycle that microtubules undergo, leading to more stable microtubules. This finding helps us understand how mutations can affect cellular structures and potentially lead to new insights into diseases related to microtubule dysfunction."
elife-54508-v2,"The research paper investigates the role of a protein called Spen in the process of X chromosome inactivation (XCI) in mouse embryonic stem cells. XCI is a process where one of the two X chromosomes in female mammals is silenced to ensure proper gene expression. The study found that without Spen, the X chromosome does not get silenced properly, indicating that Spen is crucial for this process. The researchers also discovered that Spen regulates certain repetitive DNA elements called ERVKs, which are derived from ancient viruses. These ERVKs are usually silenced by a specific histone modification (H3K9me3), but in the absence of Spen, they become active and gain other histone modifications associated with active gene expression. This suggests that Spen helps maintain the silencing of these repetitive elements, which is important for proper gene regulation. The findings provide insights into how Spen evolved to participate in XCI and its broader role in gene regulation. Understanding these mechanisms can help in studying genetic disorders related to X chromosome abnormalities and repetitive DNA elements."
elife-45204-v2,"The research paper discusses the findings from a cave exploration and excavation in Italy. The main question is about the activities and interactions of humans and animals in the cave during the Upper Paleolithic period, around 14,000 to 14,700 years ago. The study is important because it provides insights into the behavior and social activities of early humans and their interactions with other animals.

The researchers recorded and studied 180 footprints and traces in the cave, including human, bear, and canine footprints. They also found charcoal remains and handprints on the walls. The cave's floor and walls showed signs of human activity, such as smudges from hands covered in charcoal, which were likely used for lighting the cave. The researchers used radiometric dating on charcoal samples to determine the age of the cave's exploration.

The study found that most of the footprints were unintentional and related to cave exploration activities. However, some footprints, especially in the inner chamber, were likely intentional and related to social or symbolic activities. The researchers also noted the presence of bear and canine footprints, which were often found alongside human footprints. This suggests that humans and these animals may have interacted or coexisted in the cave.

The geometric analysis of the human footprints revealed five main types, indicating that at least five different individuals entered the cave. The study also discussed the sediment dynamics and the preservation of the footprints, which varied due to differences in moisture content and substrate conditions. Overall, the research provides valuable information about the behavior and interactions of early humans and animals during the Upper Paleolithic period."
elife-42816-v1,"The research investigated how the brain processes numerical magnitude and reward probability. The study found that brain activity patterns for numbers and rewards are similar, suggesting that the brain uses a shared neural code for both. This means that when we think about numbers or evaluate rewards, similar brain regions are activated. The study also showed that people tend to give more weight to larger numbers and higher rewards, which influences their decisions. This finding has implications for understanding how we make choices based on numerical information and rewards, highlighting the brain's ability to integrate these concepts. The research used advanced techniques to analyze brain signals, confirming that the patterns of neural activity are consistent across different tasks involving numbers and rewards. This work contributes to our understanding of cognitive processes and decision-making, showing that the brain has a unified way of representing numerical magnitude and reward probability."
elife-27369-v2,"The research paper investigates how a protein called H-NS interacts with DNA, particularly focusing on how it stiffens DNA and forms bridges between DNA molecules. H-NS is known to bind to DNA in different ways, which can affect gene regulation. The study aims to understand the molecular basis of these binding modes, especially how ions like magnesium (Mg2+) and helper proteins influence them. The researchers developed a sensitive assay to measure DNA bridging and used a technique called Tethered Particle Motion (TPM) to study DNA stiffening. They found that H-NS stiffens DNA and that magnesium ions play a crucial role in switching between bridging and non-bridging states. The study also showed that helper proteins and specific mutations in H-NS can disrupt its ability to form stable bridges, providing insights into how H-NS functions are modulated. Overall, the research enhances our understanding of how H-NS interacts with DNA, which is vital for gene regulation and cellular processes."
elife-17331-v1,"The researchers wanted to understand how decisions are made in a hierarchical manner, specifically focusing on how the difficulty of an initial decision (L1) affects the accuracy of a subsequent decision (L2). They tested different models to see which one best explained the behavior of monkeys making decisions based on visual stimuli. The study found that simple models, which assume that evidence is integrated without self-excitation until a criterion is reached, did not accurately predict the monkeys' behavior. These models suggested that the difficulty of the L1 decision should affect the accuracy of the L2 decision, but this was not observed in the data. Instead, the researchers found that the monkeys' choices were mainly influenced by the earliest samples of visual evidence, even though they had to wait before making their decision. More complex models, which included self-excitation and high decision bounds, also failed to accurately explain the data. These models produced unrealistic response times and did not account for the interaction between L1 and L2 decisions. The study concluded that current models of hierarchical decision-making need to be revised to better account for the observed behavior and neural data. This research is important because it challenges existing theories about how the brain makes decisions in a step-by-step manner, highlighting the need for more accurate models that can explain real-world decision-making processes."
elife-37349-v1,"The research paper investigated how neurons in the brain connect to each other, specifically looking at recurrent connections in the cortex of adult mice and humans. These connections are important for understanding how information is processed in the brain. The study used a new automated method to measure these connections across different experiments. They found that these connections are sparse and weak, meaning they occur infrequently and have small effects. The researchers also discovered that different types of neurons in the mouse cortex have unique patterns of connectivity and short-term dynamics. They compared these findings with data from human cortex samples, which were collected during surgeries for epilepsy or tumors but were distant from the affected areas. The human cortex showed higher connectivity rates and stronger signals compared to the mouse cortex, despite using higher calcium levels in the mouse experiments to enhance connectivity. The study suggests that rare, strong connections might be crucial for reliable information processing in the brain. Overall, the research provides insights into how neurons communicate in the cortex, which is fundamental for understanding brain function and potential disorders."
elife-57127-v2,"The research paper investigates how a specific protein complex, SMG1-8-9, recognizes and modifies another protein, UPF1, through a process called phosphorylation. Phosphorylation is crucial for many cellular functions, including how cells respond to stress and damage. The study used advanced techniques like cryo-electron microscopy and mass spectrometry to understand the molecular details of this interaction.

The researchers found that SMG1-8-9 specifically targets a particular site on UPF1, known as the LSQ motif. This site is important because it is also recognized by other similar proteins, suggesting a common mechanism across different proteins. The study revealed that the structure of SMG1-8-9 includes specific regions that help it bind to UPF1 and phosphorylate it efficiently. These regions are highly conserved, meaning they are similar in many related proteins, which explains why SMG1-8-9 can recognize and modify UPF1 so precisely.

The findings provide insights into how cells regulate important processes through phosphorylation. Understanding these details can help in developing treatments for diseases where these processes go awry, such as certain types of cancer or genetic disorders. The research highlights the importance of structural biology in uncovering the molecular basis of cellular functions and opens avenues for future studies on related proteins and their roles in health and disease."
elife-56383-v2,"The research investigates how stem cells in the reproductive organs of a small worm called C. elegans break contact with their environment and interact with other cells. Previous studies suggested that the geometry of the distal tip cell (DTC) affects the activation of a signaling pathway called Notch, which is crucial for stem cell behavior. The researchers used advanced techniques like CRISPR/Cas9 genome editing and live cell imaging to study these interactions. Surprisingly, they found that thin membrane processes from the sheath cells (Sh1) extend distally and intermingle with the processes of the DTC and the germ cells. This means there is no ""bare region"" where germ cells directly contact the basal membrane without somatic cells. Germ cell divisions occur in three anatomical compartments: in contact with the DTC niche alone, at the DTC-Sh1 boundary, and in contact with Sh1 alone. The divisions at the DTC-Sh1 interface are more frequent and polarized, suggesting a mechanism for germ cell niche exit. The sheath cells actively grow over and between dividing daughter cells, strengthening the association between one daughter cell and the sheath. When the growth of Sh1 towards the DTC was impeded, the dividing populations at the boundary and under Sh1 were reduced, and a marker of differentiation shifted in the same direction as the Sh1 cell. This indicates that distal Sh1 cell processes assist stem cell niche exit. The study concludes that Sh1, a cell neighboring the niche, is an overlooked regulator of adult stem cell niche dynamics. The researchers also used CRISPR/Cas9 to tag cell membrane-localized gap junction proteins and observed that the long cellular processes of the DTC niche cell are directly bordered by membrane extensions from Sh1, contrary to the accepted model of gonad anatomy. This revised model positions the DTC and Sh1 intermingling among the distal germ cells in the stem cell zone. The extensive DTC-Sh1 interface is variable among individuals and uneven around the circumference of the gonad. Given its juxtaposition with"
elife-01402-v1,"Researchers wanted to understand how a specific chemical signal, called c-di-GMP, varies within individual bacterial cells. This signal is crucial for various bacterial processes like cell division, movement, and producing certain substances. Traditionally, measuring these signals in bulk cultures doesn't show variations within a population. To address this, the researchers developed a genetic sensor to measure c-di-GMP levels in individual cells of different bacterial species. They found that in some bacteria, like Caulobacter crescentus, the signal varies significantly between daughter cells, with one cell being more active and motile while the other prepares for division. In other bacteria, like Pseudomonas aeruginosa, the variation was surprising because the cells look similar but have different signal levels. The researchers identified a specific enzyme, Pch, that helps create this variation by breaking down c-di-GMP in one of the daughter cells. This enzyme is localized to one pole of the cell, ensuring that the signal is asymmetrically distributed during cell division. This discovery helps explain how bacteria can have diverse behaviors within a population, which is important for understanding their adaptability and responses to environments, including resistance to antibiotics."
elife-12401-v2,"The research paper investigates how zebra fish and pearl danio develop their distinctive patterns. Zebra fish have alternating dark and light stripes, while pearl danio has a more uniform pattern with fewer dark cells. The study found that in zebra fish, certain cells called xanthophores extend long, fast projections towards melanophores, which are the cells responsible for dark pigment. These projections help in signaling to clear melanophores from the developing light stripes. In contrast, pearl danio lacks these long projections, which contributes to its more uniform pattern. The researchers used advanced imaging techniques to observe these cellular interactions in real-time. The findings provide new insights into how different species develop their unique color patterns and how cellular communication plays a crucial role in this process. This research helps us understand the biological mechanisms behind pattern formation in fish, which can have broader implications for studying development and evolution in other organisms."
elife-18816-v1,"The research investigates the brain activity of premature babies, specifically focusing on the amplification of brain signals known as ""spindle bursts."" These bursts are unusually large in premature infants compared to adults and persist despite the brain's immature state. The study aims to understand how these bursts are generated and their significance for brain development. Researchers recorded brain activity from the lateral geniculate nucleus (LGN) and primary visual cortex (VC) in rats, both during and after periods of retinal waves, which are crucial for early brain development. They found that silencing the retina significantly reduced the firing rates and continuity of activity in both LGN and VC, indicating that retinal input is essential for generating these bursts. Additionally, silencing the thalamus further reduced activity, suggesting that both retinal and thalamic inputs are necessary for the propagation and synchronization of these bursts. The findings highlight the importance of retinal and thalamic activity in the early development of the visual system and provide insights into potential mechanisms underlying brain development in premature infants. Understanding these processes could contribute to improving neonatal health and development."
elife-22474-v1,"The research paper discusses how a specific signal can influence both the renewal of cells and their differentiation into different types. The signal in question is NODAL, a protein involved in early development. NODAL works through a complex set of receptors and proteins to regulate gene expression, which in turn controls cell behavior.

The study used a type of embryonic stem cell called P19 cells, which can become various cell types in response to NODAL signaling. The researchers inhibited the NODAL signal and then reintroduced it to observe changes in gene expression over time. They found that NODAL signaling leads to a dynamic program of gene activation that requires continuous signaling input. This program involves changes in the structure of chromatin, the material that makes up chromosomes, which allows specific genes to be turned on or off.

The findings suggest that NODAL signaling plays a crucial role in determining cell fate during early development. Understanding this process could help in developing new therapies for regenerative medicine, where the goal is to repair or replace damaged tissues by guiding stem cells to become specific cell types. The research provides new insights into how signals like NODAL control gene expression and cell differentiation, which are fundamental processes in development and disease."
elife-00012-v1,"The research explored how neurons in the brain respond to visual stimuli and how these responses can be modified through a process called spike-timing-dependent plasticity (STDP). The study aimed to understand if and how the timing of neural spikes relative to visual stimuli can alter the neuron's response. Researchers recorded the electrical activity of neurons in anesthetized rats while presenting visual stimuli in specific positions on a screen. They found that neurons initially responded with subthreshold responses, meaning the responses were not strong enough to trigger a full neural spike. By pairing these subthreshold responses with artificial spikes induced by electrical currents, they observed changes in the neuron's response. When the artificial spike occurred before the natural response, the neuron's response weakened. Conversely, when the artificial spike occurred after the natural response, the neuron's response strengthened. This indicates that the timing of neural activity relative to sensory input can significantly influence how neurons process information. The findings suggest that STDP can convert subthreshold responses into suprathreshold responses, potentially altering how information is transmitted in the brain. This research highlights the importance of precise timing in neural communication and its role in learning and memory."
elife-53072-v2,"The research paper explores how different types of cells in the lungs contribute to maintaining lung health and responding to injury. The study used advanced techniques to analyze individual cells in the lungs of mice, both healthy and after being injured by a virus similar to the flu. The researchers identified several distinct groups of cells, including a new type called Car4-high endothelial cells (ECs). These cells are found throughout the lung's outer regions and are particularly responsive to signals that promote blood vessel growth. After lung injury, these Car4-high ECs were found in areas where the lung was repairing itself, suggesting they play a crucial role in healing. The study also revealed that different types of endothelial cells have unique functions and gene expressions, which are important for understanding how the lungs respond to damage. This research provides valuable insights into the complexity of lung cells and their roles in maintaining lung health and repairing injuries, which could lead to better treatments for lung diseases."
elife-07839-v2,"The research paper investigates the role of specific genetic deletions in the development of myelodysplastic syndromes (MDS), a group of blood disorders. The study focuses on a particular region of chromosome 7, specifically the 7q22 segment, which is often deleted in MDS patients. The researchers created mice with a similar genetic deletion in a corresponding region of their chromosomes to understand how this deletion affects blood cell production.

The findings show that mice with this deletion have abnormalities in their blood cell production, similar to what is seen in MDS patients. Specifically, the deletion leads to an increase in certain types of stem cells and a decrease in others, disrupting the normal balance needed for healthy blood cell development. This disruption is consistent with changes observed in MDS patients, suggesting that the 7q22 deletion plays a significant role in the disease's development.

The study also found that when these genetically altered cells are transplanted into normal mice, they contribute less to the production of certain blood cells, further supporting the idea that the deletion impairs the cells' ability to function properly. Overall, the research provides important insights into how specific genetic changes can lead to blood disorders, potentially paving the way for new treatments."
elife-27014-v1,"Researchers studied the gut bacteria of a short-lived fish called the turquoise killifish to understand how these bacteria might affect aging. They found that the killifish has a diverse range of gut bacteria similar to that of longer-lived vertebrates like humans and mice. This diversity is much greater than that found in invertebrates like worms and flies. The most common types of bacteria in the killifish's gut are also the most common in humans. The killifish's short lifespan and the variety of aging-related issues it experiences, such as cancer and neurological decline, make it an excellent model for studying how gut bacteria influence aging in vertebrates. The study suggests that manipulating the gut microbiota could be a promising approach to extending lifespan and improving health in aging organisms. The researchers also noted that the gut bacteria of wild killifish were more diverse than those kept in laboratories, highlighting the importance of environmental factors in shaping the gut microbiome."
elife-25716-v2,"The research paper explores how a specific type of receptor, known as DDR1, becomes activated within cells. DDR1 is unique because it forms stable pairs (dimers) even without a binding partner (ligand), unlike typical receptors that only pair up when a ligand is present. This stability means that the usual model of ligand-induced dimerization does not apply to DDR1.

The study found that when DDR1 receptors bind to collagen (a type of ligand), they undergo a process called phosphorylation, where certain parts of the receptor are modified. This phosphorylation occurs between neighboring DDR1 dimers, specifically in regions just inside the cell membrane and in the kinase domain, which is responsible for activating other proteins. The phosphorylation requires specific contacts between the transmembrane domains of the receptors but not between their extracellular domains.

The researchers used various mutant forms of DDR1 to show that phosphorylation can be induced by different types of ligands and that it happens in a specific manner between neighboring dimers. This finding suggests a unique mechanism for how DDR1 signals within the cell, involving the clustering of receptors in the cell membrane upon ligand binding. This mechanism is different from the typical receptor signaling processes, providing new insights into how DDR1 functions and potentially how it could be targeted for therapeutic purposes."
elife-53245-v2,"The study investigated the spread of tuberculosis (TB) in a single Inuit community between 2011 and 2012, where there were 50 confirmed cases, resulting in a high rate of 5,359 per 100,000 people for that year. Previous research had identified multiple clusters of transmission but lacked sufficient genetic variation to pinpoint exact person-to-person transmission events due to the short time frame and low mutation rate of the TB bacterium. This new study aimed to incorporate within-host diversity into transmission analyses to better understand the spread of TB. By using deep sequencing, the researchers identified a previously unrecognized super-spreading event, highlighting the potential of deep sequencing in public health investigations. All 50 samples from the 2011-2012 outbreak, along with samples from cases diagnosed in the same village over the preceding five years, were analyzed. The study found that most cases were caused by the same strain of TB, with two episodes of recurrent TB. The researchers used advanced genetic techniques to analyze the samples, ensuring high-quality data and excluding low-quality variants. They constructed phylogenetic trees to visualize the relationships between samples and identified clusters of transmission. The study also addressed potential alignment errors and used a local reference genome for more accurate analysis. Overall, the research underscores the importance of deep sequencing in understanding and controlling TB outbreaks, particularly in high-transmission environments like Canada's North."
elife-61816-v2,"The research paper explores how leaf-cutting ants and their fungal partners break down plant material. Leaf-cutting ants collect leaves and mix them with their fecal fluid to create a substrate for their fungal gardens. Previous studies suggested that the enzymes in the fecal fluid, which help break down the plant material, are produced by the fungal partner and pass through the ant's gut unchanged. The current study aimed to understand this process better by analyzing the proteins in the fecal fluid of the leaf-cutting ant species Acromyrmex echinatior. The researchers found a surprisingly high number of oxidoreductases, enzymes that facilitate chemical reactions involving electron transfer. They hypothesized that these enzymes, along with other components in the fecal fluid, might work together to break down tough plant materials through a process involving the Fenton reaction. This reaction produces hydroxyl radicals, which can break down lignin, a tough component of plant cell walls. The study confirmed that the fecal fluid contains various enzymes and iron components that participate in recycling the reactants needed for the Fenton reaction. This continuous production of hydroxyl radicals helps the ants and fungi efficiently break down plant material without damaging their own tissues. The findings suggest that the fungal partner plays a crucial role in producing these enzymes, which are essential for the ants' ability to decompose plant material and sustain their fungal gardens. This research highlights the complex symbiotic relationship between leaf-cutting ants and their fungal partners, showing how they work together to overcome the challenges of breaking down tough plant materials."
elife-01775-v1,"Researchers have developed a new method called fast FISH to detect the production of new RNA molecules in real-time, with a resolution of about one second. This is important because many processes in transcription, the process by which DNA is copied into RNA, happen on this timescale. Current methods, which rely on complementary nucleic acid hybridization, are too slow for real-time detection at the single-molecule level. The fast FISH method uses single-stranded nucleic acid probes with sequences composed of just three of the four bases (A, U, and C for RNA probes, and A, T, and G for DNA targets). These probes are intrinsically unstructured and hybridize very quickly with their targets without compromising sequence specificity. The researchers tested this method by studying the transcription process of the speedy bacteriophage T7 RNA polymerase in vitro. They were able to dissect the full transcription cycle, including promoter binding, promoter escape, elongation, and termination. This method can be used to study transcription by multi-subunit prokaryotic and eukaryotic RNA polymerases at the level of stochastic molecular interactions. The rules for generating fast FISH probe-target pairs can also be applied to gene silencing, gene profiling, and bottom-up assembly of nucleic acid nanostructures. The researchers found that RNA sequences composed of only A, U, and C are mostly unstructured and have the fastest hybridization kinetics under physiological conditions. This method provides a dynamic, quantitative view of the full transcription cycle, enhancing our ability to dissect the dynamics of the transcription process and correlate stochastic fluctuations at different steps with transcriptional outcomes."
elife-18146-v1,"The research paper discusses the potential of using a substance called Neurotrophin-3 (NT-3) to treat spasticity, a condition characterized by muscle stiffness and spasms, often resulting from damage to the upper motor neurons. Spasticity occurs due to changes in the way nerves communicate with muscles, leading to increased excitability of motor neurons. NT-3 is a protein that plays a crucial role in the survival and development of sensory and motor neurons. It is produced by muscle spindles and helps maintain normal movement and reorganize neural pathways after injury. The study involved creating a rat model with spasticity by damaging the corticospinal tracts, which connect the brain to the spinal cord. The researchers then injected NT-3 into the rats' muscles to observe its effects. They found that NT-3 helped regulate the input from proprioceptive afferents, which are sensory neurons that provide feedback about muscle position and movement. This regulation balanced the excitatory and inhibitory networks in the spinal cord, improving functional and neurophysiological outcomes. The study suggests that NT-3 could be a promising therapy for spasticity by normalizing muscle reflexes and promoting recovery after neural injuries."
elife-30872-v2,"The research paper investigates how proteins interact and form complexes within cells, focusing on the proteins PP2B and AKAP79. These proteins are crucial for various physiological processes, including immune responses and glucose regulation. The study found that these proteins can exist in different configurations, which are influenced by calcium and other factors. When activated, these proteins form stable complexes that are essential for their function. The researchers used advanced imaging techniques to observe these interactions in living cells. They also predicted and confirmed the presence of specific regions within AKAP79 that are important for binding to other proteins. The findings suggest that the intrinsic disorder within these proteins allows them to adopt various structures, which is vital for their regulatory roles in the cell. This research helps to understand how protein complexes are maintained and how they function in biological processes."
elife-65074-v3,"Researchers have developed a new method to make statistical inference faster and more flexible. Traditional methods, like Approximate Bayesian Computation (ABC), can be slow and inflexible because they require many simulations and can't easily adapt to different scenarios. The new approach uses neural networks to approximate the likelihood function, which is a key part of statistical inference. This allows for quick and flexible inference across various scenarios without needing repeated training. The method, called Likelihood Approximation Networks (LANs), can be integrated into existing inference algorithms, making it a versatile tool. The researchers tested LANs on different models and found that it significantly reduces computation time, even for complex models that aren't entirely likelihood-free. This makes LANs a promising tool for making statistical inference more efficient and adaptable."
elife-04207-v1,"The research paper investigates the role of FOXL2 in regulating the development and function of granulosa cells, which are crucial for ovarian function. FOXL2 is a protein that helps control gene activity, but its exact mechanisms in granulosa cells were not well understood. The study used advanced genetic techniques to identify the genes that FOXL2 influences in these cells. They found that FOXL2 strongly affects how estrogen and androgen receptors work, which are important for ovarian function. Specifically, FOXL2 is necessary for the normal expression of ESR2, a key receptor for estrogen signaling in granulosa cells. Additionally, FOXL2 helps regulate the production of estrogen and maintains the identity of granulosa cells by controlling the expression of SOX9, another important gene. The researchers also discovered that FOXL2 interacts with various nuclear receptors, suggesting it plays a central role in coordinating their activity. This work provides new insights into how FOXL2 regulates gene activity in granulosa cells, which is essential for understanding ovarian function and related disorders."
elife-02501-v2,"The research paper investigates how bacteria handle a specific type of stress related to amino acids, which are the building blocks of proteins. Certain plants produce a substance called m-Tyr that can harm neighboring plants and cells. This substance can accumulate in cells and cause problems during protein production. The study shows that bacteria have a mechanism to edit out this harmful substance, which is crucial for their survival under stress conditions. The researchers created mutant bacteria that lack this editing ability and found that these mutants struggle to grow in the presence of m-Tyr. This editing mechanism is not only important for dealing with m-Tyr but also helps protect cells from other similar harmful substances. The findings highlight the importance of this editing process in maintaining cellular health and survival under stressful conditions."
elife-72976-v3,"The research paper discusses the dietary habits of early human groups in the Danube Gorges region during the Mesolithic and Neolithic periods. The study focuses on understanding the role of plant foods in the diets of these ancient foragers, as previous research has primarily focused on animal protein sources. The researchers analyzed dental calculus from human remains to identify plant remains, which provided reliable evidence of plant consumption. They found starch granules from various plant species, including members of the Triticeae tribe, indicating that these plants were part of the diet as early as around 9500 BC. The study also noted the presence of pollen from cereal plants, suggesting local cultivation. The findings highlight the importance of plant foods in the diets of these early human groups and provide new insights into their subsistence strategies. This research helps to fill gaps in our understanding of the transition from foraging to agriculture in this region."
elife-41129-v2,"The research paper discusses the nitrogen metabolism in Mycobacterium tuberculosis (Mtb), the bacterium that causes tuberculosis. Understanding how Mtb uses nitrogen is crucial for developing new treatments, as it helps the bacterium survive and infect hosts. The study highlights that while we know how Mtb regulates nitrogen metabolism after proteins are made, we don't fully understand how it regulates nitrogen metabolism at the level of gene expression. This is important because Mtb lacks many of the typical regulatory factors found in other bacteria. The researchers found that Mtb can use amino acids from the host as a significant nitrogen source during infection. This discovery opens new avenues for studying how Mtb interacts with its host and could lead to better treatments. The study used a combination of bacterial physiology, metabolic analysis, and stable isotope labeling experiments to explore how Mtb utilizes amino acids as nitrogen sources. The findings show that Mtb can take up and store various amino acids, which are essential for its survival and infection processes. This research provides a deeper understanding of Mtb's metabolic network and could help in developing targeted therapies to disrupt its nitrogen metabolism and combat tuberculosis more effectively."
elife-10115-v2,"The research paper investigates the role of a protein called GWL in cell transformation and cancer development. GWL is involved in controlling cell division and its activity is regulated during this process. The study focuses on how GWL might influence cancer by inhibiting a tumor suppressor called PP2A B55. PP2A B55 is crucial for controlling various cellular signaling pathways and is often inactivated in cancer. The researchers wanted to see if overexpressing GWL could promote the transformation of immortalized mammary gland cells and contribute to cancer development. They found that overexpressing active forms of GWL increased cell proliferation, reduced cell contact inhibition, and promoted anchorage-independent cell growth, which are all hallmarks of cancer. Interestingly, a non-functional form of GWL induced cell death, suggesting it acts as a dominant-negative over the endogenous GWL. These findings indicate that GWL overexpression might favor cell transformation by promoting cell proliferation, migration, invasion, and reducing contact inhibition. This research highlights the potential role of GWL in cancer development and suggests it could be a target for future cancer therapies."
elife-01426-v1,"The research paper discusses the process of gene conversion (GC) during meiosis, which is a type of cell division that reduces the number of chromosomes by half, creating four genetically unique cells. GC involves the non-reciprocal exchange of genetic material between similar but non-identical chromosomes, leading to the introduction of new genetic variations. The study focuses on understanding the rates and patterns of GC in a specific organism, Arabidopsis thaliana, by sequencing the genetic material of meiotic products. The researchers found that short read alignment artifacts, which result from structural differences between parental genomes, can significantly inflate the apparent incidence of GCs. They identified over 200 recombination events at the nucleotide level and showed that recombination is not affected by sequence divergence but is influenced by open chromatin and specific sequence motifs. The study also revealed that CO-associated GCs are much longer than those resulting from NCOs, and meiosis can cause copy-number alterations of transposed sequences. The findings provide insights into the mechanisms of genetic recombination and its role in creating genetic diversity."
elife-00067-v1,"The research paper explores how a protein called RecA helps DNA find matching sequences, a crucial process in genetic repair and recombination. This process, known as homology search, is essential for maintaining the integrity of genetic information. The study used advanced techniques to observe RecA's behavior on DNA at a single-molecule level. Researchers found that RecA filaments can slide along DNA, which significantly speeds up the search for matching sequences. This sliding motion is driven by electrostatic interactions, allowing RecA to quickly sample different segments of DNA. The findings provide new insights into how RecA discriminates between matching and non-matching DNA sequences, offering a potential model for other proteins that interact with DNA in similar ways. This research helps us understand fundamental biological processes and could have implications for developing new therapies for genetic disorders."
elife-33101-v2,"The research paper discusses the structure and function of the mTORC2 complex, a crucial component in cellular processes. The mTORC2 complex is involved in regulating cell growth, metabolism, and survival. Understanding its structure is important for developing treatments for diseases like cancer and diabetes.

The researchers aimed to visualize the mTORC2 complex in high detail. They expressed the core components of human mTORC2 in cells and captured the complex using affinity tags. However, the complex was found to be unstable, leading to low yields and the presence of different species during purification. To stabilize the complex, the researchers used cross-linking techniques, which allowed them to visualize the intact mTORC2 complex using cryo-electron microscopy.

The study revealed that mTORC2 functions as a dimeric, symmetric complex, similar to another related complex, mTORC1. The structure of mTORC2 showed a general organization similar to mTORC1, but with notable differences in the arrangement of its components. The researchers identified key regions within the complex, including a ""tower"" and ""buttress"" structure, which are essential for its function. They also confirmed the locations of accessory proteins like Rictor and SIN1, which play crucial roles in the complex's activity.

The findings provide a detailed map of the mTORC2 complex, offering insights into how it functions and interacts with other molecules. This information is valuable for developing targeted therapies for diseases where mTORC2 is dysregulated, such as cancer and metabolic disorders. The study highlights the importance of stabilizing protein complexes for structural analysis and the potential of cryo-electron microscopy in revealing intricate details of molecular structures."
elife-07600-v2,"The research paper discusses a new method for determining the three-dimensional structure of RNA molecules. RNA is a crucial molecule in biology, involved in various processes like protein synthesis. Understanding its 3D structure is important for comprehending how it functions and for developing drugs that target RNA.

Current computational methods can predict RNA structures with high accuracy but often generate multiple possible structures that are consistent with the available data. This makes it difficult to identify the correct structure. The researchers aimed to overcome this challenge by developing a new experimental and computational approach called Multidimensional Chemical Mapping (MCM).

The MCM method involves introducing chemical modifications at random locations in the RNA and then mapping the sequence positions of the resulting breaks. This provides information about which nucleotides are close to each other in three-dimensional space, even if they are not directly connected. The researchers tested this method on known RNA structures and found that it successfully identified the correct tertiary (3D) arrangements.

The MCM method complements existing techniques like M2 and Rosetta, providing a more comprehensive chemical mapping pipeline. This advancement is significant because it offers a more reliable way to determine the 3D structure of RNA, which is essential for understanding its biological functions and for developing targeted therapies."
elife-08752-v1,"The research paper discusses a specific type of brain cell found in the cerebral cortex, focusing on a gene called Ntf3. The study aims to understand where and how this gene is expressed in the brain. Researchers used a technique called TRAP (Translating Ribosome Affinity Purification) to identify and profile these cells. They found that Ntf3 is primarily expressed in the superficial layers of the cortex, specifically in a type of cell known as layer 2/3 pyramidal cells. These cells have a distinct shape and are located in specific regions of the brain, such as the medial prefrontal cortex and the dentate gyrus. The study also compared the gene expression profiles of these Ntf3-expressing cells with other types of cortical cells, revealing unique genetic markers that distinguish them. This research helps in understanding the specific functions and roles of these cells in the brain, which could be crucial for developing targeted therapies for neurological disorders."
elife-68925-v2,"The research paper discusses the development of organoids, which are tiny, simplified versions of organs grown in the lab. The study aims to understand how to guide these organoids to develop into structures resembling parts of the body, specifically the somites, which are segments that form during early development and give rise to various tissues like muscles and bones. The researchers used specific chemicals to influence the growth of these organoids and observed how different combinations and timings affected their development. They found that treating the organoids with inhibitors of certain signaling pathways for 24 hours was sufficient to induce the formation of somite-like structures. However, prolonged treatment had detrimental effects on cell proliferation and survival. The study also optimized the initial number of cells and the concentrations of signaling modulators to improve the reproducibility and efficiency of somite formation. Overall, the findings provide insights into the conditions necessary for directing organoid development towards specific fates, which could be useful for regenerative medicine and understanding human development."
elife-46418-v2,"The research investigates how the age and reproductive status of hermaphrodites affect their lifespan when they mate with males. The study found that young hermaphrodites are more resistant to the negative effects of mating with males compared to middle-aged hermaphrodites. Young hermaphrodites have both oocytes (egg cells) and self-sperm, making them self-fertile, while middle-aged hermaphrodites have exhausted their self-sperm but can still reproduce if fertilized by males. The researchers discovered that the presence of self-sperm is crucial for protecting hermaphrodites from the detrimental effects of mating with males. This protection is not just about being young but specifically about having self-sperm. The study also explored the genetic and biological pathways involved in this protection, suggesting that self-sperm plays a key role in maintaining the health and longevity of hermaphrodites. The findings highlight the importance of self-sperm in ensuring the survival and reproductive success of hermaphrodites, even when they encounter males."
elife-68388-v3,"Researchers wanted to understand how the immune system responds to a vaccine over time. They studied 33 healthy individuals before and 60 days after receiving the first dose of a vaccine. They found that the diversity of immune cells specific to the vaccine increased significantly after vaccination, especially in people who had been previously infected with the virus. This increase was not due to the expansion of existing immune cells but rather the recruitment of new ones. The study also identified specific regions of the virus that triggered strong immune responses. These findings suggest that vaccination boosts the immune system's ability to recognize and fight the virus, particularly in those who have had prior exposure. This research helps in understanding how vaccines work and could aid in developing more effective vaccination strategies."
elife-58949-v1,"The research paper explores how levels of a specific substance in the blood change after eating and how this relates to feelings of hunger. The study involved different groups of people, including lean individuals and those who are overweight or obese. The findings showed that in lean individuals, the levels of this substance increased after eating, peaking around 60 minutes later. However, in overweight or obese individuals, the levels decreased after eating. The researchers also found that within the overweight and obese group, some people had an increase in the substance levels after eating, while others had a decrease. Those who had a decrease tended to have larger waist circumferences and higher body fat percentages. Additionally, the study looked at individuals who underwent weight loss surgery and found that their post-meal responses changed, suggesting a re-sensitization to the substance after weight loss. The research also compared the substance's response to other hunger-regulating hormones, finding that it had a stronger inverse correlation with hunger scores. Overall, the study highlights the complex relationship between body weight, post-meal substance levels, and hunger, suggesting that individual responses vary significantly."
elife-54898-v1,"This study looked into how often mistakes happen when bacteria make RNA copies of their DNA. These mistakes, called transcription errors, were found to be much more common than genetic mutations. The researchers used a special method to sequence RNA from four different bacterial species. They found that the rate of transcription errors varied among the species, with one species, Mycoplasma florum, having the highest error rate. The errors were not randomly distributed across the genes but showed a bias influenced by the RNA polymerase and the concentration of cellular building blocks called rNTPs. The study also revealed that the errors were more likely to be transitions (changes within the same type of nucleotide) rather than transversions (changes between different types of nucleotides). This bias was consistent across all species studied. The researchers also categorized the errors into synonymous (no change in the resulting protein), missense (change in the resulting protein), and nonsense (premature stop in protein production) errors. Most errors were expected to result in amino acid changes if translated. The findings suggest that transcription errors are a significant factor in bacterial RNA quality control and could have functional effects on the proteins produced. This research provides new insights into how bacteria maintain the quality of their genetic information and how errors in this process might affect their biology."
elife-04637-v2,"The research paper investigates the occurrence and impact of non-crossover (NCO) gene conversion events in mammals. These events are less understood compared to crossover (CO) events, which are more frequently studied. The study aims to determine if NCO events occur at the same hotspots as CO events, the rate at which these events happen, and whether there are differences between males and females. The researchers analyzed data from 34 three-generation pedigrees, focusing on single nucleotide polymorphisms (SNPs) across 12.1 million sites. They identified 103 NCO sites, most of which derived from a single SNP. The findings show that NCO events are strongly enriched in regions with high rates of meiotic COs, suggesting that NCO resolutions are meiotic in origin. This enrichment is unlikely to occur by chance, validating the detected NCO events. The study provides new insights into the genetic processes underlying recombination and gene conversion in mammals, which are crucial for understanding genetic diversity and evolution."
elife-40039-v2,"The research paper investigates how a specific gene, PsAvh52, from the pathogen Phytophthora sojae affects soybean plants. The study aims to understand how this gene helps the pathogen infect soybeans by suppressing the plant's immune response. Previous work showed that PsAvh52 is highly active during early infection stages and can suppress cell death induced by other pathogen factors. The researchers found that PsAvh52 is crucial for the pathogen's full virulence and promotes infection when overexpressed in soybean roots. It interacts with a soybean protein, GmTAP1, causing it to move into the nucleus where it acetylates core histones, upregulating genes that make the plant more susceptible to infection. The study also confirmed that deleting PsAvh52 reduces the pathogen's ability to cause disease. Overall, the findings highlight PsAvh52's role in manipulating the plant's immune system to facilitate infection, providing insights into potential targets for developing disease-resistant soybean varieties."
elife-09269-v2,"Plants need a hormone called auxin to start making flowers. Without auxin, plants can't form flower buds and end up with abnormal flower structures. Recent studies have identified key proteins that help auxin promote flower development. These proteins include LEAFY (LFY), AINTEGUMENTA (ANT), and AINTEGUMENTA-LIKE 6 (AIL6). Auxin and its related proteins work together with other regulatory proteins to control gene expression. When auxin is present, these proteins are quickly broken down, allowing other proteins to activate gene expression. However, the exact mechanism by which these proteins work in the presence of auxin is not fully understood.

Researchers discovered a new way auxin controls gene expression and cell development. This process involves proteins called SWI/SNF ATPases, which help unlock DNA for transcription. The study found that these ATPases are essential for flower bud formation. When the function of these ATPases is lost, plants show significant defects in flower development. The researchers also found that these ATPases work with another protein, MP, to activate genes needed for flower development. Without these ATPases, MP cannot function properly, leading to abnormal flower structures.

The study provides evidence that auxin-controlled cell development involves these ATPases. The researchers screened mutant plants for defects in flower bud initiation and found that mutations in the SWI/SNF ATPases BRM and SYD caused severe flowerless phenotypes. They also showed that reducing the function of these ATPases enhanced the flower initiation defects in MP mutants. This indicates that SWI/SNF ATPases are crucial for flower bud formation and that their activity is necessary for proper flower development. The findings suggest that auxin controls gene expression and cell development through a complex interplay of proteins, including SWI/SNF ATPases and MP."
elife-04395-v2,"The paper discusses the spread of Ebola virus disease (EVD), which can cause severe bleeding, shock, and widespread tissue damage, often leading to death within days. Ebola primarily spreads through direct contact with infected individuals or their bodily fluids. The disease often starts when a person comes into contact with the blood of an infected animal, such as through hunting or butchering. Once in the human population, it can spread through close contact, especially in medical settings or during funeral preparations.

The paper highlights that identifying the initial animal source of Ebola outbreaks is challenging, but hunting and handling bushmeat are suspected to be common routes of transmission. Once the virus enters the human population, it can spread rapidly through close contact, particularly in settings where infection control measures are inadequate. Effective case detection and isolation are crucial to preventing further spread, but this is often difficult due to lack of infrastructure, poor understanding of the disease, or mistrust of medical practices.

The recent outbreak in Guinea and surrounding countries suggests that the patterns of Ebola outbreaks are changing. Over the past 40 years, there have been significant demographic changes in Africa, including increased population size and urbanization. These changes, along with improved connectivity and land use changes, have likely influenced the spread of Ebola. The paper aims to identify areas suitable for zoonotic transmission of Ebola by modeling the distribution of species that can carry the virus. This involves understanding the environmental conditions that support the presence of these species in specific locations, which can help predict where future outbreaks might occur."
elife-26875-v1,"The research paper investigates how the influenza virus evolves within individual patients over extended periods. Typically, influenza infections last less than a week, making it hard to study long-term changes. However, in some immunocompromised patients, infections can last for weeks or months, providing a unique opportunity to observe the virus's evolutionary dynamics. The study used deep sequencing to analyze viral samples collected weekly from four immunocompromised patients with long-term influenza infections. The researchers identified specific mutations that repeatedly appeared within individual patients, across multiple patients, and even at a global scale. These mutations often occurred in the virus's surface proteins, which are crucial for its ability to infect cells and evade the immune system. Notably, some mutations were associated with resistance to the antiviral drug oseltamivir, highlighting their clinical significance. The findings reveal surprising similarities in the virus's evolutionary patterns across different scales, from individual patients to the global population. This research sheds light on how influenza viruses adapt and evolve, which is crucial for developing more effective treatments and vaccines."
elife-11835-v1,"The research paper investigates how cells respond to a signal called EGF, which is crucial for cell growth and division. Traditional methods for studying these responses have limitations, so the researchers used three different techniques to get a more complete picture. They found that the way cells process the EGF signal is more complex than previously thought. Specifically, they discovered that the clustering of phosphorylated proteins plays a significant role in shaping the cell's response to the EGF signal. This clustering affects how proteins interact and how signals are transmitted within the cell. The study provides new insights into the dynamics of cell signaling, which could be important for understanding diseases like cancer, where cell signaling often goes awry. By combining multiple experimental approaches, the researchers were able to reveal previously uncharacterized properties of the EGF signaling network, highlighting the importance of considering both spatial and temporal changes in protein interactions."
elife-34273-v1,"The research paper explores how certain immune cells, called plasmacytoid dendritic cells (pDCs), respond to viral infections. These cells act as sentinels, detecting viral infections through specific receptors. When activated, they produce signaling molecules called interferons and other inflammatory proteins. Previous studies suggested that these cells might produce interferons without triggering a broader inflammatory response, but the significance of this was unclear.

The researchers developed a unique mouse model where a specific signaling pathway (IRF7) was restricted to pDCs. They found that this pathway alone was sufficient to control infections from two viruses, DENV and CHIKV, by accelerating the production of a type of interferon called IFN-gamma through natural killer cell activation. This positions pDCs as a crucial cell type in regulating the immune response to these viral infections, independent of other sources of inflammatory signals.

The study also showed that pDCs activated by infected cells produce interferons but not the inflammatory protein TNF-alpha, unlike when activated by free viruses or synthetic stimuli. This indicates that pDCs can mount a targeted antiviral response without causing excessive inflammation. The findings highlight the importance of pDCs in the immune system's defense against viral infections and suggest potential targets for therapeutic interventions."
elife-53688-v1,"The research paper explores how the lungs develop in newborn mice, focusing on the formation of tiny air sacs called alveoli, which are crucial for gas exchange. The study investigates the role of a specific signaling pathway called Planar Cell Polarity (PCP) in this process. PCP is a fundamental mechanism that helps cells organize themselves within tissues. The researchers found that a component of the PCP pathway, called Vangl2, is essential for the proper development of alveoli. When Vangl2 is missing, the mice have enlarged air sacs and fail to form normal alveoli, leading to reduced lung function and increased mortality. This discovery provides new insights into how lungs develop and could lead to better treatments for lung diseases caused by alveolar damage. Understanding these mechanisms is important for developing therapies that can regenerate lung tissue and improve respiratory health."
elife-45257-v2,"The research paper investigates the process of engulfment in bacterial cells, specifically focusing on how the mother cell membrane moves around the forespores during sporulation. Sporulation is a process where bacteria form a dormant, tough spore to survive harsh conditions. The study aims to understand the detailed mechanics of this process, which is crucial for developing strategies to combat bacterial infections.

Previous studies suggested that a specific layer, called septal peptidoglycan (PG), is completely degraded to allow the mother cell membrane to engulf the forespores. However, recent findings using advanced imaging techniques like cryo-electron tomography (cryo-ET) and cryo-focused ion beam milling (cryo-FIB) have challenged this idea. These techniques provide high-resolution images of bacterial structures in their natural state.

The researchers used cryo-FIB-ET to study wild-type sporulating cells of Bacillus subtilis, revealing new insights into the engulfment process. They found that septal PG is not completely degraded at the onset of engulfment. Instead, new PG is synthesized ahead of the leading edge of the engulfing mother cell membrane, and this new PG is then degraded to facilitate membrane movement. The mother cell membrane forms tiny finger-like projections that help in this process.

The study also identified previously uncharacterized structures within the forespores, providing a more detailed understanding of the cellular architecture during sporulation. These findings are valuable for future research on spore assembly and other fundamental cellular processes. The advanced imaging techniques used in this study offer a powerful tool for exploring the intricate details of bacterial cell biology."
elife-66590-v2,"The research paper discusses the improvement of life expectancy in Eastern Europe and the convergence of life expectancy levels between Eastern and Western Europe due to favorable alcohol-related trends since 2005. It also highlights the stagnation in life expectancy improvements in the United States, the United Kingdom, and other selected European countries since around 2011, partly attributed to high obesity prevalence and obesity-related mortality. Previous mortality forecasts that incorporated lifestyle information typically focused on a single lifestyle factor, usually smoking. The study aims to project future life expectancy in 18 European countries while considering the time-varying impacts of smoking, obesity, and alcohol on mortality, as well as the mortality experiences of other populations. The approach involves analyzing past mortality trends and their determinants, distinguishing between the general long-term mortality decline and deviations caused by lifestyle factors. The projection process includes determining the long-term mortality decline without lifestyle factors, projecting this decline into the future while considering other populations' mortality experiences, obtaining future estimates of lifestyle-attributable mortality, and combining these projections. The study used data from the Human Mortality Database and a recent study on lifestyle-attributable mortality. The results show that life expectancy at birth increased by an average of 6.6 years for men and 4.8 years for women across the 18 European countries studied from 1990 to 2014. The research compares its projections with benchmark methods and official forecasts by Eurostat and the United Nations."
elife-08440-v2,"The research paper investigates the brain changes associated with Parkinson's disease. Parkinson's disease is a progressive neurological disorder that affects movement, often causing tremors, stiffness, and difficulty with balance. The study aims to understand how the disease affects different parts of the brain by comparing brain scans of people with Parkinson's to those without the disease. The researchers used advanced imaging techniques to identify specific brain regions that show significant differences between the two groups. They found that certain areas, including parts of the basal ganglia, hippocampus, and cortex, exhibit notable changes in people with Parkinson's. These changes are linked to the severity of the disease, as measured by clinical assessments of motor symptoms and dopamine levels. The findings help to map out the brain regions most affected by Parkinson's, which could lead to better diagnostic tools and targeted treatments. Understanding these brain changes is crucial for developing interventions that can slow the progression of the disease and improve the quality of life for patients."
elife-16178-v1,"The research paper discusses the need for better methods to study the brain's activity in primates, specifically macaque monkeys. The goal is to understand how groups of neurons work together to process information. Current techniques can either observe single neurons or large groups, but not both at the same time. The researchers developed a new method using a genetically encoded calcium indicator called GCaMP6f. This allows them to track the activity of many neurons over a large area in the visual cortex of awake, behaving macaque monkeys. The study found that this method provides stable and reliable signals, making it a valuable tool for future brain research. This advancement is important because it helps bridge the gap between understanding individual neuron activity and the collective behavior of neural populations, which is crucial for deciphering how the brain processes information and controls behavior."
elife-38689-v2,"The research explores the role of TRPV4 channels in brain capillary endothelial cells (cECs). These channels are known to be important for calcium influx in arterial and arteriolar endothelial cells. The study found that TRPV4 channels are present in cECs but are usually inactive due to inhibition by a molecule called PIP2. This inhibition can be lifted by depleting PIP2, which increases the activity of TRPV4 channels. The findings suggest that PIP2 has opposite effects on TRPV4 and Kir2.1 channels in brain cECs, balancing two different signaling pathways—one that depolarizes cells and another that hyperpolarizes them. The researchers also discovered that ATP, a common energy molecule, suppresses TRPV4 channel activity. This suppression was specific to ATP and not other similar molecules. The study used various experimental techniques, including patch-clamp electrophysiology, to measure the activity of TRPV4 channels in isolated cECs from mouse brains. The results confirm that these currents are mediated by TRPV4 channels and provide new insights into how these channels are regulated in brain capillaries."
elife-70317-v1,"Researchers wanted to understand how learning affects the structure and function of the brain in larvae. They developed a new device to train and measure individual larvae's preferences for certain smells. The device uses a Y-shaped maze where larvae choose between two smells. The researchers found that larvae can learn to associate a smell with a reward, and this learning can last overnight. They also discovered that the larvae's preferences can change based on the timing and context of the reward. The study shows that larvae can form long-term memories and that these memories require protein synthesis. This research helps us understand how basic learning processes work in simple brains, which can provide insights into more complex learning mechanisms in humans."
elife-15598-v3,"Proteins are essential for life, and they are made inside cells. To function properly, some proteins need to be moved from one part of the cell to another. This process is crucial for the cell's health and proper functioning. Scientists have been studying how proteins are transported across cell membranes, focusing on two key components: SecYEG and SecA. SecA is an enzyme that uses energy from ATP to drive protein movement through SecYEG. However, the exact mechanism of how this happens has remained unclear. Previous research provided some structural insights, but it did not fully explain the process. In this study, researchers used advanced computer simulations and biochemical analyses to better understand the changes in SecYEG and SecA when they are bound to ATP or ADP (a molecule related to ATP). They found that ATP binding causes SecYEG to open wider, allowing proteins to pass through more easily. Conversely, ADP binding causes SecYEG to close. This opening and closing mechanism is likely crucial for the directional movement of proteins. The study suggests a model where the communication between SecA and SecYEG biases the direction of protein movement, acting like a ratchet to ensure proteins move in the right direction. This research helps clarify how cells manage protein transport, which is vital for their survival and function."
elife-48916-v1,"When cancer spreads to the lymph nodes, it can be a serious problem. Researchers wanted to understand how cancer cells first colonize the lymph nodes and how they survive there. They used a special type of fluorescent cancer cell in mice to track the early stages of cancer spread. They found that the first cancer cells to arrive in the lymph nodes interact with specific immune cells called macrophages. These macrophages help the cancer cells find a foothold and start growing. The researchers also discovered that the cancer cells have unique sugar molecules on their surface that help them stick to the macrophages. This interaction is crucial for the cancer cells to survive and start forming tumors in the lymph nodes. The findings suggest that targeting this interaction could be a new way to stop cancer from spreading. This research is important because it provides new insights into how cancer cells spread and survive in the lymph nodes, which could lead to better treatments for preventing metastasis."
elife-57595-v2,"The research paper investigates how the eyes move when focusing on a small target and how these movements are affected by changes in the visual environment. The study involved monkeys trained to fixate on tiny spots while researchers tracked their eye movements using precise methods. The key finding was that when part of the visual field suddenly changed (like half of the screen turning black), the monkeys' eyes showed a consistent upward drift. This drift was quick and temporary, happening within a few hundred milliseconds after the visual change. The direction of this drift also depended on where the change occurred—if the change was on the right, the drift tilted rightward, and if on the left, it tilted leftward. The researchers ruled out other factors like pupil changes or convergence movements, confirming that the drift was specifically due to the visual stimulus. This study helps understand how the brain controls eye movements to maintain focus, which is crucial for tasks like reading or driving, where precise visual tracking is essential."
elife-44235-v2,"The research paper investigates how nutrients are delivered to and exchanged within tumors, focusing on the interstitial fluid (IF) that surrounds tumor cells. This fluid is crucial because it directly affects the nutrients and waste products that tumor cells encounter. Unlike healthy tissues, tumors often have poor blood vessel networks, leading to reduced nutrient delivery and waste removal. This results in a tumor interstitial fluid (TIF) that is nutrient-depleted and rich in metabolic waste products.

The study aimed to measure the concentrations of various nutrients in both plasma (blood) and TIF using advanced mass spectrometry techniques. They found that the location and type of tumor significantly influence the nutrient composition of TIF. Dietary changes also reflected in TIF nutrient levels, while certain genetic mutations had minimal effects.

The researchers specifically looked at pancreatic ductal adenocarcinoma (PDAC), a type of tumor known for its inadequate blood supply, leading to tumor hypoxia (low oxygen) and nutrient deprivation. They developed a method to isolate TIF from tumors without causing cell damage, ensuring that the collected fluid was truly interstitial. They measured levels of various metabolites in paired tumor samples, finding that the isolation method did not substantially alter the metabolite levels.

However, isolating IF from healthy tissues proved challenging due to their smaller size and lower interstitial fluid volume compared to tumors. The study highlights the importance of understanding the metabolic environment of tumors, which can influence their growth and response to treatments. This knowledge could lead to better strategies for targeting and treating tumors more effectively."
elife-06587-v1,"The research paper discusses the role of a protein called FER in plants. FER is involved in various important functions, such as regulating cell growth, responding to environmental challenges, and facilitating reproduction. The study explores how FER interacts with other proteins and molecules to carry out these tasks. One key finding is that FER works with specific proteins called LRE and LLG1, which are crucial for its signaling capabilities on the cell surface. The researchers created mutant plants lacking these proteins and observed that these plants had stunted growth and reproductive issues, similar to plants lacking FER. This suggests that LRE and LLG1 are essential partners for FER in mediating its diverse biological roles. The study provides new insights into how plants manage growth and development, which could be useful for improving agricultural practices and understanding plant biology."
elife-14730-v3,"Researchers wanted to understand how certain genes contribute to cancer. They focused on genes that were previously identified as potential drivers of cancer but were rarely altered in human tumors. The researchers hypothesized that these genes might be altered by mechanisms not typically considered in cancer studies. They investigated a gene called MAGI3, which was found to be altered in breast cancer cells through a process called premature cleavage and polyadenylation. This process results in a truncated version of the MAGI3 protein, which contributes to the malignant transformation of cells. The study highlights the importance of considering less common genetic alterations in cancer research, as these can also play significant roles in tumor development. By identifying and understanding these alterations, researchers can develop more targeted and effective treatments for cancer."
elife-00078-v1,"The research paper explores how DNA is packaged in a type of ancient microorganism called Halofex volcanii. This microorganism lives in very salty environments, like the Dead Sea. The study aimed to understand how the DNA in these organisms is organized into structures called nucleosomes, which are like tiny spools that DNA wraps around to fit into the cell.

The researchers grew Halofex volcanii in a salty environment and then used special enzymes to break down the DNA into small pieces that were still attached to the nucleosomes. They then sequenced these pieces to create a detailed map of where the nucleosomes are located along the DNA. They found that the DNA in Halofex volcanii is packed more tightly than in more complex organisms, like humans, because the nucleosomes are smaller. This tight packing helps the organism survive in harsh conditions.

The study also looked at how the placement of nucleosomes relates to gene expression, which is the process by which the information in genes is used to make proteins. They found that the patterns of nucleosome placement are similar to those in more complex organisms, suggesting that this way of packaging DNA is very old and has been conserved through evolution. This research helps us understand the basic principles of how DNA is organized and how this organization affects gene activity, which is crucial for the survival and adaptation of organisms in different environments."
elife-04878-v3,"Zebrafish larvae have an instinctive ability to hunt small, moving prey like paramecia. To understand how they do this, researchers studied the movements of the larvae's tails when they were hunting. They found that the larvae perform specific tail movements, such as forward swims and J-turns, when they see prey. These movements are different from those they make during routine swims or escapes. The researchers also identified a specific area in the larvae's brain, called AF7, that responds to prey-like visual stimuli. This area is crucial for the hunting behavior, as shown by experiments where this area was targeted and disabled. The study provides insights into how zebrafish larvae identify and capture prey, highlighting the importance of specific brain regions in this process. This research helps us understand the neural mechanisms behind hunting behaviors in simple organisms, which can provide a foundation for studying more complex behaviors in other animals, including humans."
elife-33220-v2,"The study investigated whether the quiet periods observed in fruit fly larvae represent a form of sleep. The researchers monitored the activity of larvae over extended periods, distinguishing between movement and feeding behaviors. They found that larvae exhibit behavioral quiescence, a state of stillness that is rapidly reversible and associated with a change in posture. This quiescence was more frequent and longer in immature larvae, suggesting it is developmentally timed. The researchers also tested the larvae's response to light stimuli, finding that intense light could arouse inactive larvae, indicating that their quiescence is a reversible state. Additionally, they observed that disrupting this quiescence led to a rebound effect, where larvae increased their quiescence afterward, similar to sleep rebound in other animals. The study concluded that larval quiescence meets the criteria for sleep, showing that even simple organisms like fruit fly larvae exhibit sleep-like behaviors. This finding is significant because it helps understand the fundamental nature of sleep across different species and its role in development."
elife-09373-v2,"The research paper investigates how the extracellular matrix (ECM) influences cell biology and the molecules involved in this process. The ECM is a complex network that supports cells and plays a crucial role in various biological functions. The study focuses on the apical ECM (aECM) of the Drosophila melanogaster tracheal system, which is the insect's respiratory system. This system features taenidia, which are spiral ridges that provide mechanical strength to the tracheal tubes. The research reveals a dynamic relationship between sub-apical F-actin and taenidial folds during tracheal lumen formation. Cell-cell junctions help organize F-actin bundles and the taenidial folds of the supra-cellular aECM. The chitinous aECM contributes to regulating F-actin organization through a two-way regulatory mechanism. The study provides detailed insights into the timing and formation of taenidial folds during embryonic development, highlighting the interplay between cellular structures and the ECM. This understanding is essential for grasping how cells coordinate to form complex biological structures, which has implications for various fields, including developmental biology and tissue engineering."
elife-18857-v2,"Researchers wanted to understand the structure of a protein called FliD, which is important for the movement and disease-causing abilities of certain bacteria. FliD is found in bacteria like Pseudomonas aeruginosa, which can cause serious infections, and Helicobacter pylori, which is a major cause of stomach cancer. Despite its importance, no high-resolution structure of FliD had been determined until this study. The researchers created a shortened version of the FliD protein and used X-ray crystallography to determine its structure at a high resolution of 2.2 Ångströms. They also used various biochemical and functional analyses to understand the roles of the protein's flexible regions. The study found that FliD consists of two distinct regions: a stable head region and a flexible leg region. The head region has two intertwined domains that are similar to proteins found in other bacteria. The leg region is highly flexible, which might be important for the protein's function. This research provides new insights into how FliD contributes to bacterial movement and pathogenicity, which could help in developing new treatments for bacterial infections."
elife-66609-v2,"The research paper investigates how the brain regulates the release of a hormone called arginine vasopressin (AVP), which plays a crucial role in maintaining water balance in the body. AVP is released from the brain into the bloodstream and acts on the kidneys to reabsorb water, thereby restoring water balance. The activity of AVP-releasing neurons is controlled by two main mechanisms: feedback regulation, which responds to changes in the body's water balance, and feedforward regulation, which anticipates future changes based on signals related to eating and drinking.

Previous studies have shown that drinking causes a rapid decrease in blood AVP levels before any detectable change in blood osmolarity, indicating a feedforward regulation. However, the neural inputs providing this information to AVP neurons were not clear. The researchers used various circuit-mapping techniques, including in vivo calcium imaging and opto- and chemogenetics, to identify and characterize the neural circuits mediating the presystemic regulation of AVP neuron activity. They found that AVP neurons receive strong inputs from specific brain regions involved in sensing systemic osmolarity and blood-borne factors. Surprisingly, they also found dense labeling in the paraventricular nucleus (PVH) and supraoptic nucleus (SON) when examining inputs to SON AVP and PVH AVP neurons, respectively. Further experiments confirmed that these connections do not exist directly but might involve indirect synaptic transfer.

The study also identified the nature of the inputs from the lamina terminalis (LT) neurons to PVH AVP and SON AVP neurons, finding that the median preoptic nucleus (MnPO) and organum vasculosum lamina terminalis (OVLT) send both excitatory and inhibitory projections, while the subfornical organ (SFO) sends only excitatory projections. Channelrhodopsin-assisted circuit mapping (CRACM) confirmed the synaptic connectivity of these projections to PVH AVP and SON AVP neurons. Overall, the research provides"
elife-52125-v2,"The research paper investigates how a protein called Ocr can interfere with the transcription process in bacteria, specifically E. coli. Transcription is the process where DNA is copied into RNA, which is a crucial step in gene expression. The study found that Ocr can bind to the RNA polymerase (RNAP), the enzyme responsible for transcription, and inhibit both types of transcription initiation in E. coli. This binding was confirmed through various experiments, including gel filtration and micro-scale thermophoresis, which showed a strong interaction between Ocr and RNAP. The researchers also used cryo-electron microscopy to visualize the structure of the Ocr-RNAP complex, revealing that Ocr binds directly to the RNAP cleft where sigma factors and the transcription bubble bind. This suggests that Ocr competes with sigma factors for binding, potentially disrupting the transcription initiation process. The findings provide detailed molecular insights into how Ocr could affect the host bacterium through transcription inhibition, in addition to its known role in knocking out host restriction and modification. This research highlights the potential of targeting RNAP as a strategy to develop new antibiotics, especially in the fight against antimicrobial resistance."
elife-31145-v2,"The research paper explores how cells manage the fusion of different internal structures, specifically focusing on the role of a protein complex called Mon1-Ccz1. This complex is crucial for directing the fusion of structures called autophagosomes with vacuoles or endosomes, which is important for cellular recycling and waste management. The study identifies specific parts of the Mon1-Ccz1 complex that are essential for this process. By creating mutations in these parts, the researchers found that the complex could no longer properly target autophagosomes, leading to a buildup of these structures within the cell. This indicates that these specific parts of Mon1-Ccz1 are vital for directing the complex to autophagosomes. The findings also show that while the mutations affected autophagosome fusion, they did not disrupt the overall function of the vacuoles or endosomes, highlighting the specificity of Mon1-Ccz1 in targeting autophagosomes. This research provides insights into how cells manage their internal recycling processes, which is fundamental for maintaining cellular health and function."
elife-18020-v2,"The research paper investigates the role of the protein p21 in DNA replication and repair processes within cells. p21 is known to interact with PCNA, a protein involved in these processes. Previous studies suggested that high levels of p21 could inhibit DNA synthesis, but these studies used much higher concentrations than what naturally occurs in cells. The current study found that normal levels of p21 in cycling cells do not inhibit DNA synthesis during replication. Instead, p21 helps regulate the dynamics of DNA replication by controlling the loading of Pol κ, another protein involved in DNA synthesis. When p21 levels drop after DNA damage, such as from UV radiation, it allows for the activation of alternative DNA synthesis pathways, which are crucial for repairing damaged DNA. The study also showed that p21 localizes to replication sites through its interaction with PCNA, preventing the accumulation of DNA damage-independent genomic instability in unstressed cycling cells. This interaction is essential for maintaining genomic stability and ensuring proper cell cycle progression. The findings highlight the importance of p21 in fine-tuning DNA replication and repair processes, ensuring that cells can handle stress and maintain genetic integrity."
elife-11346-v2,"Scientists wanted to understand how aggression is controlled in the brains of fruit flies. They knew that certain neurons (brain cells) release chemicals that regulate aggressive behavior, but they didn't know much about the specific neurons involved. They also knew that a gene called ""fruitless"" (fruM) is important for male aggression. The researchers conducted a large-scale study to identify neurons that control aggression. They used a method called thermogenetic activation, which involves heating specific neurons to make them more active. They screened over 3,000 different lines of fruit flies to find those that showed increased fighting behavior when their neurons were activated. Out of these, they found 19 lines that showed significant increases in aggressive behaviors. Surprisingly, they discovered that a subset of neurons previously thought to control only courtship behavior could also promote aggression. These neurons create a persistent state in the fly that enhances both mating and fighting behaviors. The findings suggest a shared neural circuit for controlling social behaviors in fruit flies, which could provide insights into similar behaviors in other animals, including humans."
elife-40045-v2,"The research paper investigates the roles of two proteins, DLL1 and DLL4, in early embryonic development, particularly in the formation of the skeletal structure and muscle tissue. DLL1 and DLL4 are part of the Notch signaling pathway, which is crucial for cell communication and development. The study aimed to understand whether the differences in function between DLL1 and DLL4 are due to their extracellular domains, which are the parts of the proteins that interact with other cells.

To do this, the researchers created chimeric proteins, which are combinations of parts from DLL1 and DLL4. They introduced these chimeric proteins into mouse embryos that lacked DLL1 and observed the effects. They found that a chimeric protein containing the extracellular domain of DLL1 and the intracellular domain of DLL4 could partially restore the normal development of the skeletal structure and muscle tissue. However, another chimeric protein with the extracellular domain of DLL4 and the intracellular domain of DLL1 did not restore normal development as effectively.

The findings suggest that the extracellular domain of DLL1 is essential for its specific function in early development. This domain allows DLL1 to interact with other cells in a way that DLL4 cannot, highlighting the importance of the extracellular domain in determining the protein's role. The study provides insights into how small differences in protein structure can lead to significant differences in biological function, which is crucial for understanding developmental processes and potential therapeutic targets."
elife-29985-v2,"The research paper explores the structure and function of the protein TcPINK1, which is important for cellular processes. The study aims to understand how TcPINK1 recognizes and binds to its substrates, specifically ubiquitin and the Parkin ubiquitin domain. The researchers used structural analysis and biochemical experiments to identify key regions and residues in TcPINK1 that are crucial for its activity. They found that a disordered region called Ins3 and a specific phosphorylation site (Ser205) are essential for recognizing and binding to ubiquitin and the Parkin domain. Mutations in these regions or phosphorylation sites significantly reduced TcPINK1's ability to phosphorylate its substrates. The findings suggest that TcPINK1's activity is tightly regulated and that understanding these mechanisms could provide insights into related diseases, such as Parkinson's disease. The study also highlights the unique structural features of TcPINK1 compared to other kinases, emphasizing its specialized role in cellular processes."
elife-19274-v1,"The research paper explores how the crowded environment inside cells affects the stability and behavior of proteins. Proteins are essential molecules that perform various functions in cells, and their stability is crucial for their proper functioning. The study used computer simulations to observe how proteins interact with their surroundings in a realistic cellular environment. The researchers focused on five specific proteins and a type of RNA, comparing their stability in crowded cellular conditions versus dilute solutions. They found that most proteins were more stable or equally stable in the crowded cellular environment, except for one protein called PDHA, which became less stable. This instability was due to interactions with other proteins, which disrupted its native structure. The study highlights the importance of the cellular environment in determining protein stability and function, suggesting that crowded conditions can significantly influence how proteins behave inside cells. This understanding is vital for developing treatments for diseases caused by misfolded proteins."
elife-39856-v2,"Researchers wanted to understand how genetics influence lifespan and longevity. They combined data from over a million people to find genetic variations linked to lifespan. They discovered 12 regions in the genome that affect lifespan, with some genes influencing lifespan by up to 13 months. The study also looked at how diseases associated with lifespan-altering variants interact with lifespan. They found that many genetic variants associated with lifespan also affect early mortality more than survival to extreme old age. The researchers created a polygenic score to predict survival based on these findings. This score can help identify individuals at risk of shorter lifespans and guide personalized health interventions. The study highlights the complex interplay between genetics, disease, and lifespan, providing insights into potential targets for extending healthy lifespan."
elife-04660-v2,"The research paper investigates the diversity and complexity of neurons responsible for transmitting sensory information from the body to the spinal cord. The study used specialized mice to identify three distinct groups of sensory neurons. These groups were labeled using different markers and analyzed to understand their unique molecular signatures. The findings reveal that these neurons are highly varied and specialized, each playing a different role in sensing touch, pain, and other sensations. This research helps to map out the intricate network of sensory neurons, providing insights into how the body processes different types of sensory information. Understanding these differences is crucial for developing targeted treatments for conditions affecting sensory perception, such as chronic pain or nerve damage."
elife-34944-v3,"The research paper explores how the binding of substances to a specific protein, called SERT, affects the electrical properties of cells. SERT is part of a family of proteins that help transport molecules across cell membranes. The study focused on how SERT interacts with its natural substrate, serotonin (5-HT), and an inhibitor, cocaine. The researchers measured changes in electrical currents and cell membrane capacitance when these substances were applied to cells expressing SERT. They found that both serotonin and cocaine caused a reduction in capacitance, indicating conformational changes in SERT. The study also showed that the presence of chloride ions (Cl-) was crucial for the full effect of serotonin but not for its binding to SERT. The findings provide insights into how SERT functions and how different substances interact with it, which could be important for understanding and treating conditions related to serotonin transport, such as depression and addiction."
elife-10382-v1,"The research paper investigates how specific brain signals, called spindles, are affected by activating certain nerve cells in the thalamus, a part of the brain. These nerve cells release a chemical called acetylcholine, which is important for various brain functions, including sleep and attention. The study used a technique called optogenetics to activate these nerve cells in mice. Optogenetics allows scientists to control specific neurons using light, providing precise control over brain activity.

The researchers found that activating these acetylcholine-releasing nerve cells in the thalamus increased the occurrence of sleep spindles, which are brief bursts of brain activity during sleep. This activation also shortened the time it took for the mice to fall asleep and extended the duration of non-rapid eye movement (NREM) sleep. These findings suggest that acetylcholine in the thalamus plays a crucial role in promoting sleep onset and maintaining NREM sleep. The study highlights the importance of understanding how different brain regions and chemical signals interact to regulate sleep, which could lead to better treatments for sleep disorders."
elife-03416-v2,"The research paper explores the role of PD-1 signaling in immune tolerance, particularly in the context of experimental autoimmune encephalomyelitis (EAE), a model for multiple sclerosis. The study investigates how PD-1, a receptor on immune cells, interacts with its ligand PD-L1 to regulate immune responses. The researchers used a peptide from myelin basic protein (MBP) and MBP-responsive T cells to show that PD-1 signaling can silence harmful T cells, preventing EAE in mice. They found that PD-L1-high dendritic cells (a type of immune cell) were crucial for presenting the peptide to T cells, leading to immune tolerance. PD-1-deficient T cells were resistant to this tolerance. The study also revealed that PD-1 signaling drives demethylation of the PDCD1 promoter, leading to sustained PD-1 expression. This research has implications for developing biomarkers and therapies for autoimmune diseases, highlighting the importance of understanding immune regulation mechanisms."
elife-02481-v2,"The research paper discusses a protein called ClpB, which is part of a family of proteins known as AAA+ ATPases. These proteins are involved in various cellular activities and play a crucial role in helping other proteins fold correctly or breaking them down when they misfold. The structure of ClpB has been a topic of debate, particularly regarding a specific part called the middle domain (MD). Previous studies using cryo-electron microscopy (cryo-EM) have provided conflicting results about the position and role of the MD.

To address these uncertainties, the researchers conducted single-particle EM studies on ClpB under conditions where its orientation could be determined more reliably. They used a modified version of ClpB, called BAP, which can bind to another protein called ClpP. This allowed them to obtain detailed maps showing the MD's density, shedding light on its regulatory mechanisms.

The findings highlight the essential role of the MD in coupling the interaction of ClpB with other proteins to its ATPase activity and substrate disaggregation. Understanding the structural role of the MD in ClpB hexamers and its context within the ClpB-DnaKJ bi-chaperone machinery is important for comprehending how these proteins function in cells. The research provides new insights into the regulatory mechanisms of ClpB, which could have implications for understanding protein quality control in cells."
elife-38992-v2,"The research paper investigates how the formation of nephrons, which are the functional units of the kidney, affects the branching of the ureteric bud, a structure that develops into the kidney's collecting system. The study aims to understand whether nephron formation influences the branching process and the behavior of tip or cap mesenchyme progenitor cells during kidney development.

The researchers used high-resolution confocal microscopy to track the number of connected nephrons per tip from early development stages through to the cessation of nephron formation. They found that almost all tips of the branching ureteric tree carry an attached nephron shortly after branching initiates, and further nephrons are added as development progresses. Organ explant cultures supported the idea that ongoing branching of tips with associated nephrons is possible.

The study also examined whether nephron formation might impede the branching of tips but not their growth. By measuring the maximum tip length per organ, they found no evidence that maximum tip length extends relative to the increase in the axial radius of the fetal organ with age. Additionally, the distribution of tip branch generations indicated continued branching of all tips, rather than a static generation of branches.

To better assess the relationship between nephron formation and branching history, the researchers used light sheet microscopy to image whole kidneys and relate the number of connected nephrons to the number of bifurcations between each tip and the pelvis of the developing kidney. They found no evidence supporting a relationship between these measures.

Furthermore, the study looked at the broader effects of nephron formation on cell behaviors associated with nephron formation. In the mammary gland, proximity-associated annihilation of branching has been linked to a profound decrease in cell proliferation. The researchers labeled proliferating cells in embryos and pups and found that cell division in tip cell niches decreases as development progresses. However, they found little association between cell division and the number of total or connected nephron structures.

Overall, the research suggests that nephron formation does not significantly impact the progression of branching morphogenesis or the behavior of tip or cap"
elife-00178-v1,"Researchers wanted to understand if a protein called NOVA affects the steady levels of certain brain transcripts, which are segments of RNA that help create proteins. They compared the levels of these transcripts in normal mouse brains and in brains where the NOVA protein was removed. They found that NOVA does influence these levels, but surprisingly, it often increases rather than decreases them. Out of 229 transcripts that showed significant changes, 215 had lower levels when NOVA was absent, indicating that NOVA usually helps maintain higher levels of these transcripts. Only 14 transcripts showed lower levels in the presence of NOVA. This suggests that NOVA plays a crucial role in regulating the steady-state levels of many brain transcripts, primarily by increasing their abundance. This finding is important for understanding how genes are expressed in the brain and could have implications for neurological disorders where gene regulation goes awry."
elife-15292-v2,"The research investigated how the brain represents missing limbs in amputees. It is known that amputees can sometimes feel sensations or movements in their missing limbs, known as phantom limb sensations. The study aimed to understand if these sensations are similar to those in people with intact limbs. Participants, including amputees and controls with intact limbs, were asked to perform imagined movements of individual fingers. The researchers used brain imaging techniques to map out which parts of the brain were activated during these imagined movements. They found that the brain maps for the missing fingers in amputees were similar to those in people with intact limbs, showing a gradient of preference from the thumb to the little finger. This suggests that even after amputation, the brain retains a structured representation of the missing limb. The study also confirmed that phantom limb movements are distinct from imagined movements, as they activate different motor signals. This research highlights the brain's remarkable ability to maintain organized representations of the body, even in the absence of physical limbs."
elife-05334-v2,"The research paper explores how bacteria develop resistance to the antibiotic vancomycin. Specifically, it focuses on a mutation in the gene waaL, which alters the structure of lipopolysaccharides (LPS) on the bacterial surface. LPS are crucial for the bacteria's outer membrane barrier, protecting it from harmful substances. The study found that the waaL mutation leads to the production of a new form of LPS, called LPS*, which directly contributes to vancomycin resistance. This new LPS form is created using a different sugar substrate, lipid II, which is normally used for another process in the bacterial cell wall. The researchers confirmed that reducing the levels of LPS* also reduced vancomycin resistance, indicating that LPS* is key to this resistance mechanism. This discovery provides insights into how bacteria can evolve to resist antibiotics and highlights potential targets for developing new treatments to combat antibiotic resistance."
elife-40578-v2,"Researchers wanted to understand how muscle fatigue affects the learning of motor skills. Previous studies had mixed results, with some showing that fatigue hinders learning and others finding no effect. The key challenge is distinguishing between performance (how well a task is done in a single session) and learning (improvement over time). The researchers conducted several experiments to separate these effects.

In the first experiment, participants learned a pinching task over two days. Those who were fatigued on the first day showed impaired learning on both days, even though they were not fatigued on the second day. Some fatigued participants took extra days of training to catch up to the non-fatigued group's performance.

In the second experiment, participants performed the task with their untrained, unfatigued hand, showing that fatigue affected learning in both the fatigued and unfatigued hand.

The third experiment replicated the first and found that disrupting brain activity in the motor cortex partially alleviated the negative effects of fatigue on learning, suggesting a role for adaptive memory formation under fatigued conditions.

The fourth experiment showed that muscle fatigue did not affect the learning of a cognitive task that required minimal force control.

Overall, the findings indicate that motor fatigue has a lasting, negative effect on skill learning, which is important for professions that rely on physical training. Understanding these effects can help in designing better training and rehabilitation programs to improve motor function."
elife-31200-v2,"The research investigated how people use touch to align a dial with a target position. The study found that participants could accurately align the dial when the edge of the dial was long enough, but their accuracy decreased as the edge length shortened. This is because shorter edges provided less clear tactile information, leading to more errors in the direction of rotation. The study also showed that participants could quickly extract and use this tactile information, with the rotation starting soon after initial contact with the dial. The findings highlight the importance of clear tactile feedback for precise manual tasks. This research is significant because it shows how crucial tactile information is for tasks that require fine motor control, such as aligning objects or using tools. Understanding this can help in designing better tools and interfaces that provide clear tactile feedback, improving performance and reducing errors in various applications."
elife-08954-v1,"The research paper discusses the importance of alternative splicing (AS) in the development of different cell types and tissues. AS is a process where a single gene can produce multiple proteins by including or excluding different parts of the gene during RNA processing. The study focuses on the Fibroblast Growth Factor Receptor 2 (Fgfr2), which has different forms in epithelial and mesenchymal cells. These forms are crucial for the development of various organs and appendages during embryogenesis. The researchers identified two proteins, ESRP1 and ESRP2, that regulate the splicing of Fgfr2. These proteins are specifically expressed in epithelial cells and are essential for normal development. The study found that knocking out ESRP1 or ESRP2 in mice led to severe developmental defects, highlighting their critical role in maintaining the correct splicing program for epithelial cells. The research underscores the importance of AS in development and the specific functions of ESRP1 and ESRP2 in ensuring proper organ and tissue formation."
elife-10047-v2,"The researchers wanted to understand how different drugs affect the location of proteins within cells. They used a method called active learning, where a computer system learns from experiments to make predictions about new, unseen experiments. The study is unique because the researchers did not know what outcomes to expect beforehand; they only knew the type of experiments they could perform. They had previously created a map of protein locations in cells using fluorescent tags. From this map, they selected 48 different cell clones representing a wide range of protein location patterns. Additionally, they chose six more clones for independent testing to see how well the model learned from the initial 48 clones would generalize to new, unobserved proteins. They also created a library of 48 different treatment conditions, including 47 chemical compounds suspected to affect some aspect of subcellular trafficking, structure, or localization, along with a vehicle-only control (no drug). Each clone and drug was assigned numbers that the active learner could refer to, and both clones and drugs were duplicated by assigning two numbers to each, hidden from the learner. The learner was presented with a 96x96 space of possible experiments, where an experiment consisted of acquiring images for a given clone in the presence of a given drug. The learner could request new experiments even if a combination had been done previously for either of the duplicates—images were not shared across duplicates, so the learner could not easily uncover the duplications by seeing which images were the same. The rationale for the duplication was to provide a basis for evaluating the learner's choices of experiments after active learning was completed. The first round of experiments began by collecting images of all clones for one of the vehicle-only conditions (96 experiments). For analysis and model building, images were represented by numerical features that captured the subcellular localization of the EGFP-labeled protein. Data from each experiment were subjected to a quality control procedure established from the initial data. At the end of each round, including the first, all experiments up to and"
elife-53930-v2,"The research paper explores the function of a protein called JMJD6 and its potential substrates, which are the molecules it acts upon. The study aims to understand whether JMJD6 can modify proteins, specifically histones, which are crucial for gene regulation. Previous studies have suggested that JMJD6 might have various activities, including demethylating arginine and lysine residues on proteins and RNA. However, the exact substrates of JMJD6 remain unclear. The researchers hypothesized that JMJD6 might have protease activity, similar to related proteins JMJD5 and JMJD7, which can cleave proteins. They found that JMJD6 can bind to methylated arginine or lysine residues on proteins, but it does not seem to remove methyl groups from these residues. Instead, JMJD6 might recognize and act on a broader range of substrates, including proteins rather than just RNA. The study also confirmed that JMJD6 does not significantly alter the levels of methylated histones in cells, suggesting that histones are not its primary substrates. This research helps clarify the role of JMJD6 in cellular processes and its potential impact on gene regulation."
elife-07296-v1,"The research paper investigates the structure and behavior of a protein called SOD1, which is involved in protecting cells from damage caused by harmful molecules. The study focuses on understanding how the protein folds and interacts with itself in different states. The researchers used advanced techniques to analyze the protein's structure and dynamics, revealing that certain parts of the protein become disordered when it is in an immature form, while other parts remain stable. This disorder is thought to be crucial for the protein's function and stability. The findings suggest that the protein's flexibility and interactions are key to its role in cellular protection. Understanding these details can help in developing treatments for diseases where SOD1 malfunctions, such as certain types of neurodegenerative disorders. The study highlights the importance of protein structure and dynamics in biological processes and disease mechanisms."
elife-49375-v2,"The research paper discusses how a protein called TraR regulates transcription, the process by which DNA is copied into RNA. TraR is a smaller version of another protein, DksA, but it can mimic the combined effects of DksA and another molecule, ppGpp, on transcription. The study used a technique called cryo-electron microscopy (cryo-EM) to visualize the structures of TraR and RNA polymerase (RNAP), the enzyme that performs transcription. The researchers found that TraR binds to a specific part of RNAP and causes significant changes in its shape, which were not visible in previous crystal structures due to constraints. These changes help explain how TraR can both activate and inhibit transcription depending on the specific DNA sequence it is regulating. The findings provide new insights into the mechanisms of transcription regulation, which is crucial for understanding how genes are expressed and controlled in cells."
elife-10767-v2,"The research paper discusses how cells control their size before dividing. This is important because understanding cell size regulation is crucial for understanding cell growth and division, which are fundamental processes in biology. The study focuses on a single-celled green alga called Chlamydomonas, which is a good model organism for studying cell size control. The researchers identified a protein called CDKG1 that plays a key role in regulating cell size and division. They found that CDKG1 works through a pathway involving the retinoblastoma protein (RB), which is known to control cell cycle progression. The researchers used genetic mutations to disrupt the CDKG1 gene and observed that this led to cells being abnormally large. They also found that the amount of CDKG1 protein in a cell decreases after each round of cell division until it disappears when the cell exits mitosis. This suggests that CDKG1 is a critical regulator of cell size and division. The findings provide new insights into how cells sense and control their size, which could have implications for understanding cell growth in various organisms, including humans."
elife-32963-v1,"The research paper investigates how certain proteins, known as transcription factors, interact with DNA. These proteins are crucial in gene regulation, which is essential for various biological processes. The study focuses on four specific transcription factors: HOXB13, CDX2, BARHL2, and MYF5. Each of these factors has multiple optimal DNA sequences they can bind to, but the binding is influenced by different factors—either optimal energy contributions or optimal entropy.

The researchers found that these transcription factors do not bind to DNA in a simple, predictable way. Instead, they have multiple optimal sequences, and the binding affinity varies between these sequences. This complexity means that a single model cannot accurately describe how these factors bind to DNA. The study also revealed that combinations of mutations in these factors can have significant effects on their binding specificity, much stronger than individual mutations.

To understand these interactions at a molecular level, the researchers solved the structures of HOXB13 and CDX2 when bound to their optimal DNA sequences. They discovered that both proteins interact with DNA in similar ways, but there are subtle differences in how they recognize and bind to specific sequences. These differences are crucial for understanding how these proteins can have multiple specificities.

The findings have important implications for understanding gene regulation and how mutations in these transcription factors can lead to diseases, such as prostate cancer. By uncovering the molecular mechanisms behind these interactions, the research provides a foundation for developing targeted therapies and a deeper understanding of genetic regulation."
elife-22345-v2,"The research paper investigates the role of a protein called Stella during the early development of mouse embryos. Stella is crucial for the transition from maternal to zygotic control in embryos. When Stella is absent, embryos struggle to develop properly, showing issues from the two-cell stage onward. The study used advanced techniques to analyze RNA from single cells and embryos at different developmental stages. They found that without Stella, key genes involved in ribosome regulation and RNA processing are not properly activated. Additionally, there is widespread misregulation of transposable elements and chimeric transcripts derived from these elements. Specifically, the MuERV-L transcripts, which are important for early embryonic development, are not properly regulated in the absence of Stella. This suggests that Stella plays a critical role in ensuring the correct activation of these elements during the early stages of embryo development. The findings highlight the importance of Stella in the proper regulation of genetic material during the transition from maternal to zygotic control in embryos."
elife-18853-v2,"Mitochondria are tiny structures within cells that play a crucial role in energy production and various metabolic processes. They have their own genetic material and are connected to the rest of the cell through several pathways. Recent studies have shown that mitochondria are involved in numerous human diseases, including neurodegenerative conditions, heart diseases, metabolic disorders, and cancer. The structure of mitochondria, particularly their internal architecture, is closely linked to their function and stability. This architecture includes an outer membrane, an inner membrane with folds called cristae, and a matrix space. The cristae are essential for the mitochondria's energy-producing processes. Researchers have identified many proteins that are key to mitochondrial function, dynamics, and stability. However, the molecular mechanisms that determine the formation and maintenance of mitochondrial structure are not fully understood. By combining biochemical, genetic, and advanced imaging techniques, scientists have proposed new hypotheses about how cristae and crista junctions (CJs) form and are maintained. They suggest two pathways for crista formation: one involving the fusion of inner membrane sheets and another involving the growth of tubular cristae driven by the influx of newly synthesized proteins and lipids. These findings highlight the importance of understanding mitochondrial structure and function, as it is crucial for maintaining overall cellular health and preventing diseases."
elife-55015-v2,"The research paper explores how two proteins, Axin and Dvl, interact within cells. These interactions are crucial for a signaling pathway that regulates gene expression, which is important for various biological processes, including development and disease. The study found that Dvl forms stable, double-stranded filaments, while Axin forms smaller structures. When Axin binds to Dvl, it caps the ends of Dvl filaments, potentially influencing the signaling pathway. The findings suggest that these interactions are essential for controlling a specific protein's activity and could provide insights into how this signaling pathway works and how it might be targeted for therapeutic purposes. The research used advanced techniques like cryo-electron microscopy to visualize these interactions at a high resolution, revealing detailed structures that help explain their functional roles."
elife-60351-v1,"The research paper explores the complex interactions between genetic factors and environmental influences in the development of holoprosencephaly (HPE), a severe birth defect. HPE affects the formation of the brain and face, and its causes are not fully understood. The study focuses on the role of the Nodal signaling pathway, which is crucial for early brain development, and how it interacts with other genetic and environmental factors. The researchers used mice to model these interactions, finding that mutations in the CDON gene and exposure to alcohol during pregnancy can work together to increase the risk of HPE. Specifically, they discovered that the combination of a CDON mutation and alcohol exposure during a critical window of embryonic development significantly increases the likelihood of HPE. This finding highlights the importance of both genetic predisposition and environmental factors in the development of this birth defect. The study provides valuable insights into the mechanisms underlying HPE and the potential for preventive measures, such as avoiding alcohol during pregnancy, especially for individuals with a genetic predisposition."
elife-10450-v2,"The research explores how our brain processes touch information. Specifically, it looks at how different types of nerve fibers, which respond to various frequencies of touch, work together to send signals to the brain. The study found that these fibers, known as afferents, are sensitive to different ranges of frequencies: some to low frequencies, others to intermediate frequencies, and some to high frequencies. However, these ranges overlap significantly, meaning that natural touch stimuli often engage multiple types of afferents simultaneously. The brain then integrates these signals in the primary somatosensory cortex (S1), the first stage of cortical processing. Importantly, S1 neurons not only convey the strength of touch but also the timing of touch events, such as the frequency of skin oscillations during texture exploration. The study developed a model to understand how these different signals are combined to produce the brain's response to touch. This model helps explain how the brain can distinguish between different types of touch experiences, such as the texture of a surface or the pressure of an object. The findings highlight the complexity of touch processing and the brain's ability to integrate multiple sources of information to create a coherent sensory experience."
elife-02848-v2,"The research paper investigates the role of the protein MSI1 in the development and regulation of cells, particularly in the nervous system and certain cancers. MSI1 is crucial for the proper development of the brain and the survival of specific types of cells. Mice lacking MSI1 show severe developmental issues and die shortly after birth. The protein helps regulate the differentiation of neural and glial cells, which are essential for brain function. MSI1 also plays a significant role in various cancers, including brain and epithelial tumors. Depleting MSI1 in these tumors reduces cell proliferation and increases cell death. The study also identifies MSI2, a closely related protein, which has similar functions and is involved in blood cell formation and certain types of leukemia. The research highlights the importance of MSI1 and MSI2 in cell regulation and their potential as targets for cancer therapy. Additionally, the study found that certain fatty acids, like oleic acid, can inhibit MSI1's activity, suggesting possible avenues for therapeutic intervention."
elife-53392-v2,"The research paper discusses the role of a protein called ZCWPW1 in the process of DNA repair during cell division, specifically in male fertility. The study focuses on how ZCWPW1 interacts with another protein, PRDM9, which is known to deposit specific chemical marks on DNA. These marks are crucial for guiding the repair of DNA breaks that occur during the formation of sperm and eggs. The researchers found that ZCWPW1 recognizes and binds to the same marks deposited by PRDM9, but it does not directly position the DNA repair machinery. Instead, ZCWPW1 is essential for proper interactions between homologous chromosomes, which are necessary for correct DNA repair and the formation of sperm. The study also shows that ZCWPW1 is highly conserved across many species, suggesting its importance in this biological process. The findings highlight the complex interplay between proteins in ensuring accurate DNA repair during reproduction."
elife-07597-v2,"The research paper discusses the importance of understanding how plant root systems adapt to different environmental conditions. Roots are crucial for absorbing water and nutrients, and their architecture can vary greatly depending on factors like soil type and nutrient availability. The study highlights that different parts of the root system, such as primary and lateral roots, have specialized roles in water and nutrient uptake. To better study these adaptations, the researchers developed a new imaging platform called GLO-Roots. This system allows for detailed observation of root growth and gene expression in soil-grown plants. GLO-Roots uses custom growth vessels, luminescent reporters, and imaging systems to capture detailed images of roots over time. The platform also includes software for analyzing these images, quantifying various root traits, and relating them to environmental variables. The researchers demonstrated the utility of GLO-Roots by studying different plant accessions and observing how their root systems adapted to specific conditions. This work provides valuable tools for understanding how plants respond to their environment at the molecular level, which can help in developing more resilient crops."
elife-73869-v1,"The study investigated whether growing rice alongside aquatic animals like carp, crabs, or turtles could improve rice yields and soil health. The researchers conducted three 4-year field experiments, each involving rice and one of the aquatic animals. They found that rice yields were significantly higher in the co-culture systems compared to rice monoculture. Specifically, rice yields increased by about 9% with carp, 12% with crabs, and 9% with turtles. The aquatic animals also helped in breaking down organic matter and recycling nutrients, which contributed to the improved rice growth. Additionally, the co-culture systems had lower weed biomass, indicating better weed control. The study suggests that integrating aquatic animals with rice farming can enhance productivity and sustainability by stabilizing soil nitrogen and improving nutrient use efficiency. This approach offers a promising method for increasing agricultural output while promoting ecological balance."
