id,summary
elife-31200-v2,"The research explores how the human sense of touch can quickly and accurately determine the orientation of an edge, such as the edge of an object. This ability is crucial for tasks like manipulating objects precisely. The study used a model of the skin and its nerve endings to simulate how touch signals are processed. The model showed that the arrangement of nerve endings in the skin, which have multiple sensitive zones, allows for fine discrimination of edge orientations, especially for shorter edges. This is because different subsets of nerve endings are activated depending on the edge's orientation and length. The researchers also conducted experiments with human participants, who were able to align a pointer based on tactile information very quickly and accurately. This suggests that the brain can process tactile information rapidly and use it to guide precise movements. The findings highlight the importance of the skin's nerve endings in providing detailed tactile information, which is essential for tasks requiring fine motor control. This research could help in developing better prosthetics and rehabilitation techniques for people with touch impairments."
elife-22978-v2,"Researchers wanted to understand how brain activity in the hippocampus, a region crucial for memory, might influence the buildup of amyloid-beta (Aβ), a protein linked to Alzheimer's disease, over time. They also aimed to see if this brain activity and Aβ buildup were related to changes in memory.

The study involved 27 older adults who underwent brain scans and memory tests. The researchers measured brain activity in the hippocampus during a memory task and tracked the accumulation of Aβ over time using PET scans. They also assessed memory performance using a verbal learning test.

The findings showed that higher hippocampal activity at the start of the study was associated with a greater increase in Aβ accumulation over time. This increased Aβ accumulation, in turn, was linked to a decline in memory performance. Interestingly, the relationship between hippocampal activity and Aβ accumulation was specific to the hippocampus and not observed in other brain regions.

The study suggests that increased activity in the hippocampus might contribute to the buildup of Aβ, which could then lead to memory decline. This finding highlights the potential role of hippocampal hyperactivity in the early stages of Alzheimer's disease and underscores the importance of understanding how brain activity and protein accumulation interact over time. Future research could explore whether targeting hippocampal activity might help slow the progression of Alzheimer's disease."
elife-18146-v1,"After a spinal cord injury, the body's nervous system can become overactive, leading to issues like spasticity, where muscles become stiff and tight. This research looked into how the nervous system reorganizes after such an injury and how a protein called Neurotrophin-3 might help. The study found that after an injury, the connections between sensory nerves and motor neurons in the spinal cord become disorganized, leading to increased excitability and spasticity. By injecting Neurotrophin-3 into muscles, the researchers were able to restore normal connections and reduce spasticity. This treatment also improved movement and grip strength in the affected limbs. The findings suggest that Neurotrophin-3 could be a promising therapy for people with spinal cord injuries or stroke, helping to reduce spasticity and improve overall function. The research highlights the potential of targeting specific proteins to repair and reorganize the nervous system after injury, offering hope for better treatments in the future."
elife-26414-v2,"The research paper discusses a new method called SynEM, designed to improve the detection of synapses in the brain's neural circuits. Synapses are crucial for brain function as they allow neurons to communicate with each other. The study aims to address the challenge of accurately identifying synapses in large datasets of brain tissue, which is essential for understanding how neural circuits work.

The researchers developed SynEM using a dataset from the mouse brain's somatosensory cortex. They trained the method on a subset of this data, where synapses were manually annotated by experts. SynEM uses advanced image processing techniques to analyze the data and identify potential synapses. The method was then tested on a separate part of the dataset to evaluate its accuracy.

The findings show that SynEM significantly improves the detection of synapses compared to previous methods. It can accurately identify both excitatory and inhibitory synapses, which are two types of synapses that play different roles in neural communication. The method also reduces the time and effort required for manual annotation, making it a valuable tool for large-scale brain mapping projects.

The implications of this research are significant for the field of neuroscience. Accurate synapse detection is crucial for understanding the complex wiring of the brain and how it processes information. SynEM provides a more efficient and reliable way to analyze brain tissue data, which can help advance our knowledge of neural circuits and potentially lead to new insights into brain disorders."
elife-65074-v3,"The research paper explores how to make complex models of decision-making more accessible and efficient. The main question is how to speed up the process of fitting these models to data, which is crucial for understanding how people make choices and react to stimuli. The researchers developed two methods using neural networks: one based on a multi-layer perceptron (MLP) and another based on a convolutional neural network (CNN). These methods learn to approximate the likelihood of data given different model parameters, which is essential for fitting models to data.

The study tested these methods on various models of decision-making, including the Drift Diffusion Model (DDM) and its extensions. The results showed that both methods can accurately recover the parameters of these models from simulated data, even when the models are complex and do not have analytical solutions. This means that the methods can handle a wide range of decision-making models, making them very flexible.

One of the key benefits of these methods is that they can significantly speed up the process of fitting models to data. Traditional methods can be very slow, especially for complex models, but the neural network-based methods can provide results in a matter of minutes. This makes it possible to test a variety of models and understand how different factors influence decision-making.

The research also highlights the potential for these methods to be used in hierarchical inference scenarios, where individual participant parameters are drawn from group distributions. This is important for improving parameter estimation in realistic cognitive neuroscience datasets, where thousands of trials are not available for each participant.

Overall, the study demonstrates that neural network-based methods can make complex models of decision-making more accessible and efficient, allowing researchers to gain deeper insights into the processes underlying human behavior."
elife-48916-v1,"The research investigates how cancer cells, specifically melanoma cells, spread to lymph nodes (LNs). It shows that when melanoma cells reach the LNs, they attach to specific immune cells called SCS macrophages. These macrophages help the cancer cells survive and start growing by providing necessary signals. The study found that a protein called Siglec1 on the macrophages plays a crucial role in this process. Siglec1 recognizes and binds to sugars on the surface of cancer cells, helping them adhere and grow. The research also shows that reducing the amount of these sugars on cancer cells makes it harder for them to spread to LNs. This finding suggests that targeting Siglec1 or the sugars it binds to could be a new way to prevent cancer from spreading to LNs and potentially to other parts of the body. The study used various techniques, including cell cultures, animal models, and genetic modifications, to understand how cancer cells interact with immune cells in LNs and how this interaction promotes cancer spread."
elife-48051-v2,"The study focused on understanding the immune cell activity in the brains of people with multiple sclerosis (MS), particularly after stopping a medication called natalizumab (NTZ). The researchers used a new technique called Imaging Mass Cytometry (IMC) to analyze brain tissue from a patient who had severe MS symptoms after stopping NTZ. IMC allows for detailed examination of many different cell types and their states in the brain tissue. The researchers found that in this patient, immune cells like microglia and macrophages were highly active, even in areas of the brain that looked normal. They also saw a lot of T cells, especially CD8+ T cells, which are known to be involved in MS. The study confirmed previous findings about immune cell activity in MS and showed that IMC is a powerful tool for studying complex cell interactions in the brain. This research helps us better understand how MS affects the brain and could lead to new treatments for the disease."
elife-02481-v2,"The research paper investigates the molecular mechanisms of ClpB, a protein involved in helping other proteins refold correctly. The study focuses on how ClpB's activity is regulated, particularly through interactions between specific parts of the protein called motifs. The researchers found that deleting a part of ClpB called motif 1 leads to hyperactive behavior, meaning the protein works too hard and can be harmful to cells. This hyperactivity is linked to increased energy use and the ability to unfold proteins more aggressively. The study also reveals that ClpB's structure is more flexible and varied than previously thought, which helps explain how it can switch between active and inactive states. This flexibility allows ClpB to interact with other proteins, like DnaK, which helps it function properly. The findings highlight the importance of motif 1 in controlling ClpB's activity and suggest that understanding these regulatory mechanisms could be crucial for developing treatments for diseases related to protein misfolding, such as Alzheimer's and Parkinson's."
elife-58949-v1,"The research paper investigates the potential of a protein called Lipocalin-2 (LCN2) to reduce appetite and aid in weight loss. The study focuses on non-human primates, specifically vervet monkeys, to understand if LCN2 can cross the blood-brain barrier and affect the hypothalamus, a region of the brain involved in regulating hunger and appetite. The researchers found that LCN2 can indeed cross the blood-brain barrier and localize to the hypothalamus. When lean monkeys were treated with LCN2, they showed a significant reduction in food intake, around 28% compared to baseline and 21% compared to saline-treated monkeys. This reduction in food intake led to a decrease in body weight, serum leptin (a marker of fat stores), and triglyceride levels, although these changes were not statistically significant due to the small sample size. The study also examined the safety of LCN2 treatment by measuring various biomarkers in the monkeys' serum. While there were some increases in certain markers, such as CRP and AST, these were not deemed clinically significant. The researchers also looked at human data and found that LCN2 levels increase after eating in lean individuals, correlating with a decrease in hunger. However, this response is blunted in obese individuals. The study suggests that LCN2 could be a promising target for developing treatments for obesity, but further research is needed to fully understand its potential and safety."
elife-19695-v1,"The research paper discusses how the brain processes sensory information, focusing on the role of certain chemicals called neuromodulators. These chemicals, like acetylcholine and norepinephrine, help regulate the balance between excitatory and inhibitory signals in the brain. The study found that these neuromodulators can enhance sensory processing by increasing inhibition, which helps to suppress unwanted fluctuations in brain activity. This makes it easier for the brain to focus on relevant sensory information. The researchers also created a simple model to simulate how these processes work in the brain. This model was able to reproduce various patterns of brain activity observed in different species and brain regions. The model provides a clear and intuitive way to understand how the brain manages sensory information despite the natural variability in its activity. The findings suggest that by increasing inhibition, the brain can better handle sensory input, improving its ability to process and respond to the environment. This research helps to bridge the gap between complex biological data and simpler, more understandable models, providing insights into how the brain functions."
elife-08954-v1,"The study investigates the role of two proteins, Esrp1 and Esrp2, in the development and function of epithelial cells, which are found in various organs like the skin, lungs, and digestive tract. These proteins are crucial for the proper splicing of genes, a process that ensures genes are correctly read and translated into functional proteins. The researchers created mice lacking these proteins to observe the effects on development and organ function. They found that mice without Esrp1 and Esrp2 had severe developmental defects, including cleft lip and palate, and issues with skin barrier function. The skin of these mice showed increased expression of genes related to skin barrier function, indicating that Esrp proteins are essential for maintaining the skin's protective barrier. The study also revealed that Esrp proteins regulate a network of genes involved in epithelial cell function across multiple organs. This research provides new insights into how these proteins contribute to development and organ function, and it highlights their potential role in human diseases related to epithelial barriers, such as atopic dermatitis and gastrointestinal inflammation. Understanding these mechanisms could lead to better treatments for these conditions."
elife-15292-v2,"The research explored how the brain represents a missing hand after amputation. The study found that even decades after losing a hand, the brain maintains a detailed map of the missing hand's digits. This map includes specific areas for each finger and shows typical patterns of overlap between neighboring fingers. The findings suggest that the brain's representation of the hand is not solely dependent on sensory input from the hand itself. Instead, it seems that the brain's motor system, which controls movement, might play a significant role in maintaining this map. This discovery challenges the traditional view that the brain's sensory areas are quickly taken over by other functions when sensory input is lost. The research also has implications for developing neuroprosthetics, which are artificial limbs controlled by the brain. Understanding that the brain retains a detailed map of the missing hand could help in creating more intuitive and precise control systems for these devices."
elife-15161-v1,"The study investigates how the protein MYC, which is involved in cell growth and cancer, regulates different genes at varying levels within cells. MYC is known to play a crucial role in both normal cell function and cancer development. The researchers wanted to understand why MYC seems to regulate specific genes in some situations but affects all genes transcribed by RNA polymerase II in others. They conducted experiments using different cell types and techniques to measure MYC levels and gene expression. The findings show that MYC's ability to bind to DNA alone is not enough to explain its effects on gene regulation. Instead, MYC interacts with other proteins and components of the cell's machinery to influence gene expression. The study also reveals that the affinity of gene promoters for MYC determines which genes are regulated. Genes with high-affinity promoters are regulated at lower MYC levels, while genes with lower-affinity promoters respond to higher MYC levels. This explains why MYC can have different effects depending on its concentration in the cell. The research suggests that understanding these interactions could lead to new strategies for targeting MYC-dependent cancers. By inhibiting proteins that interact with MYC or genes that are regulated at high MYC levels, it might be possible to selectively stop the growth of cancer cells. The study provides a more nuanced view of how MYC functions, highlighting the importance of its interactions with other cellular components and the varying affinities of gene promoters. This knowledge could be crucial for developing more effective cancer treatments."
elife-01457-v1,"The research paper investigates how certain self-peptides in the body influence the development of immune cells, specifically CD4+ T cells, which are crucial for fighting infections. The study focuses on a self-peptide called gp250 and its role in shaping the immune response to a specific antigen, MCC. The researchers found that gp250 promotes the selection of CD4+ T cells that are particularly effective at recognizing MCC. These T cells have specific characteristics, such as particular combinations of T cell receptor (TCR) genes and conserved sequences in the regions that interact with antigens. The findings suggest that self-peptides like gp250 can influence the immune system's ability to respond to specific antigens by favoring the development of T cells that are better at recognizing those antigens. This research provides new insights into how the immune system is shaped during development and how it can be optimized to respond to specific threats. The implications are significant for understanding immune responses and potentially developing better vaccines or therapies for diseases."
elife-27854-v1,"Researchers have developed a new method for identifying mosquito species using mobile phones. This approach leverages the unique wingbeat frequencies of different mosquito species, which can be recorded using the microphones on smartphones. The study found that by combining these acoustic recordings with metadata such as location and time, the accuracy of species identification significantly improved. For example, when recordings were compared only among species found in the same country, the classification accuracy increased from about 35% to 65%. This method is particularly useful because it allows for large-scale, non-invasive, and cost-effective surveillance of mosquito populations. Field trials in different environments, including a temperate forest and a tropical village, demonstrated the potential of this approach for mapping mosquito distributions and their activity patterns. The use of mobile phones for this purpose is innovative because it leverages existing technology and infrastructure, making it accessible to a wide range of users. This could be especially beneficial in resource-limited areas where traditional surveillance methods are not feasible. The study highlights the potential for citizen science in mosquito surveillance, where volunteers can contribute data by recording mosquito sounds with their phones. This data can then be analyzed to identify species and map their distributions, providing valuable information for mosquito control and disease management. Overall, the research shows that mobile phone-based acoustic surveillance is a promising tool for enhancing mosquito surveillance efforts and improving public health outcomes."
elife-47789-v2,"The research paper investigates a genetic condition called Alexander disease (AxD), which affects the brain's astrocytes, a type of support cell. The study focuses on a specific protein called GFAP, which is found in higher amounts in AxD patients. The researchers used stem cells from AxD patients to create astrocytes in the lab, allowing them to study the disease in a controlled environment. They found that these astrocytes had abnormal accumulations of GFAP around the nucleus, which is similar to what is seen in the brains of AxD patients. The study also looked at how GFAP is modified in AxD, finding that a specific change (phosphorylation) at a site called Ser13 promotes the formation of these abnormal accumulations. Additionally, the researchers discovered that an enzyme called caspase-6 is involved in this process and is more active in the brains of young AxD patients who have a severe form of the disease. The findings suggest that monitoring these changes in GFAP could help diagnose the severity of AxD and potentially lead to new treatments. The study highlights the importance of understanding how proteins are modified and how these modifications contribute to disease, providing insights into the mechanisms of AxD and other similar conditions."
elife-21137-v1,"The research paper investigates how mutations in a specific protein, FGFR2K, affect its activity and structure. FGFR2K is involved in various biological processes, and understanding its behavior is crucial for comprehending diseases like skeletal disorders. The study focuses on mutations at a particular site (K659) and how these mutations influence the protein's ability to switch between active and inactive states. The researchers used advanced techniques like NMR spectroscopy and X-ray crystallography to analyze the protein's structure and dynamics. They found that certain mutations can partially mimic the active state of the protein, but none can fully replicate the activity achieved by phosphorylation, a natural process that activates the protein. The study also explored double mutations, showing that combining mutations from different sites can enhance the protein's activity more effectively than single mutations. This suggests that the protein's design includes multiple regulatory sites, which might serve as a defense mechanism against harmful mutations. The findings highlight the complexity of protein regulation and provide insights into how mutations can lead to diseases, potentially guiding the development of targeted therapies."
elife-00481-v1,"Dengue fever is a viral infection spread by mosquitoes that can cause severe illness, including hemorrhagic fever. Researchers wanted to understand how the virus affects blood vessels, leading to leakage and bleeding. They found that a type of immune cell called mast cells plays a crucial role in this process. When activated by the dengue virus, mast cells release substances that make blood vessels more permeable, allowing fluid to leak out. This leakage can lead to serious complications. The study showed that drugs like cromolyn, which stabilize mast cells, can reduce this leakage. Additionally, the researchers found that high levels of a substance called chymase, released by mast cells, are linked to more severe dengue cases in humans. This suggests that chymase could be a useful marker for predicting the severity of dengue fever. The findings highlight the importance of mast cells in dengue-related vascular damage and point to potential treatments and diagnostic tools for managing the disease."
elife-52986-v1,"The research paper investigates the effects of a specific genetic mutation, Tubb4aD249N, on the brain and nervous system. This mutation is linked to a condition called Hypomyelination with Atrophy of the Basal Ganglia and Cerebellum (H-ABC), which affects myelin, the protective covering of nerve fibers, and leads to neurological problems.

The study used mice with this mutation to understand how it impacts the development and function of brain cells, particularly oligodendrocytes, which produce myelin, and neurons. The researchers found that the mutation causes severe issues with myelin formation, leading to thinner or absent myelin sheaths around nerve fibers. This results in significant problems with nerve signal transmission and contributes to the neurological symptoms seen in H-ABC.

In addition to myelin defects, the mutation also affects the survival and development of neurons, particularly in the cerebellum and striatum, areas of the brain crucial for movement and coordination. The mice with the mutation showed progressive loss of neurons in these regions, which aligns with the motor difficulties observed in individuals with H-ABC.

The study also explored how the mutation affects the dynamics of microtubules, which are essential for cell structure and function. The researchers found that the mutation alters microtubule behavior, potentially impairing the transport of necessary materials within cells. This disruption likely contributes to the observed defects in both oligodendrocytes and neurons.

Overall, the research provides valuable insights into the cellular and molecular mechanisms underlying H-ABC. Understanding these processes is crucial for developing targeted therapies to address the neurological deficits associated with this condition. The mice with the Tubb4aD249N mutation serve as an important model for further studying H-ABC and testing potential treatments."
elife-29985-v2,"The research paper focuses on understanding the structure and function of the PINK1 protein, which is linked to Parkinson's disease. PINK1 is a kinase, an enzyme that adds phosphate groups to other proteins, and mutations in PINK1 can lead to early-onset Parkinson's disease. The study solved the crystal structure of a part of the PINK1 protein from the beetle Tribolium castaneum (TcPINK1), revealing key details about its active site and how it interacts with its substrates, such as ubiquitin. The researchers found that specific regions of the protein, particularly a unique loop (Ins3), are crucial for recognizing and binding to ubiquitin. They also identified important residues for ATP binding and catalytic activity. Additionally, the study mapped known Parkinson's disease-causing mutations onto the TcPINK1 structure, showing how these mutations might disrupt the protein's function. This work provides a foundation for future studies on human PINK1 and could aid in developing treatments for Parkinson's disease. The findings highlight the importance of understanding the molecular basis of PINK1's activity and how mutations affect its function, offering insights into potential therapeutic targets."
elife-21992-v3,"The research investigates how a specific enzyme, Cers2b, affects gene expression and sphingolipid metabolism during early development in zebrafish. Sphingolipids are crucial for cell membranes and signaling. The study found that Cers2b can repress its own gene expression and that this repression is relieved by the presence of sphingosine, a type of sphingolipid. This suggests that Cers2b acts as a sensor for sphingosine levels, adjusting its activity to maintain balance. The researchers also discovered that Cers2b is important for protecting embryos from the harmful effects of excess sphingosine. In zebrafish embryos with a mutation in the sphingosine kinase 2 (Sphk2) gene, which converts sphingosine to sphingosine-1-phosphate (S1P), there is an increase in sphingosine levels. These mutant embryos show developmental delays but are resistant to sphingosine toxicity due to the upregulation of Cers2b. The study provides new insights into how cells regulate sphingolipid metabolism and how this regulation is crucial for proper development. Understanding these mechanisms could have implications for reproductive health and in vitro fertilization technologies."
elife-18020-v2,"The research investigates the role of the protein p21 in maintaining proper DNA replication, which is crucial for preventing genomic instability and cancer. The study found that p21 helps to regulate the choice of DNA polymerases during replication, ensuring that the correct enzymes are used to copy DNA accurately. When p21 is depleted, cells experience replication stress and genomic instability, leading to an increased risk of cancer. The researchers conducted experiments in both cancer cells and primary human cells, showing that p21's role in promoting accurate DNA replication is essential in all cell types. The findings suggest that p21 is not just a negative regulator of the cell cycle, as previously thought, but also plays a positive role in ensuring proper DNA replication. This new understanding of p21's function highlights its importance in maintaining genomic stability and preventing cancer. The research also provides insights into how p21 interacts with other proteins, such as PCNA, to regulate DNA replication and suggests that targeting p21's interactions could be a potential strategy for cancer therapy."
elife-22900-v3,"The research paper investigates how certain proteins, XRCC4 and XLF, help repair damaged DNA. These proteins form complexes that bridge and stabilize broken DNA ends, which is crucial for accurate repair. The study found that when specific sites on these proteins are altered to mimic phosphorylation (a process that changes protein behavior), the proteins lose their ability to bridge DNA effectively. This impairment affects the cell's ability to repair DNA damage caused by certain drugs, like neocarzinostatin. The researchers used various cell lines and genetic techniques to show that both the formation and disassembly of these protein complexes are essential for proper DNA repair. The findings suggest that phosphorylation plays a key role in regulating the behavior of XRCC4 and XLF, ensuring that DNA repair is accurate and efficient. This research highlights the importance of understanding these molecular mechanisms for developing better treatments for diseases related to DNA damage, such as cancer."
elife-11611-v2,"The research paper investigates how cells establish and maintain a specific shape and structure, a process known as cell polarity. The study focuses on the role of certain proteins, particularly Cdc42 and Bem1, in this process. The researchers used yeast cells as a model to observe how these proteins interact and move within the cell. They employed advanced imaging techniques to track the proteins' behavior in real-time. The findings suggest that Cdc42 and Bem1 work together to create and sustain a polarized state, where one part of the cell is distinct from the rest. This polarization is crucial for various cellular functions, such as cell division and movement. The study also developed mathematical models to simulate the interactions between these proteins, providing insights into the underlying mechanisms. The research highlights the importance of understanding cell polarity for comprehending fundamental biological processes and potential implications for diseases where cell shape and movement are disrupted."
elife-57180-v1,"The research paper explores how different factors influence the function and behavior of the protein Hsp90, which is crucial for many cellular processes and is a target for cancer treatments. Hsp90 exists in different shapes, or conformations, and its function depends on switching between these shapes. The study investigates three ways to alter Hsp90's conformation and activity: a specific point mutation, interaction with a co-chaperone protein called Aha1, and the presence of a crowded molecular environment, mimicked by a substance called Ficoll400. All three methods increased the proportion of Hsp90 in a closed, active conformation and boosted its ATPase activity, which is essential for its function. However, the underlying mechanisms differed significantly. The point mutation destabilized the open conformation, the co-chaperone Aha1 both destabilized the open conformation and stabilized the closed one, and the crowded environment primarily stabilized the closed conformation. The findings highlight the importance of considering both the thermodynamic (energy-related) and kinetic (rate-related) aspects of protein regulation. They also show that even non-specific factors like molecular crowding can have substantial effects on protein function, which is crucial for understanding how proteins work in living cells. This research provides insights into how Hsp90's function can be modulated, which is relevant for developing targeted cancer therapies."
elife-08752-v1,"Wolfram syndrome is a genetic disorder that affects multiple organs, including the brain, and can lead to severe psychiatric issues such as depression and suicidal tendencies. People who carry one copy of the mutated gene (Wfs1) can also experience depression. Studies on mice with this gene knocked out have shown that they struggle with stress and exhibit behaviors similar to depression. The researchers focused on a specific part of the brain, the medial prefrontal cortex (mPFC), which is involved in regulating stress and mood. They found that deleting the Wfs1 gene in this brain region makes mice more sensitive to stress and more likely to show depressive behaviors. This suggests that the Wfs1 gene is crucial for helping the brain cope with stress. The study also identified specific proteins and receptors in the brain that might be involved in this process. Understanding how these proteins and receptors work could lead to new treatments for depression, especially for people with Wolfram syndrome. The findings highlight the importance of the Wfs1 gene in mental health and provide a basis for further research into stress-related disorders."
elife-44558-v2,"Plants have an internal clock that helps them regulate various processes over a 24-hour cycle. This study focused on understanding how two specific proteins, MAC3A and MAC3B, influence this clock. These proteins are part of a larger complex that helps with gene splicing, a process crucial for proper gene function. The researchers created plants that constantly expressed MAC3B and found that this altered the plants' internal clock, suggesting that these proteins play a key role in maintaining the correct timing of the circadian rhythm. They also used a technique called ""decoy proteins"" to identify other proteins that interact with MAC3A and MAC3B, revealing that these proteins form important complexes within the plant. The study highlights the importance of these proteins in the plant's internal clock and gene regulation, and it provides a new method for studying similar processes in plants. This research could help in developing plants that are better adapted to different environmental conditions, potentially improving agriculture."
elife-53895-v3,"The research paper investigates the role of R-spondin proteins in kidney development, specifically focusing on how these proteins help maintain and differentiate nephron progenitor cells, which are crucial for forming the functional units of the kidney. The study found that R-spondin proteins are essential for the survival and proper functioning of these progenitor cells. When R-spondin proteins were removed, the progenitor cells failed to proliferate and differentiate correctly, leading to severe kidney defects. The researchers used various genetic techniques to delete R-spondin proteins in different cell types and at different stages of development. They observed that the loss of these proteins resulted in a significant reduction in the number of progenitor cells and impaired the formation of nephrons, the filtering units of the kidney. The study also explored the mechanisms by which R-spondin proteins act, finding that they primarily work through a signaling pathway involving beta-catenin. This pathway is crucial for cell proliferation and differentiation. The findings suggest that R-spondin proteins play a critical role in ensuring that the kidney develops correctly by maintaining a healthy pool of progenitor cells and promoting their differentiation into functional nephrons. This research has implications for understanding kidney development and may provide insights into potential treatments for kidney diseases."
elife-59885-v3,"The research explores how cells control the process of exiting mitosis, a crucial phase in cell division. The study focuses on the roles of specific enzymes called phosphatases, particularly PP1 and PP2A-B55, and the protein-degrading machinery called the APC/C. The researchers used advanced techniques to track changes in protein phosphorylation and degradation over time in human cells. They found that the destruction of a protein called cyclin B is a key trigger for the cell to exit mitosis. This destruction initiates a cascade of dephosphorylation events, which are carefully timed and ordered. The phosphatases PP1 and PP2A-B55 play distinct but complementary roles in this process, ensuring that the cell progresses through mitosis in an orderly fashion. The study also highlights the importance of the APC/C in degrading specific proteins at different stages of mitotic exit, which helps reset the cell for the next phase of the cell cycle. Overall, the findings provide a detailed understanding of the molecular mechanisms that control mitotic exit, which is essential for proper cell division and genetic stability. This research could have implications for understanding and treating diseases related to cell division, such as cancer."
elife-30789-v2,"The research paper explores how specific proteins, known as ZHP proteins, play a crucial role in the process of meiosis, particularly in ensuring that chromosomes separate correctly during cell division. Meiosis is essential for sexual reproduction, as it reduces the number of chromosomes in reproductive cells by half. The study focuses on the worm C. elegans and reveals that ZHP proteins help in designating specific sites on chromosomes where crossovers (recombinations) occur. These crossovers are vital for proper chromosome separation. The researchers found that ZHP proteins accumulate at these crossover sites and help in the remodeling of chromosomes, ensuring that only one crossover per chromosome pair is formed. This process is tightly regulated to prevent errors that could lead to genetic disorders. The study also shows that ZHP proteins work together with other proteins, such as PLK-2, to control the timing and location of crossovers. By understanding how these proteins function, scientists can gain insights into the mechanisms that ensure accurate chromosome segregation during meiosis, which is fundamental for healthy reproduction. This research highlights the importance of ZHP proteins in maintaining genetic stability and could have implications for understanding and treating genetic disorders related to meiosis."
elife-34944-v3,"The research paper investigates how charged molecules, like drugs or neurotransmitters, interact with proteins on cell membranes. Specifically, it looks at the serotonin transporter (SERT), a protein that helps move serotonin, a neurotransmitter, across cell membranes. The study uses a mathematical model called the Gouy-Chapman model to understand these interactions. This model helps explain how charged particles distribute near a charged surface, like a cell membrane.

The researchers found that when charged molecules, such as cocaine or serotonin, bind to SERT, they cause a small electrical current and a change in the membrane's capacitance (a measure of how much electrical charge it can hold). These changes happen because the binding of charged molecules alters the electrical properties of the membrane. The study shows that these changes can be detected and measured, providing a way to study how drugs and neurotransmitters interact with membrane proteins in real-time.

This research is important because it offers a new method to study drug-protein interactions on cell membranes. By understanding these interactions better, scientists can develop more effective drugs and treatments for conditions related to serotonin, such as depression and anxiety. The findings also highlight the importance of the electrical properties of cell membranes in biological processes."
elife-04660-v2,"The research paper explores the complexity of sensory neurons in the somatosensory system, which is responsible for detecting touch, temperature, and pain. The study aimed to understand the molecular organization of these neurons by analyzing their gene expression patterns. Researchers used advanced techniques to sort and analyze different types of sensory neurons from mice, focusing on three major classes: those involved in pain and itch (SNS-Cre/TdTomato+), those involved in proprioception (Parv-Cre/TdTomato+), and a newly identified group related to itch (Group VI). They found that these neurons have distinct molecular signatures, indicating different functional roles. For example, Group VI neurons co-express genes related to itch, suggesting they play a specific role in itch sensation. The study also revealed a high degree of heterogeneity within these neuron populations, with many new markers and subtypes identified. This research highlights the intricate molecular diversity of sensory neurons and sets the stage for future studies to explore how these molecular differences contribute to their specific functions. Understanding these details is crucial for developing targeted therapies for conditions related to sensory dysfunction, such as chronic pain and itch."
elife-07839-v2,"The study investigates how specific genetic deletions affect blood cell production in mice, particularly focusing on a region on chromosome 7 that is often deleted in a blood disorder called myelodysplastic syndrome (MDS). Researchers created mice with a deletion in this region and observed changes in their blood stem cells over time. They found that these mice had an imbalance in blood cell types, with more myeloid cells (like white blood cells) and fewer lymphoid cells (like immune cells). This imbalance became more pronounced as the mice aged. The study also looked at how these genetic changes affected the stem cells' ability to produce different types of blood cells and their metabolic activity. The findings suggest that the deletion in this chromosome region contributes to the development of MDS by altering how blood stem cells function and differentiate. This research provides insights into how genetic mutations can lead to blood disorders and may help in developing better treatments for conditions like MDS."
elife-09269-v2,"The research explores how the plant hormone auxin triggers the formation of flowers, a crucial process for plant reproduction and human food supply. Auxin signals the plant to start forming flowers by changing the structure of DNA in specific cells. The study found that a protein called MP plays a key role in this process. MP recruits other proteins, BRM and SYD, to the DNA, which then make the DNA more accessible for other proteins to bind and start the process of making new flowers. The researchers showed that when they artificially brought BRM and SYD to the DNA, it could fix the flower formation problem in mutant plants that lack MP. This suggests that MP's main job is to bring BRM and SYD to the DNA to start the flower-making process. The study also found that another set of proteins, Aux/IAA, normally block MP from recruiting BRM and SYD until auxin is present. This ensures that flowers only form when auxin signals it's time. The findings provide a detailed look at how auxin controls flower formation and could help in understanding how plants respond to hormonal signals more broadly. This mechanism might be ancient and conserved across many plant species, highlighting its importance in plant development."
elife-52125-v2,"The research paper investigates how a protein called Ocr, produced by a virus called T7, can interfere with the transcription process in bacteria. Transcription is the process by which a cell reads its DNA to make RNA, which is then used to make proteins. The study found that Ocr can bind to the bacterial RNA polymerase, the enzyme responsible for transcription, and block it from starting the transcription process. This is because Ocr mimics the shape and charge of DNA, allowing it to fit into the DNA-binding sites of the RNA polymerase. The researchers conducted experiments both in test tubes and in living bacteria to show that Ocr can significantly reduce transcription activity. They also found that Ocr can compete with sigma factors, which are proteins that help RNA polymerase recognize the correct starting points on the DNA. This competition prevents the formation of the RNA polymerase-sigma complex, which is necessary for transcription to begin. The findings suggest that Ocr is a multifunctional protein that not only protects the viral DNA from the bacterial restriction enzymes but also shuts down the host's transcription machinery. This dual function helps the virus take over the bacterial cell more effectively. The research highlights the potential of using DNA mimicry as a therapeutic strategy to inhibit bacterial transcription and reduce bacterial survival, especially under stress conditions."
elife-03164-v1,"The research paper investigates the role of a protein called eEF1A1 in the heat shock response (HSR), a process that helps cells cope with stress. When cells are exposed to high temperatures, they produce heat shock proteins (HSPs) like HSP70 to protect themselves. The study found that eEF1A1 is crucial for the production of HSP70. It helps in the transcription, stabilization, transport, and translation of HSP70 mRNA. Without eEF1A1, cells struggle to produce HSP70, making them more vulnerable to heat stress. The findings suggest that eEF1A1 could be a target for treating diseases where the heat shock response is disrupted, such as certain neurodegenerative conditions. The research also explains why motor neurons, which express a different form of eEF1A, do not produce HSPs effectively, contributing to their vulnerability in diseases like ALS. Overall, the study highlights the importance of eEF1A1 in the heat shock response and its potential as a therapeutic target."
elife-22345-v2,"The research explores the role of the protein Stella in early mouse development, specifically during the maternal-to-zygotic transition (MZT). This transition is crucial for the embryo's development, as it involves significant changes in gene expression and the activation of the zygotic genome. The study found that Stella is essential for the proper activation of certain genes and transposable elements (TEs), which are segments of DNA that can move around within the genome. In particular, Stella helps to activate a type of TE called MuERV-L, which is highly active during the 2-cell stage of embryonic development. When Stella is absent, MuERV-L and other TEs are not properly regulated, leading to developmental issues. The researchers also discovered that the expression of MuERV-L is linked to the expression of nearby genes, suggesting that TEs play a role in regulating gene activity during early development. By reducing MuERV-L levels, the researchers observed delays in embryonic development, indicating that MuERV-L has a functional role in this process. Overall, the study highlights the importance of Stella and TEs in the early stages of mouse development and provides insights into how these elements contribute to the successful transition from maternal to zygotic control."
elife-59709-v2,"The study explores how alcohol consumption affects stress responses in mice, focusing on the brain regions involved in stress and reward. Researchers found that mice that drank alcohol showed altered reactions to a stressor, specifically a predator odor. These mice were less likely to avoid the odor and showed different behaviors, such as reduced burying, which is typically a coping mechanism in rodents. The study identified that a specific brain pathway, from the prefrontal cortex to the bed nucleus of the stria terminalis (BNST), plays a crucial role in these altered stress responses. This pathway involves the neurotransmitter glutamate and the neuropeptide dynorphin, which are both affected by alcohol consumption. The researchers used various techniques, including genetic manipulation and chemical inhibition, to show that reducing the activity of this pathway can normalize the stress responses in alcohol-consuming mice. The findings suggest that targeting this brain pathway could be a potential strategy for treating alcohol use disorders by improving stress coping mechanisms. This research highlights the complex interplay between alcohol, stress, and brain chemistry, offering insights into how alcohol affects behavior and potential avenues for therapeutic intervention."
elife-10113-v2,"The research paper investigates how specific mutations in tubulin, a protein that forms microtubules, affect the dynamics of these structures. Microtubules are essential for various cellular processes, including cell division and intracellular transport. The study focuses on a mutation in the β-tubulin subunit, specifically the β:T238A mutation, and its impact on microtubule behavior.

The researchers found that microtubules with the β:T238A mutation are more resistant to depolymerization, a process where microtubules break down. This resistance is due to the mutation's effect on the conformation of tubulin subunits, making them less likely to adopt a curved shape that promotes depolymerization. The study also explored other mutations at the same position (T238) and found that different amino acid substitutions had varying effects on microtubule dynamics, suggesting that the size and properties of the amino acid at this position are crucial for microtubule stability.

The findings highlight the importance of specific amino acids in tubulin in regulating microtubule dynamics. Understanding these mechanisms can provide insights into how microtubules are controlled in cells and may have implications for developing therapies for diseases where microtubule dynamics are disrupted, such as cancer. The research demonstrates that even small changes in tubulin structure can have significant effects on microtubule behavior, underscoring the delicate balance that maintains cellular function."
elife-27369-v2,"The research investigates how a protein called H-NS regulates gene expression in bacteria. H-NS can bind to DNA and form structures that either stiffen the DNA or bridge different parts of it, affecting how genes are turned on or off. The study created a mutant version of H-NS that can only form dimers, not larger structures, to understand its behavior better. They found that this mutant cannot stiffen or bridge DNA, confirming that H-NS needs to form larger structures to do these tasks. The research also looked at how magnesium ions (Mg2+) and potassium ions (K+) affect H-NS. Mg2+ helps H-NS form bridges between DNA strands, while high concentrations of K+ prevent this bridging. The study used computer simulations to show that Mg2+ keeps H-NS in an ""open"" conformation, allowing it to bridge DNA, while K+ promotes a ""closed"" conformation that blocks bridging. Additionally, the study examined how other proteins, like Hha and YdgT, interact with H-NS to enhance its DNA-bridging ability. The findings suggest that H-NS's ability to regulate genes is complex and can be modulated by different ions and interacting proteins, providing a way for bacteria to adapt to changing environments. This research helps understand how bacteria control gene expression and how they might respond to environmental changes."
elife-40045-v2,"The research paper explores the differences between two proteins, DLL1 and DLL4, which are involved in cell communication and development in animals. These proteins interact with receptors called Notch on the surface of cells, triggering a series of events that regulate various developmental processes. DLL1 and DLL4 have similar structures but perform different functions depending on the context. The study aimed to understand why these proteins behave differently, focusing on their external and internal regions. The researchers created chimeric proteins by swapping parts of DLL1 and DLL4 and tested them in cell cultures and mice. They found that the external regions of these proteins are crucial for their distinct functions during development, particularly in the formation of body segments and muscle development. The study also showed that DLL1 and DLL4 can distinguish between different Notch receptors, with DLL4 being more effective at activating one type of Notch receptor (Notch1) and less effective at activating another (Notch2). The differences in function are not solely due to the specific contact points where the proteins bind to Notch receptors but also involve other parts of the proteins. This research highlights the complexity of cell communication and the importance of understanding the specific roles of different proteins in development. The findings could have implications for understanding developmental disorders and designing targeted therapies."
elife-56911-v2,"The study investigated how people make decisions in a task where they could move in different directions to collect points. Participants had to learn the value of different images and the best moves to maximize their points. The task varied between allowing one or two moves per trial, which required different strategies. The researchers wanted to understand if people use simple, habit-based learning (model-free) or more complex, goal-directed planning (model-based). They found that participants improved over time and could adjust their strategies based on the number of allowed moves. The study also used brain imaging to decode the mental representations of images and moves, showing that people replayed past decisions in their minds. This replay was linked to how flexible people were in changing their strategies. The findings suggest that people use a combination of both simple and complex decision-making processes, and that brain activity related to replaying past decisions helps in adapting to new situations."
elife-10047-v2,"Researchers developed a method to efficiently identify how different drugs affect the location of proteins within cells. They used automated microscopy and image analysis to study the effects of 96 drugs on 96 different proteins. The method involved an active learning approach, where the system selected the most informative experiments to perform next, based on the results of previous experiments. This allowed the researchers to identify patterns and make predictions about how drugs would affect protein localization without having to test every possible combination. The study found that the active learning method could accurately predict the effects of drugs on protein localization, even for proteins it had not seen before. The researchers also identified over 50 distinct patterns of protein localization, which they called ""phenotypes."" These phenotypes were often subtle and difficult to distinguish by eye, but the numerical features used by the system could reliably differentiate them. The study demonstrated the feasibility of using active learning to efficiently discover drug effects on protein localization, which could help in the development of new drugs and the understanding of biological processes. The researchers also noted that future work should address methodological shortcomings, such as improving image quality control and assessing variation in measurement results for different experiments. Overall, the study showed that active learning can be a powerful tool for efficiently exploring large experimental spaces and making accurate predictions about biological systems."
elife-68388-v3,"The research explored how pre-existing memory CD4 T cells influence the immune response to the hepatitis B (HB) vaccine. The study found that individuals with a stronger and earlier immune response to the vaccine had specific memory CD4 T cells before vaccination. These cells were identified using a novel predictive model that analyzed T cell receptor (TCR) sequences. The study also discovered that individuals with a delayed response to the vaccine had a higher frequency of a specific type of regulatory T cell (TREG) before vaccination. These TREG cells, characterized by the presence of the 4-1BB marker, might play a role in suppressing the immune response. The findings suggest that analyzing the TCR repertoire before vaccination could help predict how well someone will respond to the HB vaccine. This could be useful for developing personalized vaccination strategies. The research also highlights the potential role of regulatory T cells in modulating vaccine-induced immunity, which could be a target for future interventions to improve vaccine effectiveness."
elife-57595-v2,"The research investigates how the brain controls small, involuntary eye movements during fixation, known as ocular drifts. These drifts are crucial for maintaining clear vision and processing visual information. The study found that these drifts can be rapidly modulated by visual stimuli, suggesting that the brain has precise control over them. The researchers used monkeys as subjects and presented various visual stimuli, such as sudden changes in brightness or patterns, to observe how these stimuli affected eye movements. They found that the drifts were influenced by the spatial frequency and orientation of the visual stimuli, indicating that the brain processes these visual features quickly and adjusts eye movements accordingly. The study also explored whether these drifts were accompanied by head movements or changes in pupil size, but found no significant correlation. The findings suggest that the brain uses these small eye movements to optimize visual processing, possibly by enhancing the detection of certain visual features. This research contributes to our understanding of how the brain controls eye movements and processes visual information, which could have implications for developing treatments for visual disorders."
elife-28590-v2,"The research paper investigates how a specific genetic region, called the ZRS, controls the expression of the Shh gene during limb development in mice. The Shh gene is crucial for determining the identity and number of digits in the limbs. The ZRS acts as an enhancer, a segment of DNA that increases the likelihood that a particular gene will be expressed. The study found that a signaling pathway involving Fibroblast Growth Factors (FGFs) is essential for priming the ZRS, making it ready to activate Shh expression. When FGF signaling is inhibited, the ZRS loses its primed state, and Shh expression is disrupted. The researchers also identified specific proteins, GABPα and ETV4, that play opposing roles in regulating Shh expression. GABPα promotes Shh activation by recruiting a co-activator protein called p300, while ETV4 acts as a repressor by associating with a protein called HDAC2. The balance between these activator and repressor factors is crucial for ensuring that Shh is expressed only in the correct region of the developing limb. The findings provide insights into how genetic enhancers operate over long distances and how misregulation of these processes can lead to developmental abnormalities, such as extra digits. Understanding these mechanisms is important for comprehending normal limb development and the genetic basis of congenital limb defects."
elife-03145-v1,"The research paper explores how a protein called AcrB, found in bacteria, moves drugs and protons across cell membranes. AcrB is crucial for bacterial resistance to antibiotics. The study used advanced computer simulations and structural analysis to understand how AcrB works. The researchers found that AcrB has dynamic pathways that allow water molecules to move in and out, which is essential for its function. These pathways change shape depending on the protein's state, allowing protons to move from one side of the membrane to the other. The study also showed that a specific part of the protein, called R971, acts as a barrier to prevent protons from leaking back into the cell. This discovery helps explain how AcrB uses the energy from proton movement to pump drugs out of the cell, making bacteria resistant to antibiotics. Understanding this mechanism could lead to new ways to fight antibiotic-resistant bacteria by developing drugs that target AcrB."
elife-38992-v2,"The research explores how organs like the kidneys, lungs, and mammary glands develop through a process called branching morphogenesis. This process involves the growth and division of cells to form networks that facilitate the exchange of substances and transport of waste or secretions. In the kidneys, this involves the ureteric bud (UB) and surrounding mesenchymal cells. A recent theory proposed that branching morphogenesis in various organs might follow a similar pattern, where branching stops when cells get too close to each other. The study investigated whether this theory applies to kidney development. The researchers found that the formation of nephrons (the functional units of the kidney) does not influence the branching of the ureteric bud. They observed that almost all tips of the branching ureteric tree carry an attached nephron and that tips with attached nephrons can still branch. The study also showed that the length of the tips and the rate of cell division do not change based on the presence of nephrons. Overall, the findings suggest that kidney development does not follow the same branching rules as the mammary gland, and that nephron formation does not affect the branching process in the kidney. This research is important for understanding how organs develop and may have implications for understanding kidney diseases and related health issues."
elife-10935-v2,"The research investigates a potential treatment for systemic light chain amyloidosis, a disease where misfolded proteins form harmful clumps in the body. The key idea is to stabilize the normal form of a protein called VL, which exists as a pair (dimer) but can break apart into harmful single units (monomers) that form amyloid fibrils. The study screened various chemical compounds to find those that bind to the VL dimer, preventing it from breaking apart and forming harmful clumps. Two compounds, methylene blue and sulfasalazine, were particularly effective. The researchers used various techniques to confirm that these compounds bind to the VL dimer and prevent it from forming amyloid fibrils. This approach could lead to new treatments for systemic light chain amyloidosis by stabilizing the VL dimer and preventing the harmful clumping of proteins. The findings suggest that targeting the hydrophobic cavity where the VL dimers bind could be a promising strategy for developing effective medications."
elife-00334-v1,"The research paper investigates how a specific enzyme, called XPD helicase, unwinds DNA. DNA is typically double-stranded, but sometimes it needs to be unwound into single strands for processes like copying or repairing. The study used advanced techniques to observe the enzyme in action at a very detailed level. They found that XPD helicase unwinds DNA in a way that is partly active and partly passive. This means the enzyme both helps to break the bonds between the DNA strands and takes advantage of natural fluctuations where the DNA strands briefly separate on their own. The enzyme's activity is also influenced by the sequence of the DNA, with certain sequences making it easier or harder for the enzyme to work. This sequence dependence is important for the enzyme's role in cellular processes like DNA repair and transcription, where it needs to unwind short sections of DNA. The findings suggest that the enzyme's partners in the cell might help regulate its activity, ensuring it works efficiently in different contexts. This research provides a detailed understanding of how XPD helicase functions, which is crucial for understanding its role in maintaining genetic information and preventing diseases."
elife-10767-v2,"The research paper investigates a gene called CDKG1 in the green alga Chlamydomonas. The study aims to understand how this gene affects cell size and division. Scientists created mutants of Chlamydomonas with disrupted CDKG1 genes and observed that these mutants had larger cells, indicating that CDKG1 plays a role in controlling cell size. They also found that CDKG1 interacts with other proteins involved in cell division. To confirm their findings, the researchers introduced a functional version of CDKG1 back into the mutants, which restored normal cell size. Additionally, they studied the expression patterns of CDKG1 throughout the cell cycle and found that it peaks during the division phase. This research highlights the importance of CDKG1 in regulating cell size and division in Chlamydomonas, providing insights into fundamental biological processes that could have broader implications for understanding cell growth and division in other organisms."
elife-04637-v2,"The study investigated how genetic material is exchanged during reproduction in humans, focusing on a process called non-crossover gene conversion (NCO). NCO is a type of genetic recombination that occurs without exchanging large segments of DNA between chromosomes. The researchers analyzed data from Mexican American families to understand how often NCO happens and how it affects the genetic makeup of offspring. They found that NCO occurs frequently, affecting about 17 sites in each meiosis (the process of cell division that produces egg or sperm cells). Importantly, they discovered that NCO often leads to the preferential transmission of G or C alleles, a phenomenon known as GC-biased gene conversion (gBGC). This bias means that over time, regions of the genome that experience NCO tend to accumulate more G and C nucleotides, which can influence the evolution of genetic sequences. The study also revealed complex patterns of NCO, including cases where multiple NCO events cluster within short genetic distances. These findings provide new insights into the mechanisms of genetic recombination and their role in shaping human genetic diversity. Understanding NCO and gBGC is crucial for studying genetic diseases, evolutionary biology, and the development of genetic therapies."
elife-04539-v2,"The research paper explores how cells handle obstacles during DNA replication, specifically focusing on replication fork barriers (RFBs). When a replication fork encounters an RFB, it can stall, leading to potential genetic instability. The study found that cells use a process called replication fork restart (RDR) to overcome these barriers. This process involves the recruitment of proteins like Rad51, which help to restart the stalled fork. However, this restart process is not always accurate, sometimes leading to errors such as template slippage or switching. The researchers suggest that these errors occur because the restarted fork is unstable, allowing Rad51 and other proteins to engage frequently, which can cause ectopic recombination—where DNA from different parts of the genome is incorrectly joined. This instability can result in genetic changes, including deletions or over-replication of DNA. The study highlights the importance of timely DNA replication to prevent issues like chromosome missegregation, which can contribute to cancer development. Understanding these mechanisms is crucial for developing strategies to maintain genomic stability and prevent diseases associated with DNA replication errors."
elife-33099-v2,"The research explores how bacteria, specifically Bacillus subtilis, manage their metabolism when they have access to two preferred carbon sources, glucose and malate. When both are available, the bacteria consume them simultaneously, leading to rapid growth but also the accumulation of acetate, a harmful byproduct. As acetate levels rise, the bacteria switch to producing acetoin, a non-toxic alternative. The study found that within a bacterial population, different cells specialize in either producing acetate or detoxifying it by producing acetoin. This specialization is controlled by a genetic competence system, which allows some cells to temporarily switch to a state where they produce acetate and other metabolic byproducts. Later, as acetate levels become toxic, other cells switch to producing acetoin, which helps the entire population survive. This dynamic process is crucial for understanding bacterial growth and could have implications for metabolic engineering and industrial fermentation. The findings suggest that bacteria use a strategy of metabolic specialization to handle environmental changes efficiently, ensuring their survival and growth in varying conditions."
elife-11835-v1,"The research paper explores how different methods of analyzing protein phosphorylation can yield different results. Phosphorylation is a process where a phosphate group is added to a protein, often activating it. The study focused on the epidermal growth factor receptor (EGFR), which is crucial for cell growth and division. The researchers used various techniques, including Western blotting, far-Western blotting, and mass spectrometry, to measure phosphorylation levels after treating cells with epidermal growth factor (EGF). They found that these methods sometimes gave conflicting results because they measure different aspects of phosphorylation. For instance, Western blotting and far-Western blotting integrate signals from all phosphorylation sites on a protein, while mass spectrometry detects only a subset of these sites. This discrepancy is more pronounced in proteins with many phosphorylation sites, like EGFR. The study also revealed a surprising delay in the binding of certain proteins (SH2 domains) to phosphorylated sites on the membrane after EGF treatment. This delay is not due to the availability of binding sites but rather to the clustering of phosphorylated sites, which slows down the binding process. The researchers suggest that this delay could affect how cells respond to signals, potentially influencing processes like cell growth and division. The findings highlight the importance of using multiple methods to study complex biological processes, as each method provides a different piece of the puzzle. This approach can lead to a more comprehensive understanding of how cells communicate and respond to their environment."
elife-09178-v3,"The study investigated how genetic variations in different strains of the worm C. elegans affect the survival of embryos when specific genes are disrupted. The researchers looked at 55 strains of the worm and targeted 29 genes, observing how the worms responded to gene disruptions using a technique called RNA interference (RNAi). They found that the survival of embryos varied significantly among the strains, even when the same gene was disrupted. This variation was due to differences in other genes (extragenic modifiers) rather than the targeted gene itself. The study also showed that these genetic variations, which are hidden under normal conditions, become apparent when the worms are stressed by gene disruptions. This kind of hidden genetic variation could have important implications for understanding how traits evolve and how genetic diseases might be influenced by multiple genes. The findings highlight the complexity of genetic interactions and the importance of considering genetic background when studying the effects of gene disruptions."
elife-02963-v2,"The research paper investigates the role of the protein SYCP3 in the organization and compaction of chromosomes during meiosis, the process by which cells divide to produce eggs and sperm. SYCP3 is crucial for forming the synaptonemal complex, a structure that holds pairs of chromosomes together during meiosis. The study found that SYCP3 can directly bind to DNA and self-assemble into filamentous structures. This self-assembly is driven by specific regions at the ends of the SYCP3 protein, which allow it to form regular, striated fibers. The researchers propose that SYCP3 acts like a molecular scaffold, tethering distant parts of chromosomal DNA together and compacting the chromosome axis into a concertina-like structure. This compaction is essential for proper chromosome alignment and segregation during meiosis, ensuring that the resulting eggs and sperm have the correct number of chromosomes. The findings help explain how SYCP3 contributes to the structural integrity of chromosomes during meiosis and why mutations in SYCP3 can lead to infertility and genetic disorders. Understanding this process is important for reproductive health and for developing treatments for infertility and genetic diseases."
elife-33402-v2,"[START] DNA repair is crucial for maintaining the integrity of our genetic material, and it is often disrupted in cancer cells. Many cancer treatments, including PARP inhibitors, target these repair pathways to kill rapidly dividing, repair-deficient cells. One key process in DNA repair is called 5’ end resection, which helps determine how a broken DNA strand will be repaired. This process is tightly controlled and involves several proteins. Two important proteins, Rev7 and 53BP1, act as brakes on this process, ensuring that it doesn't happen too quickly or in the wrong way. When these brakes are removed, cells can become resistant to certain cancer treatments, like PARP inhibitors. Researchers developed a new method to watch this process in real-time in single cells of a simple organism called fission yeast. They found that when Rev7 or 53BP1 is missing, the DNA repair process speeds up dramatically, using a different set of tools than usual. This speedy repair can make cancer cells resistant to PARP inhibitors. The findings suggest that targeting the proteins involved in this speedy repair process could help overcome this resistance, making PARP inhibitors more effective against certain types of cancer. [END]"
elife-40578-v2,"The research paper explores how muscle fatigue affects the learning of new motor skills. The study is important because it helps us understand how physical exhaustion impacts our ability to acquire and improve skills, which is relevant for athletes, musicians, and anyone undergoing physical rehabilitation. The researchers conducted several experiments with healthy participants. In the first experiment, participants learned a pinch force task over two days. Some participants were fatigued on the first day, while others were not. The fatigued group showed slower learning rates on both days, even when they were not fatigued on the second day. In another experiment, the researchers found that fatigue affected skill learning in both the fatigued and unfatigued hand, suggesting that the effects of fatigue on learning are centrally mediated. Additionally, disrupting the motor cortex with repetitive transcranial magnetic stimulation (rTMS) partly alleviated the negative effects of fatigue on skill learning. The researchers also found that the detrimental effects of muscle fatigue on learning are specific to tasks that require fine force control, but not to more cognitively demanding tasks. The findings indicate that muscle fatigue has a lasting, negative impact on the acquisition of motor skills, which is important for designing effective training and rehabilitation programs. Understanding these effects can help in creating better strategies for improving motor function in various professions and medical conditions."
elife-07253-v2,"The research paper investigates how certain proteins in yeast cells help move sterols, which are essential components of cell membranes, from the plasma membrane to the endoplasmic reticulum. The study focuses on a family of proteins called StART-like proteins, which are found in various organisms, including humans. The researchers found that three specific proteins in yeast—Ysp1p, Ysp2p, and Sip3p—play crucial roles in this movement. When these proteins are missing, the transport of sterols is significantly slowed down. The study also shows that these proteins are anchored to specific sites where the endoplasmic reticulum and plasma membrane come into close contact, suggesting they facilitate the direct transfer of sterols between these membranes. This discovery is important because it sheds light on how cells manage their sterol levels, which is vital for maintaining proper cell function and membrane integrity. Understanding these processes can have implications for human health, as disruptions in sterol transport are linked to various diseases, including certain types of cancer and fungal infections."
elife-01426-v1,"The study investigates how genetic recombination, a process where DNA is shuffled during reproduction, occurs in the plant Arabidopsis thaliana. Recombination can happen in two main ways: crossing over (CO), where large chunks of DNA are exchanged, and gene conversion (NCO), where smaller pieces are swapped. The researchers found that CO events are spaced out more than expected by chance, a phenomenon known as interference, but NCO events do not show this pattern. They also discovered that recombination tends to happen in regions of the genome that are rich in AT bases and low in DNA methylation, which is a chemical modification that can affect gene activity. These regions often include gene promoters, which are areas that control when genes are turned on or off. The study also identified specific DNA sequences, like poly-A and GAA/CTT motifs, that are frequently found near recombination sites. These findings suggest that recombination in Arabidopsis thaliana is influenced by the structure and chemical makeup of the DNA, and that it plays a significant role in creating genetic diversity. This diversity is crucial for the plant's ability to adapt to different environments and evolve over time."
elife-11346-v2,"The study investigates how specific neurons in fruit flies influence aggressive behavior. Researchers found that activating a group of neurons called P1 neurons can increase aggression in flies. However, it's unclear if these neurons are necessary for aggression under natural conditions. The researchers used optogenetics, a technique that allows them to control neuron activity with light, to show that different levels of P1 neuron activation can lead to different behaviors. Low levels of activation increased aggression without triggering wing extension, a behavior associated with courtship. Higher levels of activation led to wing extension. This suggests that P1 neurons can control different behaviors depending on the level of activation. The study also found that activating P1 neurons can create a persistent internal state in flies that makes them more likely to engage in social behaviors like aggression or courtship later on. This state can last even after the flies are separated, indicating it's not just due to immediate sensory input. The researchers propose that P1 neurons might help flies decide whether to fight or mate based on their internal state and sensory cues. This decision is crucial for reproduction and survival. The study contributes to our understanding of how neural circuits control complex social behaviors and could have implications for studying similar behaviors in other animals, including humans."
elife-37349-v1,"The study explored how different types of neurons in the brain connect and communicate with each other. Researchers used brain slices from both mice and humans to examine these connections. They prepared the slices carefully to preserve the structure of the neurons and used advanced techniques to record electrical activity. The study found that the connections between neurons, known as synapses, vary in strength and behavior depending on the type of neuron and the frequency of signals sent. For example, some synapses showed short-term changes in strength when stimulated repeatedly, a phenomenon known as short-term plasticity. The researchers also developed a model to describe how these changes occur. Additionally, they used optogenetics, a method that combines genetics and optics to control and monitor neuronal activity, to map out the connections between neurons more efficiently. This work provides valuable insights into how the brain's circuitry works and could help in understanding and treating neurological disorders. The findings highlight the complexity of neural connections and the importance of studying them in both animal models and human tissue."
elife-05166-v1,"The study investigated how tuberculosis (TB) spreads within a community in northern Malawi over 15 years. Researchers used genetic data from TB bacteria to track how the disease moved from person to person. They found that different strains of TB, called lineages, behave differently. Lineage-2 was the most likely to cause recent infections and spread quickly, while lineage-1 was the least likely. The study also showed that the overall rate of TB transmission decreased over time, likely due to improved healthcare and HIV control programs. This research highlights the importance of understanding how different TB strains spread and the effectiveness of public health measures in controlling the disease. The findings suggest that targeting specific TB lineages could be crucial for better control and treatment strategies."
elife-00333-v1,"The research explores how the influenza virus fuses with host cells, a crucial step for infection. The study focuses on the hemagglutinin (HA) protein, which helps the virus enter cells. The researchers used mutated versions of the virus to understand the fusion process better. They found that the fusion peptide, a part of the HA protein, must be released from its initial position to start the fusion process. This release is the slowest step and determines how quickly the virus can fuse with the host cell. The study also showed that multiple HA proteins work together to complete the fusion, with at least three or four neighboring HA proteins needed to initiate the process. This cooperative action ensures that the fusion is efficient and coordinated. The findings suggest that targeting the extended intermediate state of the HA protein could be a promising strategy for developing new antiviral drugs. This state is relatively long-lived and essential for the virus to fuse with the host cell, making it a potential weak point that drugs could exploit to stop the infection. The research provides valuable insights into the molecular mechanisms of influenza virus fusion, which could lead to better treatments and prevention strategies."
elife-00723-v1,"The research paper explores how nerve cells, specifically at the neuromuscular junction in a type of worm called C. elegans, manage the recycling of vesicles that release neurotransmitters. These vesicles are crucial for communication between nerve cells and muscles. The study identifies two distinct sites where vesicles are recycled back into the cell after releasing their contents. One site is very fast, occurring within 50 milliseconds, and is called ""ultrafast endocytosis."" The other site is slightly slower, peaking around 300 milliseconds. The researchers used advanced techniques like optogenetics and electron microscopy to observe these processes in real-time. They found that the amount of membrane added to the cell surface during vesicle release is balanced by the amount recovered through endocytosis, ensuring that the cell maintains its structure and function. This balance is crucial for the proper functioning of the neuromuscular junction. The findings suggest that different mechanisms might be at work at these two sites, with the faster site possibly not involving clathrin, a protein typically associated with endocytosis. This research provides new insights into how nerve cells manage the recycling of vesicles, which is essential for maintaining communication between cells in the nervous system."
elife-51150-v2,"The research investigates how two proteins, Cam1 and Cam2, interact with Myo1 during the process of endocytosis in yeast cells. Endocytosis is crucial for cells to take in materials from their environment. The study found that Cam1 and Cam2 bind to Myo1 at different times and in different ways, affecting how endocytosis occurs. Cam1 is more active during normal cell growth, while Cam2 becomes important during stress conditions like starvation or mating. The researchers used advanced imaging techniques to observe these interactions in real-time. They discovered that Cam1 helps in the early stages of endocytosis, while Cam2 is involved later, staying with the endocytic vesicles even after they are internalized. The study also showed that changes in calcium levels and phosphorylation (a process that activates proteins) can switch the preference of Myo1 from Cam1 to Cam2, altering the cell's endocytic activity. This switch is important for the cell to adapt to different environmental conditions. The findings provide new insights into how cells regulate endocytosis, which is essential for their survival and function."
elife-34273-v1,"The research investigated how a specific type of immune cell, called plasmacytoid dendritic cells (pDCs), helps fight off two different viruses: dengue virus (DENV) and chikungunya virus (CHIKV). These viruses cause significant health problems worldwide. The study used mice to understand the role of pDCs in controlling these infections. The researchers found that pDCs, which produce a protein called interferon (IFN), are crucial for early defense against these viruses. When pDCs were activated, they helped control the virus by producing IFN and activating other immune cells, like natural killer (NK) cells. This activation led to a strong antiviral response, even though the levels of IFN in the blood were undetectable. The study showed that pDCs can initiate a powerful local immune response that helps clear the virus from the body. This finding is important because it highlights the role of pDCs in the early stages of viral infections and suggests that targeting these cells could be a potential strategy for developing new treatments against DENV and CHIKV. The research also provides insights into how the immune system responds to different viruses and how it can be manipulated to improve health outcomes."
elife-51015-v1,"The study investigates the dynamics of malaria parasites in Guyana, focusing on the emergence and persistence of a specific mutation (pfk13 C580Y) that confers resistance to artemisinin, a key drug used to treat malaria. The researchers found that this mutation has been present in Guyana since 2010 but has not increased significantly in prevalence. They compared parasite samples from Guyana with those from Africa and Southeast Asia, noting that Guyana's parasite population has lower genetic diversity and fewer multiple infections. The study also involved genetic editing of parasites from French Guiana to understand the impact of the pfk13 C580Y mutation. They found that this mutation increases resistance to artemisinin but also reduces the parasite's growth rate, suggesting a fitness cost. The findings highlight the importance of monitoring drug resistance and the need for coordinated efforts to control malaria in the region. The study concludes that while the mutation poses a risk, the high efficacy of the partner drug lumefantrine and the genetic structure of the parasite population in Guyana may be limiting its spread."
elife-01623-v1,"The research paper explores how specific proteins, called Rab proteins, are activated and deactivated in cells. These proteins are crucial for moving materials within cells, a process known as intracellular trafficking. The study focuses on a particular part of Rab proteins called the switch II region, which plays a key role in their activation and deactivation. The researchers found that different Rab proteins use different mechanisms to switch between active and inactive states, depending on the helper proteins (GEFs) they interact with. For some Rab proteins, a specific amino acid (glutamine) in the switch II region is essential for activation, while for others, different amino acids or interactions are important. The study also shows that mutations in the switch II region can affect how Rab proteins function, sometimes making them inactive rather than overly active as previously thought. This has implications for understanding diseases where intracellular trafficking goes wrong, and for developing targeted therapies. The findings highlight the complexity and flexibility of how Rab proteins are regulated, which is important for designing future studies and treatments."
elife-16269-v3,"The research paper investigates how a protein called TRIM5 helps to block HIV infection. TRIM5 binds to the HIV capsid, which is the protein shell that protects the virus's genetic material. The study found that TRIM5 forms a hexagonal lattice structure when it binds to the capsid, which helps to activate a signaling process that ultimately leads to the destruction of the capsid. This process involves the addition of small proteins called ubiquitin to the TRIM5 lattice, which signals the cell to degrade the HIV capsid. The researchers used various techniques, including electron microscopy and biochemical assays, to study the structure and function of TRIM5. They found that the hexagonal lattice structure of TRIM5 is crucial for its ability to block HIV infection. The study provides new insights into how TRIM5 works and could help in the development of new therapies to fight HIV. The findings suggest that targeting the TRIM5 lattice structure could be a promising strategy for inhibiting HIV infection."
elife-32481-v2,"The research paper discusses the structure and function of KATP channels, which are crucial for regulating insulin secretion in response to blood sugar levels. These channels are composed of two main parts: Kir6.2, which forms the pore, and SUR1, which regulates the channel's activity. The study found that ATP binds to Kir6.2 and inhibits the channel, while PIP2 is necessary for the channel to be active. ADP can override the inhibitory effect of ATP, activating the channel. The researchers used advanced imaging techniques to visualize the channel's structure in different states, revealing how ATP, PIP2, and ADP interact with the channel. They also identified specific regions of the channel that are important for its regulation and linked mutations in these regions to diseases like diabetes. The findings provide a detailed understanding of how KATP channels work and how they can be targeted for therapeutic purposes. This research is significant because it sheds light on the molecular mechanisms underlying insulin secretion and diabetes, potentially leading to new treatments for these conditions."
elife-52168-v3,"The research investigates how the human cytomegalovirus (HCMV) affects monocytes, a type of white blood cell, during latent infection. The study aims to understand why some infected cells have higher viral activity than others. Researchers found that monocytes with lower levels of a protein called CD74 on their surface have higher viral activity and are more likely to reactivate the virus. This suggests that CD74 levels can be used to identify cells that are more likely to carry and reactivate the virus. The study also shows that inhibiting the body's immune response, specifically the interferon pathway, increases viral activity and reactivation. This indicates that the virus manipulates the immune system to maintain latency and control reactivation. Additionally, the research reveals that HCMV infection drives monocytes into a less immune-responsive state, which may help the virus evade detection and reactivate more easily. These findings provide insights into how HCMV establishes and maintains latency, which could aid in developing strategies to target and eliminate latently infected cells."
elife-03868-v2,"The research investigates how specific neurons in the brain of fruit flies, called DPM neurons, influence sleep and memory. The study shows that DPM neurons are crucial for promoting sleep and that they do this by releasing a chemical called GABA, which inhibits certain brain cells. The researchers found that when the activity of DPM neurons is altered, it affects the fly's sleep patterns, particularly reducing nighttime sleep. This suggests that DPM neurons play a significant role in regulating sleep independently of other neurons. The findings also challenge previous ideas about how memory is consolidated in the brain, proposing that DPM neurons might help transfer memories by inhibiting certain brain cells at specific times. This research highlights the importance of understanding how different brain cells interact to control behaviors like sleep and memory, which could have implications for studying similar processes in humans."
elife-07247-v2,"The study investigated whether genetic exchange, or recombination, can occur between different versions of mitochondrial DNA (mtDNA) in fruit flies. This is important because mtDNA is crucial for energy production in cells, and understanding how it changes can help us grasp how organisms adapt and evolve. The researchers created fruit flies with two different types of mtDNA in their cells and looked for signs of recombination. Initially, they didn't find any evidence of recombination using standard methods. However, when they introduced conditions that caused breaks in the mtDNA, they observed recombination events. These events resulted in new combinations of mtDNA that were beneficial to the flies. The study showed that recombination can happen between different mtDNA versions and that it can be stimulated by DNA breaks. This finding suggests that recombination might play a role in how mitochondrial genomes evolve and adapt, even in organisms that typically pass on mtDNA from only one parent. The results also highlight the potential for recombination to influence the genetic behavior of mitochondrial diseases, offering insights into how these conditions might arise and be managed."
elife-31145-v2,"The research paper explores how cells manage the process of autophagy, which is crucial for maintaining cellular health by breaking down and recycling old or damaged parts. The study focuses on a specific protein complex called Mon1-Ccz1, which plays a key role in helping autophagosomes—structures that engulf cellular waste—merge with lysosomes, where the waste is broken down. The researchers identified that a protein called Atg8 helps direct the Mon1-Ccz1 complex to the autophagosomes, ensuring they can fuse with lysosomes. They found that specific parts of the Mon1-Ccz1 complex, known as LIR motifs, are essential for this process. Mutations in these motifs prevent the complex from being directed to the autophagosomes, thereby blocking the fusion process. This discovery highlights how cells use specific molecular signals to ensure that different cellular processes, like autophagy and endosomal maturation, occur in the right places at the right times. Understanding these mechanisms can provide insights into diseases where autophagy goes awry, such as neurodegenerative disorders and certain cancers."
elife-22219-v1,"The research investigates how a protein called GNU regulates the activity of the PNG kinase, which is crucial for the transition from an egg to an embryo in fruit flies. The study found that GNU's activity is controlled by a process called phosphorylation, which is influenced by another protein called CDK1. When CDK1 phosphorylates GNU, it prevents the formation of the PNG complex and the activation of the PNG kinase. This regulation is important because it ensures that the PNG kinase is only active at the right time during the egg-to-embryo transition. The researchers also discovered that GNU levels decrease rapidly after the completion of meiosis, which is the process that reduces the number of chromosomes in the egg. This decrease in GNU levels is mediated by the PNG kinase itself, creating a negative feedback loop. The study suggests that understanding these regulatory mechanisms could have implications for human fertility, as similar processes likely occur in mammals. The findings highlight the importance of precise timing and regulation in the early stages of development."
elife-18857-v2,"The research paper investigates the structure and function of the FliD protein, which is crucial for the assembly and function of bacterial flagella. Flagella are tail-like structures that help bacteria move. The study focuses on the FliD protein from Pseudomonas bacteria, which forms a hexamer (a group of six units) at the tip of the flagellum, unlike the pentamer (five units) found in Salmonella bacteria. This difference is significant because it affects how the flagellum is assembled and functions.

The researchers used various techniques, including X-ray crystallography and hydrogen-deuterium exchange-mass spectrometry, to study the structure and flexibility of FliD. They found that the FliD protein has flexible regions that allow it to switch between different states, which is essential for its function in assembling the flagellum. The study also showed that the oligomeric state (how many units come together) of FliD varies among different bacteria, which could explain differences in flagellar structure and function.

The findings have implications for developing new antibiotics. Since the flexible regions of FliD are crucial for its function, targeting these regions with small molecules could potentially disrupt flagellar assembly and movement, making it a novel approach to combat bacterial infections. Overall, the research provides new insights into the molecular mechanisms of bacterial flagella assembly and offers potential avenues for developing new treatments against bacterial pathogens."
elife-32963-v1,"Transcription factors (TFs) are proteins that help turn genes on or off by binding to specific DNA sequences. Scientists have long known that TFs can bind to multiple, slightly different DNA sequences, but the reasons for this have been unclear. This study looked at two specific TFs, HOXB13 and CDX2, which can bind to two different DNA sequences with similar strength. The researchers used a combination of structural analysis and thermodynamic measurements to understand why this happens. They found that the TFs bind to one sequence mainly because of favorable energy changes (enthalpy), while they bind to the other sequence because it allows for more disorder or randomness (entropy). This discovery helps explain how TFs can recognize multiple DNA sequences and has implications for understanding gene regulation and evolution. It also suggests that other proteins might use similar mechanisms to interact with their targets, which could be important for developing new drugs. The findings challenge the traditional view that TFs recognize a single optimal DNA sequence and highlight the complexity of protein-DNA interactions."
elife-03025-v1,"The research paper investigates how male and female mice detect specific chemical signals, known as pheromones, which are crucial for mating behaviors. The study found that both male and female mice have similar abilities to detect these signals in their vomeronasal organ (VNO), a sensory organ in the nose. The researchers identified specific receptors in the VNO that respond to female pheromones and isolated a fraction from urine that contains these pheromones. They discovered that a combination of two types of pheromones—one indicating the female gender and another indicating estrus (the fertile period)—is necessary to trigger mating behavior in male mice. This means that male mice need to detect both signals to be motivated to mate. The study also showed that these pheromones do not activate the main olfactory system, indicating that the VNO is specifically tuned to detect these important signals. The findings suggest that the VNO system uses a complex logic to ensure that males mate with the right partners at the right time, enhancing reproductive success. This research provides insights into how animals use chemical signals to communicate and behave appropriately in their environment."
elife-55053-v1,"The research paper investigates a rare autoimmune disorder called APS1, which affects multiple organs and can lead to various health issues. The study aims to identify specific proteins (autoantigens) that the immune system mistakenly attacks in people with APS1. Using a method called PhIP-Seq, the researchers screened thousands of proteins and found several new autoantigens that are commonly targeted in APS1. They validated these findings using additional tests and linked some of these autoantigens to specific health problems seen in APS1 patients, such as ovarian insufficiency and intestinal dysfunction. For example, they found that antibodies against the protein KHDC3L were strongly associated with ovarian insufficiency in women with APS1. Similarly, antibodies against RFX6 were linked to a type of intestinal dysfunction characterized by chronic diarrhea. The study also highlighted the potential of these findings for developing better diagnostic tools and treatments for APS1 and possibly other autoimmune diseases. Overall, the research provides new insights into the complex immune responses in APS1 and opens up avenues for further investigation and clinical applications."
elife-04207-v1,"The research investigates how a protein called FOXL2 influences estrogen signaling in ovarian cells. Estrogen is a crucial hormone for female reproductive health, and its signaling is essential for the development and function of ovarian follicles. The study found that FOXL2 plays a significant role in regulating the expression of estrogen receptors, particularly ESR2, which is the primary receptor for estrogen in these cells. When FOXL2 is present, it enhances the activation of genes by estrogen, but this effect is greatly reduced when FOXL2 is absent. The researchers also discovered that FOXL2 helps maintain the identity of granulosa cells, which are crucial for follicle development, by repressing a gene called SOX9. This repression is part of a feedback loop where FOXL2 stimulates both the production of estrogen and the cells' responsiveness to it. The findings suggest that FOXL2 is essential for proper estrogen signaling in the ovary, which is vital for maintaining ovarian function and preventing conditions like premature ovarian failure. Understanding this mechanism could lead to better treatments for reproductive disorders and potentially inform strategies for managing estrogen-related cancers."
elife-10453-v1,"The research paper investigates how estrogen affects early stages of pregnancy in mice, specifically focusing on the role of estrogen receptor alpha (ERα) in the oviduct, which is the tube where fertilization occurs. The study found that when ERα is missing in the oviduct's epithelial cells, sperm have trouble reaching the egg, and even if fertilization occurs, the embryo often fails to develop properly. This failure is due to excessive protease activity in the oviduct, which damages the embryo's protective layer and membrane. The researchers discovered that adding protease inhibitors can rescue embryo development, suggesting that controlling protease activity is crucial for successful fertilization and early embryo development. The findings highlight the importance of estrogen signaling in creating a supportive environment in the oviduct for fertilization and embryo development. This research could have implications for understanding and treating infertility in women, particularly those with conditions like hydrosalpinges, where the Fallopian tubes are inflamed and dilated."
elife-07296-v1,"The research paper investigates the behavior of a protein called SOD1, which is linked to a disease called ALS (Amyotrophic Lateral Sclerosis). The study focuses on how SOD1 forms different structures, especially when it is not bound to metals like copper and zinc. The researchers used advanced techniques to observe these structures and found that SOD1 can form three distinct types of dimers (pairs of the protein) under normal conditions. These dimers include one that resembles the normal, healthy form of the protein and two abnormal forms. The abnormal forms are thought to be important in the early stages of ALS, where the protein starts to clump together in harmful ways. The study also showed that mutating a specific part of the protein (strand β1) can stop these abnormal structures from forming. This finding could be crucial for developing treatments to prevent the harmful clumping of SOD1 in ALS. The researchers hope that understanding these structures will help in designing drugs that can stop the disease process early on."
elife-57127-v2,"The research paper investigates how a specific protein, SMG1, recognizes and phosphorylates other proteins, which is crucial for a process called nonsense-mediated mRNA decay (NMD). NMD is important because it helps cells get rid of faulty mRNAs that could produce harmful proteins. The study used advanced techniques like cryo-electron microscopy and mass spectrometry to understand how SMG1 interacts with its target protein, UPF1. The researchers found that SMG1 specifically recognizes certain sequences in UPF1, particularly those with a leucine-serine-glutamine (LSQ) motif. This recognition is essential for SMG1 to phosphorylate UPF1, which is a key step in the NMD process. The findings provide insights into how SMG1 and similar proteins work, which could be important for understanding diseases related to faulty mRNA processing. The study also suggests that the mechanism by which SMG1 recognizes its targets is likely shared by other related proteins, offering a broader understanding of how these proteins function in the cell."
elife-19993-v3,"The research paper discusses a protein called GCNA, which has been found to play a crucial role in reproduction across a wide range of organisms, from worms to mice. This protein has been around for nearly 2 billion years and is essential for cells that pass on genetic information to the next generation. GCNA is unique because it lacks a fixed structure, which is unusual for proteins that typically have specific shapes to perform their functions. Instead, GCNA is highly disordered, which allows it to interact with many different molecules and perform various tasks. The study shows that GCNA is important for maintaining the integrity of genetic material during reproduction, particularly in processes like meiosis, where cells divide to form eggs or sperm. Mutations in GCNA lead to problems in reproduction, such as male sterility in mice and defects in genetic material in worms. The researchers suggest that GCNA might be one of many disordered proteins involved in reproduction, and understanding its function could provide insights into how genetic information is passed down through generations. This research highlights the importance of disordered proteins in biological processes and opens up new avenues for studying reproduction and genetic inheritance."
elife-42078-v1,"The research investigates how a specific gene, lin-29a, influences sexual maturation in the nervous system of the worm C. elegans. The study shows that lin-29a is crucial for various aspects of sexual development, including gene expression and the formation of specific nerve connections. The researchers found that male worms lacking lin-29a exhibit normal body morphology but have significant behavioral defects, such as difficulties in mating and searching for mates. These defects are due to issues in the nervous system rather than physical abnormalities. The study also reveals that lin-29a works in conjunction with other genes and regulatory pathways to control the timing and specificity of sexual maturation. This research highlights the complex interplay between genetic factors and the development of sexually dimorphic behaviors and anatomy in worms, providing insights that could be relevant to understanding similar processes in other animals, including humans."
elife-15598-v3,"The research investigates how proteins are transported across cell membranes using a complex called SecYEG-SecA. The main question is how the energy from ATP (a molecule that powers cellular processes) is used to move proteins through this complex. The study found that the channel in the SecYEG complex opens and closes depending on whether ATP or ADP (a product of ATP breakdown) is bound to SecA. When ATP is bound, the channel is open, allowing proteins to pass through more easily. When ADP is bound, the channel is closed, making it harder for larger or structured parts of the protein to pass. The researchers propose a model where proteins move through the channel by random motion (like Brownian motion), and the ATP-driven opening and closing of the channel acts like a ratchet, pushing the protein in one direction. This model suggests that the energy from ATP is used to regulate the opening and closing of the channel, rather than pushing the protein through directly. This finding is significant because it provides a new understanding of how proteins are transported across membranes, a fundamental process in all cells. It also suggests that similar mechanisms might be at work in other cellular processes involving the movement of proteins or nucleic acids."
elife-14188-v1,"The research explores how bats use echolocation to recognize places. The main question is whether bats create a 3D mental map of their environment or if they use simpler echo signatures to navigate. The study finds that bats likely use echo signatures, or templates, rather than detailed 3D maps. This is because the limitations of echolocation, such as noise and the complexity of interpreting echoes, make creating a 3D map challenging. The researchers collected echo data from various natural habitats and showed that these echo templates are unique and continuous enough to support place recognition. This means bats can remember and recognize places based on the specific echoes they receive, without needing to reconstruct the 3D layout of the environment. The findings suggest that bats navigate by matching current echo signatures to stored templates, similar to how insects use visual cues. This approach is simpler and more efficient, given the constraints of echolocation. The research also discusses how bats might use these templates to build a cognitive map, which would help them navigate more effectively. Overall, the study provides a new understanding of how bats use echolocation for navigation, highlighting the importance of echo templates in their spatial awareness."
elife-23130-v4,"The research investigates how male fruit flies balance the need for sleep with the drive to mate. It shows that male flies reduce their sleep when they are around females, but this effect is lessened if they are sexually satisfied or very tired. The study identifies a specific group of neurons, called MS1 neurons, that play a key role in this process. These neurons are unique to males and work with another set of neurons, called FRU neurons, to promote wakefulness and courtship behavior. The researchers found that activating MS1 neurons makes male flies less sleepy and more likely to engage in courtship, even when they are tired. This suggests that MS1 neurons help male flies stay awake and active when they need to compete for mates. The findings highlight how the brain integrates different drives, like the need for sleep and the desire to mate, to make decisions about behavior. This research provides insights into how motivational factors, such as sex drive, can influence sleep patterns and behavior in animals, including humans."
elife-70317-v1,"The study investigated how fruit fly larvae learn to associate carbon dioxide (CO2) with a reward, and how this learning changes over time. The researchers used a special maze to test the larvae's preferences for CO2 before and after training sessions. They found that after multiple training cycles, the larvae became indifferent to CO2, showing that they had learned to associate it with a reward. This indifference lasted overnight, indicating that the larvae formed a lasting memory. The study also showed that the type of training (massed vs. spaced) affected whether the larvae formed short-term or long-term memories. Massed training, where all conditioning occurs in rapid succession, led to short-term memories that could be easily reversed. Spaced training, with intervals between conditioning sessions, led to long-term memories that were more resistant to reversal. The researchers also used drugs to disrupt protein synthesis, confirming that long-term memories require new protein production. Overall, the study provides insights into how simple organisms like fruit fly larvae form and retain memories, which can help us understand more complex learning processes in other animals, including humans."
elife-38198-v2,"The research investigates how cells control the positioning of their internal structures, specifically the spindle, which is crucial for cell division. The spindle's position determines how a cell will divide, affecting the sizes and fates of the resulting daughter cells. The study focuses on a protein called LIN-5 in the worm C. elegans. Using advanced techniques like CRISPR/Cas9 and optogenetics, the researchers could control the location of LIN-5 within the cell. They found that LIN-5 is essential for generating the forces needed to position the spindle correctly. When LIN-5 was recruited to different parts of the cell membrane, it could alter the spindle's orientation and the resulting division plane. This work shows that LIN-5 acts as a key activator of dynein, a motor protein that generates these forces. The findings highlight the importance of LIN-5 in spindle positioning and cell division, providing insights into how cells control their division processes. This research could have broader implications for understanding cell division in various organisms, including humans, and may contribute to developing new therapies for diseases related to abnormal cell division."
elife-18816-v1,"The research investigates how the brain's visual system develops in young rats, focusing on the interactions between the lateral geniculate nucleus (LGN) and the visual cortex (VC). The LGN is a relay station that sends visual information from the eyes to the VC, which processes this information. The study found that in very young rats (around 6-11 days old), stimulating the VC causes the LGN to respond with increased activity. However, by the time the rats are about 13-14 days old, this stimulation initially excites the LGN but is quickly followed by inhibition. This shift from pure excitation to a mix of excitation and inhibition is crucial for the development of the visual system. The researchers also discovered that the VC can induce rhythmic activity in the LGN at specific frequencies, which is important for the brain's ability to process visual information. This rhythmic activity is most pronounced around 9-11 days old and diminishes as the rats get older. The findings suggest that the VC plays a significant role in shaping the LGN's responses during early development, helping to refine the visual system's connections and prepare it for processing visual information after the eyes open. Understanding these developmental processes can provide insights into how the brain forms and refines its connections, which is essential for normal vision and may help in developing treatments for visual disorders."
elife-50990-v2,"The research investigated how to reduce inflammation by targeting specific proteins called ErbB receptors in immune cells called neutrophils. Neutrophils are crucial for fighting infections but can also cause tissue damage if they linger too long. In conditions like chronic obstructive pulmonary disease (COPD), neutrophils resist dying off, leading to persistent inflammation. The study found that inhibiting ErbB receptors can make neutrophils more likely to undergo a controlled form of cell death called apoptosis, even in the presence of inflammatory signals that usually keep them alive. This was shown in both lab-grown human neutrophils and animal models of inflammation. The findings suggest that drugs already used to treat cancer by targeting ErbB receptors could potentially be repurposed to treat inflammatory diseases, offering a new approach to managing conditions like COPD."
elife-11407-v3,"The research paper investigates the behavior of a protein called MgtA in the bacterium E. coli. MgtA is important for transporting magnesium ions, which are crucial for many cellular processes. The study aims to understand how MgtA interacts with specific lipids in the cell membrane and how this interaction affects its function.

The researchers found that MgtA is primarily located at the poles of the E. coli cells and colocalizes with a specific type of lipid called cardiolipin (CL). They also discovered that a part of MgtA, known as the N-terminus, is not essential for its interaction with CL or its ability to transport magnesium ions. This suggests that the N-terminus does not play a significant role in MgtA's function.

The study also examined how different concentrations of magnesium ions affect MgtA's activity. They found that MgtA is highly sensitive to magnesium levels, showing increased activity at low concentrations and decreased activity at high concentrations. This sensitivity indicates that MgtA not only transports magnesium but also acts as a sensor for magnesium levels in the cell.

Overall, the research provides new insights into how MgtA functions and is regulated in E. coli. Understanding these mechanisms is important for comprehending how bacteria manage essential nutrients and could have implications for developing new strategies to combat bacterial infections."
elife-39856-v2,"The study aimed to identify genetic factors that influence human lifespan. Researchers analyzed genetic data from over a million individuals, focusing on the lifespans of parents. They found 11 new genetic locations (loci) that affect lifespan and confirmed six previously known ones. Each beneficial genetic variant can extend life by about 3 to 13 months. The study also showed that these genetic factors are linked to various diseases, particularly cardiovascular, autoimmune, and smoking-related conditions. Interestingly, the genetic variants associated with longer lifespans did not strongly correlate with cancer, except for lung cancer. The researchers created a genetic score that could predict differences in lifespan, with individuals in the top decile living about 5 to 6 years longer than those in the bottom decile. This score was also associated with a lower risk of heart disease, diabetes, and lung cancer, but a higher risk of Alzheimer's and Parkinson's diseases. The findings suggest that genetic factors influencing lifespan are closely tied to modern diseases and environmental factors, rather than a general aging process. The study highlights the potential of genetic information to make meaningful predictions about lifespan at a population level, although individual predictions remain limited."
elife-17978-v1,"The research explored how lactic acid, a common byproduct of bacteria, can influence yeast cells. The study found that lactic acid can induce a prion-like state in yeast, called [GAR+], which allows the yeast to bypass glucose repression and grow on alternative carbon sources. This prion-like state is inherited in a non-Mendelian way, meaning it doesn't follow the usual rules of genetic inheritance. The researchers showed that lactic acid-induced [GAR+] has similar characteristics to spontaneously occurring [GAR+], including dependence on certain proteins and sensitivity to specific inhibitors. They also found that this effect is not limited to one type of yeast; even a distantly related yeast species, Dekkera bruxellensis, can be induced to enter this state by lactic acid. The findings suggest that lactic acid produced by bacteria can act as a signal to neighboring yeast cells, altering their metabolic strategies in a heritable way. This discovery could have implications for understanding microbial interactions in various environments, including the human body, where complex microbial communities exist."
elife-19274-v1,"The research paper explores how molecules interact within a cell's cytoplasm, focusing on metabolites—small molecules involved in metabolism. The study is important because it helps us understand how the crowded environment inside cells affects the behavior of these molecules, which is different from what we observe in lab experiments. The researchers used computer simulations to create a detailed model of the cytoplasm, including proteins, nucleic acids, metabolites, ions, and water. They found that metabolites in the cytoplasm interact extensively with macromolecules, significantly reducing their movement. This interaction changes how metabolites bind to proteins and affects the overall metabolic processes. The study also revealed that the crowded environment in cells can alter the structure and function of proteins, which has implications for drug design and understanding diseases. The findings suggest that the cellular environment plays a crucial role in biological processes and that future research should consider these complex interactions to better understand and treat diseases."
elife-56383-v2,"The research paper investigates how certain cells in the reproductive system of a tiny worm, called C. elegans, help regulate the growth and differentiation of germ cells, which are the cells that eventually become eggs or sperm. The study focuses on a type of cell called the sheath cell, which was previously thought to only interact with differentiating germ cells in adults. The researchers found that sheath cells actually extend much farther into the area where germ cells are proliferating, and they play a crucial role in promoting the division of these germ cells. By using genetic techniques to disrupt the position of the sheath cells, the researchers observed a significant decrease in the number of dividing germ cells. This suggests that the sheath cells help maintain the balance between the proliferation and differentiation of germ cells. The findings highlight the importance of understanding the interactions between different cell types in the reproductive system and how these interactions can influence the behavior of stem cells. This research could have broader implications for understanding stem cell regulation in other organisms, including humans, and may contribute to the development of new strategies for treating infertility or other reproductive disorders."
elife-08996-v2,"The research paper explores how a specific protein, Hif-3α2, affects a crucial signaling pathway in cells called the Wnt/β-catenin pathway. This pathway is important for various processes in the body, including development and cell growth. The study found that Hif-3α2 can bind to β-catenin, a key component of the Wnt pathway, and destabilize it. This means that Hif-3α2 can reduce the activity of β-catenin, which in turn affects the Wnt signaling pathway. The researchers conducted experiments in human cells and zebrafish to understand how Hif-3α2 works. They discovered that Hif-3α2 specifically targets the canonical Wnt signaling pathway, which is involved in many developmental processes. The study also showed that Hif-3α2 can reduce the levels of β-catenin and its partners in the nucleus, the control center of the cell, without affecting other related proteins. This reduction is not dependent on a common degradation process involving GSK3β. The findings suggest that Hif-3α2 has a unique way of regulating the Wnt/β-catenin pathway, which could have implications for understanding diseases where this pathway is disrupted, such as cancer. The research highlights the importance of Hif-3α2 in controlling cell signaling and development, providing new insights into how cells manage growth and differentiation."
elife-29330-v1,"The research investigates how glucose levels affect the development and maturation of heart cells, specifically those derived from human embryonic stem cells (hESCs). The study found that reducing glucose in the cell culture promotes the maturation of these heart cells at various levels, including metabolic, electrophysiological, and biomechanical functions. This suggests that high glucose levels might inhibit the maturation process. The researchers also explored the mechanisms behind this effect, discovering that glucose metabolism through the pentose phosphate pathway (PPP) and nucleotide biosynthesis plays a crucial role. Blocking these pathways or reducing glucose levels led to increased maturation of heart cells. Additionally, the study looked at the impact of maternal diabetes on fetal heart development in mice, finding that high glucose levels in the mother's blood increased the proliferation of heart cells in the fetus but delayed their maturation. This research highlights the importance of glucose regulation in heart development and suggests potential targets for improving heart cell maturation, which could be beneficial for regenerative medicine and understanding congenital heart defects associated with maternal diabetes."
elife-41129-v2,"The research focuses on how the bacterium Mycobacterium tuberculosis (M. tuberculosis) uses different nitrogen sources to grow. The study found that M. tuberculosis can take up all 20 proteinogenic amino acids, but it doesn't control the levels of all these amino acids inside the cell in the same way. Some amino acids, like glutamate, glutamine, aspartate, and asparagine, are better nitrogen sources than ammonium (NH4+), leading to faster growth and more biomass. The bacterium can also use multiple nitrogen sources at the same time, but this doesn't necessarily make it grow faster. The study also showed that alanine is an important amino acid for storing nitrogen. These findings suggest that M. tuberculosis has adapted to use the amino acids available in the human body, making it a versatile pathogen. This understanding could help in developing new treatments for tuberculosis by targeting how the bacterium uses nitrogen."
elife-10450-v2,"The research explores how the brain processes touch information from different types of nerve fibers. Specifically, it looks at two types of fibers: rapidly adapting (RA) and Pacinian (PC) fibers. RA fibers respond to changes in touch and are important for detecting the amplitude of vibrations. PC fibers, on the other hand, are highly sensitive to high-frequency vibrations and provide precise timing information. The study found that both types of fibers contribute to the brain's response to touch, but in different ways. RA fibers mainly determine the overall firing rate of brain cells, while PC fibers refine the timing of these responses, especially at high frequencies. This integration allows the brain to efficiently encode information about textures and vibrations. The researchers also showed that the brain's processing is optimized for natural touch experiences, such as running a finger over a textured surface. This means that the brain is tuned to handle the specific types of touch information it encounters most often. The findings help explain how the brain combines different types of touch information to create a coherent sense of touch, which is crucial for everyday activities like recognizing objects by touch."
elife-46418-v2,"The research explores how hermaphroditic worms protect themselves from the negative effects of mating with males. Hermaphrodites can fertilize their own eggs but also mate with males, whose sperm can outcompete the hermaphrodite's own sperm. The study found that hermaphrodites have an innate mechanism involving their own sperm to protect against the harmful effects of mating with males. This protection is crucial for hermaphrodites to maximize their reproductive success by ensuring they produce as many of their own offspring as possible before succumbing to mating-induced death. The researchers discovered that this protective mechanism has evolved independently in different species, suggesting its importance. The findings also hint at the possibility that similar protective mechanisms might exist in other animals, including mammals, and could potentially be harnessed to develop new strategies for combating aging."
elife-62876-v2,"The research paper investigates how a protein called KIF21B helps immune cells, specifically T cells, to form a structure called the immunological synapse. This synapse is crucial for T cells to recognize and respond to infections. The study found that KIF21B plays a key role in regulating the length and number of microtubules, which are like tiny tubes inside the cell that help it maintain its shape and move around. Without KIF21B, these microtubules can grow too long, making it harder for the T cell to properly form the immunological synapse. The researchers used various techniques, including live-cell imaging and computer simulations, to observe how KIF21B affects microtubule dynamics. They discovered that KIF21B helps to prevent excessive microtubule growth by inducing pauses and catastrophes, which are sudden changes in microtubule growth direction. This regulation is important because it allows the T cell to generate the necessary forces to move its centrosome, a key structure within the cell, to the synapse. The findings suggest that maintaining the right balance of microtubule length and number is essential for effective immune responses. This research provides new insights into how T cells function and could potentially lead to better treatments for immune-related diseases."
elife-02996-v1,"The research explores how a specific modification on histone proteins, called H3K23me3, affects the process of meiosis in two organisms: Tetrahymena and C. elegans. Histones are proteins that help package DNA in cells. The study found that H3K23me3 is important for organizing DNA during meiosis, a type of cell division that produces eggs and sperm. In Tetrahymena, removing H3K23me3 led to DNA damage in areas near the centromeres, which are crucial for proper chromosome separation. Similarly, in C. elegans, altering the levels of H3K23me3 affected the entry of cells into meiosis and their ability to produce viable offspring. The findings suggest that H3K23me3 helps protect certain regions of the genome from damage during meiosis, ensuring that genetic information is passed on correctly. This research is significant because it sheds light on the molecular mechanisms underlying meiosis and genome stability, which are essential for reproduction and preventing genetic disorders. Understanding these processes can also provide insights into conditions like infertility and cancer, where genome instability plays a role."
elife-54508-v2,"The research paper explores how a protein called SPEN regulates gene expression in mouse embryonic stem cells (mESCs). The study focuses on understanding how SPEN interacts with RNA and affects the activity of certain repetitive elements in the genome, which are often involved in gene regulation. The researchers used various techniques, including RNA sequencing, chromatin immunoprecipitation sequencing (ChIP-seq), and individual-nucleotide resolution UV crosslinking and immunoprecipitation sequencing (irCLIP-seq), to map where SPEN binds to RNA and how it influences gene expression. They found that SPEN binds to specific repetitive elements, particularly those from the ETn family, and that this binding is crucial for the proper regulation of genes involved in X chromosome inactivation, a process where one of the two X chromosomes in female cells is silenced. The study also showed that mutations in SPEN's RNA-binding domains disrupt its ability to regulate these repetitive elements, highlighting the importance of these domains in SPEN's function. Overall, the research provides new insights into how SPEN and similar proteins might control gene expression by interacting with repetitive elements in the genome, which could have implications for understanding developmental processes and diseases."
elife-53392-v2,"The research paper investigates the role of the ZCWPW1 protein in various species, focusing on its conservation and function. The study aims to understand how ZCWPW1 interacts with PRDM9, another protein involved in genetic recombination during reproduction. The researchers identified ZCWPW1 in 136 species, including fish, mammals, and reptiles, and found that specific parts of the protein are highly conserved across these species. They also created genetically modified mice lacking ZCWPW1 to study its effects on fertility and genetic recombination. The findings suggest that ZCWPW1 plays a crucial role in the process of meiosis, where genetic material is shuffled and repaired. The study provides insights into the evolutionary conservation of ZCWPW1 and its potential importance in reproductive health. Understanding these proteins can help in studying genetic disorders related to infertility and may contribute to advancements in reproductive medicine."
elife-53930-v2,"The research paper investigates the role of the protein JMJD6 in regulating gene expression. The study focuses on how JMJD6 interacts with another protein called MePCE, which is part of a larger complex involved in controlling when genes are turned on or off. The researchers found that JMJD6 can cut MePCE at a specific site, which affects the stability of the complex and ultimately influences gene expression. This cutting action by JMJD6 is crucial for releasing a key component needed for genes to be actively transcribed. The study provides evidence that JMJD6's ability to cut MePCE is essential for proper gene regulation, particularly in processes like embryonic development. The findings suggest that JMJD6 plays a significant role in ensuring that genes are expressed at the right times, which is vital for normal cell function and development. This research helps to understand how gene expression is controlled at a molecular level, which could have implications for understanding diseases where gene regulation goes awry."
elife-00324-v1,"The research paper investigates the role of a specific protein, sFLT-1, in maintaining the health of the retina, particularly in preventing abnormal blood vessel growth that can lead to vision loss. This condition is similar to age-related macular degeneration (AMD) in humans, a leading cause of blindness. The study used genetically modified mice to reduce the levels of sFLT-1 in the retina and observed the development of abnormal blood vessels. The findings suggest that sFLT-1 plays a crucial role in preventing these blood vessels from growing where they shouldn't, thereby protecting vision. The researchers also noted that reducing sFLT-1 led to increased levels of another protein, VEGF-A, which is known to promote blood vessel growth. This imbalance seems to be a key factor in the development of abnormal blood vessels. The study highlights the importance of maintaining the right balance of these proteins to keep the retina healthy. The findings could lead to new treatments for AMD and other eye diseases by targeting sFLT-1 and VEGF-A. Additionally, the genetic models developed in this study provide valuable tools for further research into retinal diseases and potential therapies."
elife-17903-v3,"The research paper explores how a specific mutation in histone proteins affects the formation of heterochromatin, a tightly packed form of DNA that plays a crucial role in gene regulation. Histones are proteins that package DNA in cells, and their modification, such as methylation, is essential for controlling gene expression. The study focuses on a mutation where lysine (K) at position 9 on histone H3 is replaced by methionine (M), referred to as H3K9M. This mutation is known to be associated with certain types of cancer and disrupts normal histone methylation processes.

The researchers used fission yeast, a simple organism with a single histone H3 gene and a single histone methyltransferase enzyme called Clr4, to study the effects of H3K9M. They found that the presence of H3K9M completely abolished the methylation of lysine 9 on histone H3 across the genome, preventing the formation of heterochromatin. This disruption occurs because Clr4, the enzyme responsible for adding methyl groups to histone H3, gets trapped by H3K9M at specific sites in the genome, preventing it from spreading and methylating other histones.

The study also provides molecular details of how methionine interacts with histone methyltransferases. The researchers showed that the methionine side chain in H3K9M occupies a similar position as a normal lysine and interacts with several aromatic residues of the Clr4 enzyme through van der Waals interactions. This interaction is stronger than that with a normal lysine, explaining why H3K9M inhibits Clr4's activity.

The findings suggest several potential ways to mitigate the effects of H3K9M. For example, modifying the histone tail adjacent to H3K9M or adjusting the levels of Clr4 and histone H3 can reduce the trapping of Clr4 by H3K9M, allowing heterochromatin to form. Additionally, altering the balance between heterochromatin assembly and disassembly, such as by deleting a"
elife-53245-v2,"Tuberculosis (TB) is a significant health issue among the Inuit population in Canada, with rates over 300 times higher than in the non-Indigenous population. To better understand and control TB transmission, researchers used advanced genetic sequencing techniques to study a TB outbreak in Nunavik, Quebec. They found that by using deep sequencing, which provides a more detailed look at the genetic material of TB bacteria, they could identify a previously undetected super-spreader—a person who transmitted the disease to a large number of others. This discovery highlights the importance of deep sequencing in public health investigations, especially in areas with high TB transmission rates and low genetic diversity among TB strains. The study also showed that deep sequencing can help distinguish between relapse (re-infection with the same strain) and re-infection (infection with a new strain), which is crucial for tailoring public health interventions. The findings have practical implications for TB control in Canada's North and other high-transmission regions, emphasizing the need for accurate transmission tracking to inform effective public health strategies."
elife-33220-v2,"The research paper investigates sleep in fruit fly larvae, revealing that these young flies exhibit periods of rest that meet the criteria for sleep. The study found that larvae show distinct patterns of quiescence, or inactivity, which are reversible and associated with increased arousal thresholds. This sleep-like state is developmentally timed and exhibits homeostatic properties, meaning that if larvae are deprived of sleep, they will make up for it later. The researchers also discovered that sleep in larvae is regulated differently than in adult flies, with some genetic mutations affecting adult sleep having no impact on larval sleep. Additionally, the study found that sleep deprivation in larvae reduces the proliferation of neural stem cells, suggesting a crucial role for sleep in brain development. The findings highlight the importance of sleep during early development and provide a new model for studying sleep and its functions in young organisms."
elife-10719-v1,"The study investigates how flies form and retrieve long-term memories (LTM) of rewarding experiences, such as associating a smell with a sugar reward. Researchers focused on specific brain cells called Kenyon cells (KCs) and mushroom body output neurons (MBONs) in the fly brain. They found that a particular receptor, DopR1, is crucial for forming LTM in KCs but not in MBONs. When this receptor was knocked down in KCs, flies struggled to remember the sugar-reward association over the long term. However, blocking DopR1 in MBONs did not affect LTM. The study also showed that the output from KCs during learning is essential for forming LTM, but not for short-term memory (STM). Additionally, MBONs play a dual role: they are involved in both forming and retrieving LTM. The researchers propose a feedback loop where MBONs send signals back to reward-signaling neurons, helping to strengthen and consolidate LTM. This feedback mechanism might explain why LTM is less specific to the exact smell learned, as it generalizes to similar smells, which could be beneficial for survival. The findings suggest that the brain uses complex circuits to manage memory formation and retrieval, with different pathways for short-term and long-term memories. This research provides insights into how memories are processed and stored in the brain, which could have implications for understanding memory disorders in humans."
elife-03528-v2,"The research paper explores the translation of small open reading frames (smORFs) in Drosophila (fruit fly) cells. SmORFs are short sequences within genes that can produce small proteins, but their functionality has been debated. The study uses a method called Poly-Ribo-Seq to identify smORFs that are actively translated into proteins. The researchers found that many smORFs, previously thought to be non-coding, are actually translated. They also discovered that these small proteins often have functions related to cell membranes and may play roles in various biological processes. The findings suggest that smORFs could be a significant source of new, functional proteins in animals, including humans. This research highlights the importance of smORFs in gene expression and opens up new avenues for understanding how genes work and how they might be involved in diseases."
elife-10382-v1,"The study investigates how certain brain cells, specifically GABAergic neurons in the thalamus, are activated by cholinergic neurons from different brain regions. These cholinergic neurons release a chemical called acetylcholine, which excites the GABAergic neurons through specific receptors called α7-nAChRs. The researchers found that this excitation promotes sleep by increasing the time spent in non-rapid eye movement (NREM) sleep and by generating sleep spindles, which are brief bursts of brain activity important for sleep stability. The study also showed that directly stimulating these GABAergic neurons in the thalamus can mimic the effects of cholinergic activation, further supporting the role of these neurons in sleep regulation. This research provides new insights into how the brain controls sleep and could potentially lead to new treatments for sleep disorders and conditions like schizophrenia, which are associated with disrupted sleep patterns."
elife-38689-v2,"The research paper explores how a specific molecule, PIP2, affects the activity of TRPV4 channels in brain capillaries. TRPV4 channels are proteins that allow ions to pass through cell membranes, and they play a role in regulating blood flow in the brain. The study found that PIP2 normally suppresses TRPV4 channel activity. However, when certain signals (like prostaglandin E2) activate receptors on the capillary cells, PIP2 levels decrease, which in turn activates TRPV4 channels. This activation can influence blood flow in the brain by changing the electrical signals in the capillaries. The findings suggest that PIP2 and the receptors that regulate it act as molecular switches, controlling how capillaries respond to different signals and ultimately affecting brain function. This research helps to understand how blood flow is regulated in the brain, which is crucial for maintaining proper brain function and responding to changes in activity."
elife-61288-v2,"The research introduces a new tool called Artistoo, designed to make it easier to share and interact with complex biological simulations. These simulations, known as cellular Potts models (CPMs), help scientists understand how cells behave and interact in various biological processes, such as tumor growth or blood vessel development. Traditionally, running these simulations required specialized software and significant computational resources. Artistoo, however, is built using JavaScript, allowing simulations to run directly in a web browser without any installations. This makes it accessible on any device with a web browser, from desktops to mobile phones. The tool enables users to create interactive simulations that can be shared via a simple URL, making it easier for students, collaborators, and the general public to explore and understand biological processes. The researchers compared Artistoo's performance with existing frameworks and found it to be competitive, demonstrating its potential to complement and enhance current modeling tools. By lowering the barriers to accessing and interacting with these simulations, Artistoo aims to promote open science and improve the communication of complex biological research."
elife-37443-v3,"The research paper explores how the cerebellum, a part of the brain, learns and controls sequences of movements. The study focuses on the eyelid responses of rabbits to understand this process. The researchers trained rabbits to blink their eyelids in response to specific signals. They found that the cerebellum uses feedback from the first blink to trigger the subsequent blinks in a sequence. This means that once the cerebellum learns the first movement, it can use the feedback from that movement to learn and execute the following movements. The study also involved recording the activity of specific brain cells called Purkinje cells, which are crucial for controlling these movements. The findings suggest that the cerebellum plays a significant role in learning and executing complex sequences of movements, which is important for understanding how the brain controls actions like walking or reaching for objects. This research provides new insights into how the brain learns and coordinates movements, which could be useful for developing treatments for movement disorders."
elife-45204-v2,"Researchers studied footprints and other traces left by humans and animals in a cave called Grotta della Bàsura. They found that these traces date back to around 14,000 years ago, during the late Upper Paleolithic period. The footprints suggest that a small group of people, including children and adults, explored the cave. The group likely included at least five individuals, based on the different sizes and shapes of the footprints. The researchers also found evidence that the group crawled through parts of the cave, possibly to navigate varying heights of the cave roof. The footprints provide insights into the behavior and physical characteristics of these early humans, showing that they were curious explorers who included children in their activities. The study also hints at the possibility of early dog domestication, as footprints of canids were found alongside human prints. Overall, the findings offer a unique glimpse into the lives of Upper Paleolithic people and their interactions with their environment."
elife-66609-v2,"The research paper investigates how the brain regulates the release of a hormone called vasopressin (AVP), which is crucial for maintaining water balance in the body. The study focuses on how the brain responds to signals related to water and food intake before any changes in the body's water levels are detected. This is known as ""presystemic regulation."" The researchers found that two distinct brain circuits are involved in this process. One circuit, located in the lateral terminal area (LT), handles water-related signals, while another circuit in the arcuate nucleus (ARC) deals with food-related signals. The LT circuit includes neurons that respond to water cues and drinking, while the ARC circuit involves an unidentified neuron type that activates AVP neurons when food is consumed. The study also confirmed that other known brain regions, like the A1/C1 neurons, are involved in regulating blood pressure but not in the presystemic regulation of AVP neurons. The findings highlight how the brain uses separate pathways to manage water and food intake, ensuring that the body's water balance is maintained efficiently. This research provides a deeper understanding of the neural mechanisms behind water homeostasis and could have implications for treating conditions related to water imbalance, such as diabetes insipidus."
elife-18554-v1,"The research paper discusses the development and testing of a brain-computer interface (BCI) designed to help people with severe movement impairments communicate. The study involved three participants with paralysis due to conditions like ALS and spinal cord injury. Each participant had a microelectrode array implanted in their brain to record neural activity. The BCI system translated this neural activity into commands to control a cursor on a screen, allowing participants to type and communicate.

The researchers faced challenges in designing and implementing the BCI remotely, but they developed a framework for real-time performance monitoring and troubleshooting. This allowed them to iteratively improve the system's performance based on feedback from the participants. The participants found the BCI intuitive and effective, with one participant noting that it felt like their hand had become a joystick. The study demonstrated high communication rates, suggesting that intracortical BCIs could be a promising approach for assistive communication systems.

The research also highlights the trade-offs between implanted and external BCI systems, considering factors like ease-of-use, cosmesis, and performance. While implanted systems offer continuous use and no cosmetic impact, they come with surgical risks. The participants expressed a willingness to undergo surgery if it could significantly improve their daily functioning. Overall, the study provides valuable insights into the potential of BCIs to enhance communication for people with severe movement impairments."
elife-60351-v1,"The research paper explores how alcohol exposure during pregnancy can interact with genetic factors to cause a birth defect called holoprosencephaly (HPE). HPE is a condition where the brain and face do not develop properly. The study used mice to investigate how alcohol affects a specific gene called Cdon, which is known to play a role in brain and facial development. The researchers found that when mice with a mutation in the Cdon gene were exposed to alcohol, they were more likely to develop HPE. This effect was more pronounced when another gene, Lefty2, was also partially disabled. The study suggests that alcohol disrupts a signaling pathway involving the Nodal gene, which is crucial for early development. The findings highlight how genetic and environmental factors can combine to cause birth defects, providing insights into the complex nature of HPE and the harmful effects of alcohol during pregnancy."
elife-00311-v1,"The research paper explores a new method for analyzing protein structures using X-ray diffraction data. Traditionally, proteins are modeled as static structures, but this approach reveals that proteins are dynamic, with parts moving and flexing. The study uses a technique called ensemble refinement, which considers multiple possible structures of a protein simultaneously, rather than just one. This method provides a more accurate picture of how proteins behave in real life, showing not just their shape but also their flexibility. The researchers found that this approach improves the quality of the models, especially in areas that are disordered or flexible. They also discovered that some proteins have ""molten cores,"" where the inner parts are flexible, which might be important for their function. Additionally, the study shows how ligand binding affects protein dynamics, which is crucial for understanding how drugs work. Overall, this new method offers deeper insights into protein dynamics, helping scientists better understand biological processes and develop more effective drugs."
elife-05007-v2,"The research paper investigates how genetic factors influence the stability of gene silencing in yeast cells. Gene silencing is a process where certain genes are turned off to maintain proper cell function. The study focuses on specific regions of the yeast genome called HML and HMR, which are normally silent but can occasionally become active. The researchers used a clever method involving fluorescent markers to track when these silent regions became active. They found that the stability of gene silencing varies depending on the genetic background of the yeast cells. For example, mutations in certain genes, like those involved in histone modification, can make the silencing less stable. The researchers also observed that the loss of silencing can happen at different points in the cell cycle and can affect either the mother or daughter cell. This dynamic process suggests that gene silencing is not a static state but rather a balance between silencing factors and the machinery that activates genes. The findings highlight the importance of understanding how gene silencing is maintained and how it can be disrupted, which has implications for various biological processes, including cell differentiation and genetic stability."
elife-74005-v3,"The study investigates the proteins found in the trophallactic fluid of Camponotus floridanus ants, which is the fluid exchanged between ants during feeding. The research aims to understand how the composition of this fluid varies across different stages of colony development and individual roles within the colony. The scientists collected trophallactic fluid samples from young and mature colonies, as well as from individual ants with different roles (nurses and foragers). They analyzed the proteins in these samples using advanced techniques to identify and quantify the proteins present. The findings show that the fluid contains proteins involved in various biological processes, such as carbohydrate metabolism, lipid transport, and immune responses. Notably, the fluid includes proteins that are crucial for the ants' metabolism and immune function, suggesting that it plays a significant role in the social physiology of the colony. The study also reveals that the protein composition of the trophallactic fluid changes with the colony's age and the individual ants' roles, indicating that it adapts to the colony's needs at different stages. This research highlights the importance of trophallactic fluid in the social structure and health of ant colonies, providing insights into how social insects manage their resources and maintain their colonies' well-being. The findings could have broader implications for understanding social behaviors and communication in other social insect species and even in humans, as similar fluid exchanges occur in various social contexts."
elife-05334-v2,"The research paper explores how bacteria can become resistant to the antibiotic vancomycin. The study focuses on a specific mutation in the gene waaL, which makes bacteria more resistant to vancomycin. This mutation allows the bacteria to produce a new form of lipopolysaccharide (LPS), a molecule on the bacterial surface. This new LPS form acts as a decoy, binding to vancomycin and preventing it from reaching its intended target within the bacterial cell. The researchers found that this mutation does not affect the bacteria's overall structure or function, making it a clever way for bacteria to evade antibiotics. The study highlights the adaptability of bacteria under stress, showing how they can develop new mechanisms to survive in the presence of antibiotics. While this specific resistance mechanism may not be clinically significant for Gram-negative bacteria like E. coli, it demonstrates the potential for bacteria to evolve and adapt to antibiotic treatments."
elife-04878-v3,"The research paper investigates how zebrafish larvae detect and respond to prey, specifically small moving objects like paramecia. The study focuses on a specific region in the brain called AF7, which receives signals from certain types of retinal ganglion cells (RGCs). These RGCs are tuned to detect small, moving stimuli that resemble prey. The researchers found that when they disabled AF7 using laser ablation, the larvae's ability to perform prey capture behaviors was significantly reduced. This suggests that AF7 plays a crucial role in processing visual information related to prey detection. The study also identified two types of neurons in AF7 that project to other brain regions involved in motor control, indicating that AF7 is part of a larger network that coordinates the visual and motor aspects of prey capture. Overall, the findings highlight the importance of early visual processing in the retina and the role of specific brain regions in mediating complex behaviors like prey capture."
elife-14730-v3,"The research investigates the role of the protein MAGI3 in breast cancer, focusing on how different forms of this protein interact with another protein called YAP. YAP is known to promote cancer growth. The study found that full-length MAGI3 can suppress YAP's activity, preventing cancer cells from growing uncontrollably. However, in breast cancer, a truncated form of MAGI3 is often found. This truncated form interferes with the full-length MAGI3, preventing it from suppressing YAP. As a result, YAP becomes more active, leading to cancer cell growth. The researchers also discovered that this truncated MAGI3 can act in a dominant-negative manner, meaning it can override the normal function of the full-length MAGI3, even when both are present. This finding suggests that the truncated form of MAGI3 plays a significant role in driving breast cancer. The study highlights the importance of understanding how different forms of proteins interact and how these interactions can contribute to cancer development. This knowledge could lead to new ways to target and treat breast cancer by focusing on the interactions between MAGI3 and YAP."
elife-72976-v3,"The research investigates the diet of early human populations in the Danube Gorges area during the Mesolithic period, around 9500 BC. The study focuses on the consumption and processing of wild grasses, particularly those from the Triticeae tribe, which includes species like wheat and barley. By analyzing dental calculus (plaque) from human teeth and stone tools used for processing food, the researchers found evidence of starch granules and phytoliths (plant silica bodies) from these grasses. This suggests that these early humans were collecting and consuming wild grains long before the advent of agriculture. The findings also indicate that these populations had developed methods for processing these grains into a coarse flour, using stone tools. The study highlights the importance of plant foods in the diets of these early foragers and provides insights into their subsistence strategies. It also suggests that the familiarity with wild grasses may have facilitated the later adoption of domesticated cereals when agriculture was introduced. The research underscores the need for more interdisciplinary studies to better understand plant food traditions and cultural tastes before the introduction of agriculture."
elife-26875-v1,"The research paper investigates how the influenza virus evolves within individual patients and compares this to its evolution on a global scale. The study focuses on immunocompromised patients, who often have prolonged infections, allowing researchers to observe more genetic changes in the virus. The key finding is that certain mutations in the influenza virus arise independently in multiple patients and also match mutations seen globally. This suggests that similar evolutionary pressures act on the virus both within individual hosts and across the global population. The study highlights that the virus's genetic diversity within a host can serve as an early indicator of future global changes. This research underscores the importance of understanding within-host viral evolution for predicting and responding to global influenza outbreaks."
elife-03416-v2,"The research paper explores how a specific treatment, called peptide-induced tolerance (PIT), affects immune cells called T cells in mice. The study focuses on a protein called PD-1, which plays a role in regulating the immune response. The researchers found that PIT leads to long-term expression of PD-1 on T cells, which helps to keep these cells in a state where they do not cause inflammation. This is important because it could help in developing treatments for autoimmune diseases, where the immune system attacks the body's own tissues. The study also looked at changes in the DNA of these T cells, specifically a process called demethylation, which allows genes to be turned on or off. They found that PIT causes demethylation of the gene that produces PD-1, which helps to maintain its expression. This research provides insights into how PIT works and could lead to better therapies for conditions like juvenile arthritis, where PIT has shown promise in clinical trials. The findings suggest that analyzing the DNA changes in T cells could help identify which patients will respond to PIT treatment."
elife-12559-v2,"The research explored how mice use their whiskers to navigate through winding corridors in a virtual reality environment. The study found that the barrel cortex in the brain is crucial for this navigation. When this area was activated, mice could navigate even in an illusory corridor without real walls, showing that the brain can interpret neural signals as if they were real tactile cues. The barrel cortex encodes both the position and direction of walls, with different neurons responding to different distances and movements. Some neurons were more active when the wall was close, while others responded when the wall moved towards or away from the mouse. This complex encoding helps mice accurately track walls and navigate their environment. The findings suggest that the brain uses a sophisticated system to process tactile information, which is essential for guiding movement and behavior. This research highlights the importance of the barrel cortex in sensory processing and its role in enabling mice to navigate using whisker-based touch."
elife-12790-v2,"The research paper investigates how a protein called GCC185 helps transport vesicles move to the Golgi apparatus, a crucial organelle in cells. The Golgi apparatus is like a post office that sorts and packages proteins for delivery to different parts of the cell or outside the cell. Vesicles are small packages that carry these proteins. The process of tethering brings vesicles close to the Golgi so they can fuse and deliver their contents. GCC185 is a long, coiled protein that acts as a tether, helping vesicles find and attach to the Golgi. The study found that GCC185 is not as rigid as previously thought but has flexible regions that allow it to bend and capture vesicles more efficiently. This flexibility is crucial for the protein's function in both capturing vesicles and maintaining the structure of the Golgi. The researchers used various techniques to show that the flexible, splayed ends of GCC185 can bind to vesicles, and this binding is essential for the protein's role in vesicle transport. The findings suggest that GCC185 uses a unique mechanism to tether vesicles, involving flexibility and multiple binding sites along its length. This understanding could help in developing treatments for diseases related to Golgi function and vesicle transport."
elife-25903-v2,"The research paper investigates how malaria parasites invade human liver cells, focusing on the role of a specific protein called P36. Malaria is a serious disease caused by parasites that are transmitted through mosquito bites. Once inside the human body, these parasites need to invade liver cells to establish an infection. The study found that P36 is crucial for the parasites to enter liver cells by interacting with two specific receptors on the cell surface, CD81 and SR-BI. These receptors act like keys that allow the parasites to unlock and enter the cells. The researchers also discovered that P36 works together with another protein, P52, to facilitate this invasion process. By understanding how these proteins and receptors interact, scientists hope to develop new strategies to prevent malaria. This could lead to better vaccines or treatments that block the parasites from entering liver cells, thereby stopping the infection before it starts. The findings highlight the importance of P36 in malaria infection and open up new avenues for research into combating this deadly disease."
elife-42001-v2,"The research paper investigates how a specific enzyme, called G40P, unwinds DNA. DNA is like a twisted ladder, and G40P helps to unzip it so that other processes, like copying DNA, can happen. The study used advanced microscopy techniques to watch G40P in action, observing how it moves along the DNA strand.

The researchers found that G40P unwinds DNA one base pair at a time, which are the rungs of the DNA ladder. This is important because it shows how precisely the enzyme works. They also discovered that G40P can get stuck at certain points, especially where there are strong bonds between the DNA rungs, known as GC base pairs. This stalling can be reduced with the help of another protein called DnaG, which assists G40P in unwinding the DNA more efficiently.

The findings are significant because they provide a detailed understanding of how DNA unwinding works at the molecular level. This knowledge can help in developing better tools for genetic engineering and understanding diseases related to DNA replication. The study also suggests that other similar enzymes might work in a similar way, which could open up new avenues for research and medical applications."
elife-68925-v2,"The research paper discusses the creation of human paraxial mesoderm (PM) organoids, which are tiny, simplified versions of human tissue that can be grown in a lab. The goal was to understand how these organoids develop and form structures similar to somites, which are segments of tissue that eventually become parts of the spine, ribs, and muscles. The researchers tested different conditions to find the best way to grow these organoids, focusing on the number of starting cells and the use of specific signaling molecules. They found that removing certain signaling molecules (FGF, WNT pathway agonists, and BMP inhibitor) after a specific time led to the most consistent formation of somite-like structures. The organoids were then analyzed using single-cell RNA sequencing to understand the genetic changes happening during their development. The results showed that the organoids accurately mimic the natural development of human PM tissue, expressing the right genes at the right times. The researchers also confirmed that these organoid-derived somite-like structures are similar in size and organization to real human somites. Additionally, they demonstrated that these organoids can further develop into different types of cells, such as those found in the sclerotome and dermomyotome, which are important for forming bones and muscles. This work provides a new tool for studying human development and diseases related to the formation of the spine and muscles, offering a reproducible and scalable platform for future research."
elife-18853-v2,"The research paper explores how mitochondria, the powerhouses of cells, form and maintain their internal structures, specifically the cristae, which are folds in the inner membrane. The study focuses on understanding the molecular mechanisms behind the formation of two types of cristae: lamellar (sheet-like) and tubular. The researchers used yeast cells with various genetic modifications to observe how different proteins affect crista formation. They found that three key factors—Mgm1, the dimeric F1FO-ATP synthase, and the MICOS complex—play crucial roles in shaping these structures. Mgm1 is essential for the fusion process that creates lamellar cristae, while the other two factors are involved in both types of cristae formation. The study also revealed that when these factors are missing or altered, the mitochondria develop abnormal structures and lose their ability to maintain mitochondrial DNA and respiratory function. The findings suggest that there are two distinct pathways for crista formation: one dependent on Mgm1 and another that does not require it. This research provides new insights into how mitochondrial architecture is regulated and maintained, which is important for understanding cellular energy production and various diseases linked to mitochondrial dysfunction."
elife-34085-v1,"The research paper discusses a new method for studying membrane proteins using a synthetic peptide called NSPr. Membrane proteins are crucial for many biological processes, but they are difficult to study because they are embedded in cell membranes. Traditional methods often use detergents, which can disrupt the proteins' natural environment and stability. The NSPr peptide forms a structure called a peptidisc, which wraps around membrane proteins, keeping them stable and functional without the need for detergents. This method is advantageous because it is fast, cost-effective, and can be easily integrated into existing protein purification protocols. The peptidisc method also avoids issues of buffer instability and heterogeneity, which are common with other synthetic scaffolds. The research shows that the peptidisc can be used to study various membrane proteins, including those that form complexes or exist in multiple states. The peptidisc method offers a practical way to analyze and exploit membrane proteins in a detergent-free environment, which could be beneficial for biochemical, structural, and pharmacological studies."
elife-06974-v1,"The research explores how apicomplexan parasites, which include dangerous pathogens like malaria-causing Plasmodium, evolved from free-living ancestors. These parasites have complex invasion mechanisms, and scientists wanted to understand if these mechanisms were present in their non-parasitic ancestors. The study focused on Chromera, a free-living relative of apicomplexans, and compared its genes to those of Plasmodium. They found that many genes involved in invasion in Plasmodium have counterparts in Chromera that are co-expressed, suggesting these genes were already functionally related before the transition to parasitism. This indicates that the genetic blueprint for invasion was present in the free-living ancestor and was repurposed during evolution to facilitate a parasitic lifestyle. The findings provide insights into how these parasites evolved and highlight the importance of understanding their genetic origins for developing better treatments."
elife-04437-v2,"The research paper investigates the role of the EGFR (Epidermal Growth Factor Receptor) signaling pathway in the development and maintenance of cell polarity in the follicle stem cells (FSCs) and their daughter cells, known as prefollicle cells, in the fruit fly (Drosophila). Cell polarity is crucial for the proper functioning and organization of cells in tissues. The study found that EGFR signaling is essential for establishing cell polarity in FSCs but not in prefollicle cells. When EGFR signaling is disrupted in FSCs, the cells lose their polarity and are rapidly expelled from their niche, leading to their loss. Conversely, when EGFR signaling is constitutively active in prefollicle cells, it prevents them from developing proper apical domains, which are necessary for their differentiation. The researchers also identified that EGFR signaling works through two pathways: the Ras-Raf-MEK-Erk pathway and the LKB1-AMPK pathway. These pathways are crucial for maintaining the unique polarity of FSCs and for allowing prefollicle cells to differentiate. The findings suggest that EGFR signaling plays a critical role in regulating cell polarity and fate in the FSC lineage, which has implications for understanding how stem cells maintain their identity and how they differentiate into specialized cells. This research provides insights into the molecular mechanisms underlying cell polarity and stem cell behavior, which are relevant for understanding tissue development and regeneration, as well as for studying diseases like cancer where cell polarity and stem cell regulation are often disrupted."
elife-01775-v1,"The research paper investigates the dynamics of RNA polymerase (RNAP) during transcription, the process by which DNA is copied into RNA. The study used advanced single-molecule techniques to observe RNAP in action at physiological temperatures, which allowed for more accurate measurements of transcription rates. The researchers found that RNAP operates faster than previously thought, with quicker elongation rates and more frequent pausing. This pausing might explain why RNAP sometimes detaches prematurely when multiple RNAPs are working on the same DNA template. The study also introduced a new method called FastFISH, which can detect nascent RNA in real-time. This method will be useful for studying various stages of transcription and how they are linked to subsequent RNA processing. The findings provide deeper insights into the mechanics of transcription and could help in developing new tools for gene expression studies and nucleic acid nanostructures."
elife-33101-v2,"The research paper discusses the structure and function of mTORC2, a protein complex that plays a crucial role in regulating cell growth and metabolism. mTORC2 is part of a larger family of proteins known as mTOR, which are involved in sensing various cellular signals, such as nutrient availability and growth factors. The study aimed to understand the detailed architecture of mTORC2, which has been challenging to study due to its instability. The researchers used advanced techniques like cryo-electron microscopy and cross-linking to stabilize and visualize the mTORC2 complex. They found that mTORC2 forms a dimeric structure, similar to another related complex called mTORC1, but with some key differences in how it interacts with other proteins and substrates. The study provides important insights into how mTORC2 functions and how it might be targeted for therapeutic purposes in diseases where mTOR signaling is dysregulated, such as cancer and metabolic disorders. The findings also set the stage for future research to further elucidate the precise mechanisms of mTORC2 and develop more effective treatments."
elife-04599-v3,"The research paper investigates how actin filaments, which are crucial for cell movement and structure, grow and behave when attached to different proteins. Actin filaments are dynamic structures that can elongate and shorten, and they are essential for various cellular processes. The study found that when actin filaments are attached to certain proteins, their growth rates and flexibility change significantly. For example, some proteins make the filaments grow faster or slower, while others make them more rigid or flexible. The researchers also discovered that the pointed end of the actin filament has a natural tendency to pause or stop growing, which was not previously well understood. This pausing is not due to the surface the filaments are attached to or the light used in the experiments, but rather an intrinsic property of the filament itself. The findings suggest that the way actin filaments grow and behave can be finely tuned by the proteins they interact with, which could have important implications for understanding how cells move and maintain their shape. This research provides new insights into the complex dynamics of actin filaments and how they are regulated by other proteins in the cell."
elife-40474-v3,"The research paper investigates how a specific protein, RalB, influences cell movement and invasion, particularly in cancer cells. The study uses a technique called optogenetics, which allows scientists to control protein activity with light. The researchers found that activating RalB with light causes cells to form protrusions and move more, which is crucial for cancer cells to invade surrounding tissues. This effect is independent of another protein, Rac1, which is also involved in cell movement. The study further shows that RalB works by recruiting a complex of proteins called the exocyst and WRC to the cell's leading edge, promoting the formation of actin filaments that drive cell movement. The researchers also found that in cancer cells with a mutated Ras gene, RalB is essential for invasion, while other pathways typically associated with cancer, like the MAPK and PI3K pathways, are not necessary. This suggests that targeting the RalB pathway could be a promising strategy for treating certain types of cancer. The study also examined breast cancer samples and found that RalB levels increase with the progression of the disease, supporting its role in cancer invasion and metastasis. Overall, the research highlights the importance of the RalB pathway in cancer cell invasion and suggests new avenues for therapeutic intervention."
elife-05981-v2,"The research paper investigates how the protein rhodopsin, crucial for vision, is regulated in the eye. Rhodopsin activates a signaling cascade when it absorbs light, but this activation needs to be turned off quickly to prevent overstimulation. The study focuses on the role of specific sites on rhodopsin that get modified by adding phosphate groups, a process called phosphorylation. These sites are either serine or threonine amino acids. The researchers found that threonine sites are particularly important for quickly turning off the rhodopsin signal. When threonine sites are removed, the signal lasts much longer, indicating that threonine phosphorylation is essential for rapid desensitization. Conversely, serine sites, while also important, do not promote rapid desensitization as effectively. The study suggests that the balance between serine and threonine phosphorylation ensures that the visual signal is both quick and reliable, reducing noise in the visual system. This understanding is crucial for developing treatments for vision disorders where rhodopsin regulation goes awry."
elife-45311-v2,"The research paper explores how the bacterium Salmonella responds to acidic environments, which it encounters when infecting host cells. The study focuses on a protein called SsrB, which plays a crucial role in regulating genes that help Salmonella survive and replicate inside host cells. The researchers found that acidic conditions increase the activity of SsrB by enhancing its ability to bind to DNA. This increased binding promotes the expression of genes essential for Salmonella's survival within host cells. The study also examined a variant of SsrB that was thought to be constitutively active but found that it did not function as expected, highlighting the complexity of protein regulation. Overall, the findings suggest that acidity is a critical signal that Salmonella uses to activate its virulence genes, aiding its ability to infect and persist within hosts. This understanding could help in developing new strategies to combat Salmonella infections."
elife-16349-v1,"The research investigates how the enzyme AMPK affects the behavior of tiny worms called C. elegans when they are starved. AMPK is known to play a role in how cells respond to energy levels. The study found that when AMPK is not working properly, the worms have trouble moving around and exploring their environment when they are starved. This is because AMPK normally helps regulate certain receptors in the worms' nervous system that respond to a chemical called glutamate. When AMPK is not working, these receptors become too active, leading to more frequent reversals and less forward movement. The researchers also found that AMPK affects how much of these receptors are made and how they work. By understanding how AMPK controls these receptors, scientists hope to learn more about how the brain responds to changes in energy levels and how this might be related to behaviors in other animals, including humans. This research could help in developing new ways to treat conditions related to energy balance and movement disorders."
elife-42816-v1,"The research explored how the brain processes numerical values and reward probabilities, finding that both are represented similarly in neural activity. The study involved participants performing tasks that required them to judge numerical values and choose between options with different reward probabilities. The researchers used EEG to measure brain activity and found that patterns of neural activity for numbers and reward probabilities were similar, suggesting a shared neural code for magnitude. This means that the brain uses a similar process to understand both numerical values and the likelihood of rewards. The findings indicate that the brain might use an abstract concept of magnitude to encode different types of information, which could help in learning and decision-making. For example, understanding the value of different options might be easier if the brain can relate them to a familiar concept like numbers. The study also showed that individual differences in how people perceive numbers can influence how they process reward probabilities, highlighting the importance of personal experiences in shaping neural representations. Overall, the research provides insights into how the brain integrates different types of information to make decisions, which could have implications for understanding learning and cognitive processes."
elife-06638-v1,"The research investigates how certain bacteria attach to human cells, focusing on a protein called fibrinogen. The study reveals that many bacteria use a special mechanism to form strong, covalent bonds with fibrinogen, which is found in blood and wounds. This bonding helps bacteria stick firmly to tissues, especially in inflamed or healing areas. The researchers found that these bonds are very strong and can withstand forces like blood flow. They also discovered that different bacteria have similar but not identical proteins for this purpose, suggesting there are other unknown targets for these bacterial proteins. This finding is important because it could lead to new ways to prevent infections by blocking these bonds. Additionally, these proteins might be useful in medical applications like tissue engineering or diagnostics. The study highlights the complex interactions between bacteria and human cells, showing that bacteria have evolved clever ways to colonize our bodies, both as harmless residents and as harmful pathogens."
elife-17331-v1,"The research paper by Lorteije et al. (2015) explores how the brain makes decisions in a hierarchical task, where choices are made at different levels. The study trained monkeys to navigate through a decision tree with visual clues at two levels. The researchers measured how sensory information at different times influenced the decisions and recorded brain activity in visual areas V1 and V4. They found that the monkeys did not use a simple, step-by-step strategy but rather integrated information in parallel. This ruled out certain models that predicted a sequential decision process. The study also challenged models that treat all decisions as a flat competition, showing that these models do not fit the behavioral and neural data. The authors argue that hierarchical decision-making is flexible, allowing the brain to adapt its strategy based on the task's structure and the number of decisions to be made. This flexibility is not captured by flat models, which struggle to explain serial decision-making processes. The research highlights the complexity of decision-making in the brain and the need for models that can account for both parallel and serial strategies."
elife-09373-v2,"The research investigates how tracheal cells in fruit fly embryos organize into a specific spiral pattern. This pattern is crucial for the trachea's function, allowing it to expand and contract. The study found that certain genes and proteins play key roles in this organization. Specifically, the gene kkv is essential for forming the spiral folds, while the protein Src42A helps maintain the proper shape of these folds. The researchers also discovered that the cells communicate with each other through junctions, ensuring that the spiral pattern is continuous along the trachea. Additionally, the extracellular matrix, a structure outside the cells, provides feedback to stabilize this pattern. The findings suggest that the cells work together in a coordinated manner to create the spiral structure, which is vital for the trachea's proper functioning. This research provides insights into how cells organize into complex structures, which is relevant for understanding developmental biology and potential medical applications."
elife-02501-v2,"The research investigates how bacteria like E. coli handle harmful amino acids that can form during oxidative stress. When cells are exposed to reactive oxygen species (ROS), they can produce non-standard amino acids like meta-tyrosine (m-Tyr). These non-standard amino acids can interfere with the normal process of protein synthesis, potentially harming the cell. The study found that E. coli has a mechanism to prevent m-Tyr from being incorporated into proteins. This mechanism involves an enzyme called PheRS, which has an editing function to correct mistakes during protein synthesis. When this editing function is disabled, E. coli struggles to grow in the presence of ROS, indicating that m-Tyr is harmful when it gets into proteins. The research also suggests that while m-Tyr can be incorporated into proteins, it does not always cause immediate harm, depending on where it ends up in the protein sequence. This study highlights the importance of quality control in protein synthesis, especially under stressful conditions, and shows how bacteria have evolved to protect themselves from harmful byproducts of oxidative stress."
elife-53688-v1,"The research paper investigates the role of specific proteins, Vangl1 and Vangl2, in the development and repair of lung alveoli, which are tiny air sacs crucial for gas exchange. The study found that these proteins are essential for the proper formation and function of alveolar type I cells, which are key components of the alveoli. When Vangl1 and Vangl2 are absent, the alveoli do not develop correctly, leading to smaller and improperly organized structures. This defect was observed both in developing lungs and in adult lungs recovering from damage induced by bleomycin, a chemical that causes lung injury. The researchers also found that in patients with chronic obstructive pulmonary disease (COPD) and emphysema, the expression of Vangl2 and related proteins is reduced, suggesting a link between these proteins and the inability of the lungs to repair themselves in these conditions. The study provides new insights into how alveoli form and repair, highlighting the importance of Vangl1 and Vangl2 in these processes. This understanding could pave the way for developing new treatments for lung diseases characterized by alveolar damage, such as COPD and emphysema."
elife-51756-v2,"The research paper investigates how the types of immune cells called macrophages change in the kidneys as mice age. Macrophages are crucial for fighting infections and maintaining tissue health. The study found that in young mice, macrophages in the kidneys come from different sources, including the yolk sac and blood-forming stem cells. As the mice get older, the proportion of macrophages originating from the yolk sac increases significantly. This shift happens because these yolk sac-derived macrophages can proliferate and may also be recruited from other parts of the body. The findings suggest that understanding these changes could be important for studying age-related kidney diseases. The research provides a basis for future studies to explore how different types of macrophages affect kidney health in younger versus older mice, which could lead to new insights into why older people are more susceptible to kidney diseases."
elife-18295-v5,"The research paper investigates the development of blood cells in fruit flies, specifically focusing on the role of certain cells called hematopoietic stem cells (HSCs). These cells are crucial for producing various types of blood cells. The study found that in the early stages of a fruit fly's life, there are specific cells that express a protein called Notch. These Notch-expressing cells act as the founders of the blood cell system, giving rise to other types of blood cell progenitors. The researchers used genetic techniques to trace the lineage of these cells and found that they are essential for the development of the lymph gland, which is the fruit fly's equivalent of the bone marrow. The study also identified a signaling molecule called Dpp, which is produced by a structure called the PSC. Dpp is necessary for maintaining the Notch-expressing HSCs. When Dpp signaling is disrupted, the HSCs are lost, leading to a significant reduction in the size of the lymph gland. This research highlights the importance of these early HSCs in the development of the blood cell system and provides insights into how similar processes might occur in other organisms, including humans. The findings could have implications for understanding blood disorders and developing new therapies."
elife-30872-v2,"The research paper investigates how a specific protein, AKAP79, influences the activity of another protein, PP2B, which is crucial for various cellular processes. PP2B is a type of enzyme that removes phosphate groups from other proteins, a process known as dephosphorylation, which is essential for regulating many cellular functions. The study found that AKAP79 contains a specific sequence, called the LKIP motif, which fine-tunes the sensitivity of PP2B to calcium levels. This means that AKAP79 helps PP2B respond more effectively to changes in calcium, which is important for signaling within cells. The researchers also discovered that the flexibility of AKAP79 allows it to adapt its structure, enabling PP2B to reach and dephosphorylate nearby proteins more efficiently. Additionally, the study suggests that the interaction between AKAP79 and PP2B might affect how certain immunosuppressant drugs work, which could have implications for treating conditions like diabetes and organ transplant rejection. Overall, the findings provide new insights into how AKAP79 and PP2B work together to regulate cellular processes, potentially opening up new avenues for therapeutic interventions."
elife-16178-v1,"The study investigated how two different imaging techniques, GCaMP and VSD, capture neural activity in the visual cortex of macaque monkeys. GCaMP signals are thought to measure the spiking activity of neurons, while VSD signals measure the membrane potential. The researchers compared the tuning properties of these signals to understand how they relate to neural activity. They found that GCaMP signals are less sensitive to contrast and more selective to position and orientation than VSD signals, which aligns with the idea that GCaMP reflects spiking activity. The study also developed a computational model to support this hypothesis, showing that the model's predictions matched the observed data. This research highlights the potential of GCaMP imaging as a powerful tool for studying neural population activity over large areas of the brain in behaving animals, offering advantages such as higher signal amplitude and stability over time. The findings suggest that GCaMP signals are closely linked to the local spiking activity of layer 2/3 neurons, providing valuable insights into how different imaging techniques can be used to understand neural processing."
elife-36491-v1,"The research explores whether a parasite called Hammondia hammondi can infect humans, similar to its close relative Toxoplasma gondii, which is known to cause toxoplasmosis. The study is important because current tests might mistakenly identify H. hammondi as T. gondii due to similarities in their antibodies. The researchers conducted experiments using mice and cats to compare the behavior of H. hammondi and T. gondii. They found that H. hammondi is less likely to cause severe disease in mice compared to T. gondii. This suggests that if H. hammondi can infect humans, it might be less harmful. To confirm this, further studies are needed to develop specific tests that can distinguish between the two parasites and to assess their infection rates in humans and animals. The findings highlight the need for better diagnostic tools and a deeper understanding of how these parasites interact with their hosts."
elife-55015-v2,"The research paper investigates how proteins involved in the Wnt signaling pathway interact and form structures called filaments. The Wnt signaling pathway is crucial for various biological processes, including cell growth and development. The study focuses on two specific proteins, Dvl2 and Axin1, which are key players in this pathway. The researchers used advanced microscopy techniques to observe these proteins at a very high resolution, allowing them to see how they come together to form filaments. They found that Dvl2 can form filaments on its own, but when Axin1 is present, it can disrupt these filaments, changing their structure and potentially affecting how the Wnt signaling pathway functions. The study also looked at how these interactions might be influenced by the presence of Wnt signals, which are molecules that activate the Wnt pathway. The findings suggest that the formation and disruption of these protein filaments are important for regulating the Wnt signaling pathway, which could have implications for understanding diseases where this pathway is dysregulated, such as cancer. Overall, the research provides new insights into the molecular mechanisms of the Wnt signaling pathway, highlighting the dynamic interactions between Dvl2 and Axin1 and their role in cellular processes."
elife-07600-v2,"The research paper discusses a new method called MCM (Multidimensional Chemical Mapping) for determining the 3D structures of non-coding RNAs (ncRNAs). These are RNA molecules that do not code for proteins but play crucial roles in various biological processes. Understanding their structures is important for figuring out how they function.

The study shows that MCM can provide medium-resolution structures of ncRNA domains, which are parts of the RNA molecule. This method combines experimental data from M2 and MOHCA-seq techniques with computational modeling using Rosetta. The researchers tested this approach on several ncRNAs, including riboswitches and an internal ribosome entry site (IRES) domain, and found that it can accurately model their structures.

One of the key findings is that MCM can reveal the global structures of well-structured ncRNA states and provide frameworks to study the structure-function relationships of ncRNAs that can adopt multiple conformations. The method was also able to corroborate and refine models of ligand-independent tertiary structure in a c-di-GMP riboswitch aptamer and reveal similarly preformed tertiary structure in glycine and AdoCbl riboswitch aptamers. This suggests that these riboswitches may have preformed structures that help them quickly capture their cognate ligands in vivo.

The researchers also propose that MCM could be used to study the effects of mutations and other factors on ncRNA structures. They suggest that future work could involve using cell-permeable nucleotide analogs or chemical modifiers to enable in vivo 3D structure determination. Additionally, they discuss potential improvements to the method, such as developing quantitative relationships correlating MCM data to structural features and improving computational methods to refine the models to higher resolution.

Overall, the study demonstrates that MCM is a powerful tool for studying the structures of ncRNAs and has the potential to advance our understanding of their biological roles."
elife-54898-v1,"The study investigates errors that occur in RNA transcripts, which are copies of DNA used to make proteins. These errors can happen during the creation of RNA or after it's made. They can cause problems by making proteins that don't work right or by leading to diseases like neurodegeneration or cancer. The researchers used a method called CirSeq to find these errors in four types of bacteria. They found that these RNA errors happen much more often than DNA mutations. The errors were not random and varied depending on the type of RNA and the bacteria. Some errors were more common at the ends of RNA molecules, suggesting that bacteria might have a way to get rid of these faulty RNAs. The study also found that the types of errors depended on the bacteria's RNA-building machinery and the amounts of different RNA building blocks in the cell. This research helps us understand how cells maintain the quality of their RNA and how errors might contribute to diseases."
elife-36688-v3,"The research paper explores a method to enhance the ability of immune cells, specifically macrophages, to recognize and ingest cancer cells. The study focuses on engineering macrophages to express a special receptor called a chimeric antigen receptor (CAR). This receptor allows macrophages to specifically target and engulf cancer cells marked with certain proteins, such as CD19 and CD22. The researchers found that by combining different signaling motifs within the CAR, they could significantly increase the macrophages' ability to ingest whole cancer cells. They also discovered that blocking a ""don't eat me"" signal on cancer cells, known as CD47, further enhanced this process. The engineered macrophages were able to reduce the number of cancer cells in laboratory settings, suggesting that this approach could be a promising strategy for cancer therapy. The findings highlight the potential of using engineered immune cells to target and eliminate cancer cells more effectively."
elife-10806-v2,"The research explores how our brains process numbers and space. It is known that numbers are often visualized on a mental number line, with smaller numbers on the left and larger numbers on the right. This mental number line is seen in infants, animals, and even influenced by culture. The brain areas that handle numbers and space are close together, suggesting they might share some functions. The study found that watching moving dots can affect how we perceive numbers. For example, seeing dots move to the left makes small numbers seem more numerous, while seeing dots move to the right makes large numbers seem less numerous. This shows that the brain circuits for numbers and motion are connected. The study also found that this effect happens in a specific part of the brain that deals with both space and numbers, not just early visual processing or broad visual fields. This means that the brain's number-processing circuits retain some of their original spatial functions. The findings suggest that understanding how motion affects number perception could help identify children at risk for math difficulties early in life."
elife-18659-v1,"The research paper discusses the development and capabilities of a new type of microscope lens called the Mesolens. Traditional microscope lenses have limitations in terms of the field of view and depth resolution, making it difficult to capture detailed images of large, thick specimens like whole embryos. The Mesolens addresses these issues by providing a large field of view (up to 6 millimeters wide and 3 millimeters thick) and high depth resolution (a few microns), allowing for sub-cellular detail to be resolved throughout the specimen. This is a significant improvement over standard lenses, which struggle to maintain resolution at greater depths. The Mesolens was tested on rat embryonic brain cultures and mouse embryos, demonstrating its ability to capture detailed images of both surface and deep structures. The lens also showed excellent color correction and optical throughput, making it suitable for various imaging techniques, including wide-field epi-fluorescence and laser scanning confocal microscopy. The Mesolens represents a major advancement in microscope lens design, offering the potential to transform optical microscopy by enabling high-resolution imaging of large tissue specimens. This could have wide-ranging applications in fields like neurobiology and developmental biology, where understanding the structure and function of complex tissues is crucial."
elife-00012-v1,"The study investigates how the timing of neural signals affects the strength of connections between neurons in the brain. Specifically, it looks at a process called spike-timing-dependent plasticity (STDP), which is a way neurons adjust their connections based on the timing of incoming signals. The researchers found that STDP can simultaneously strengthen and weaken the connections in a single neuron, depending on the timing of the signals. They also discovered that the changes in neural activity were broader and more spread out in time compared to previous lab studies. This broader effect is likely due to the natural variability in the timing of signals in the brain. The study used both real brain recordings and computer simulations to understand these processes. The findings suggest that small changes in neural activity can have a big impact on how neurons respond to stimuli, which is important for understanding how the brain learns and adapts. This research helps bridge the gap between how individual neurons change and how entire brain circuits adapt to new information, which is a fundamental question in neuroscience."
elife-25818-v1,"The research paper explores how reports of drug side effects (adverse drug reactions or ADRs) change over time and how these changes can be influenced by various factors. The study focuses on several drugs, including rofecoxib, celecoxib, rosiglitazone, and pioglitazone, which are used to treat conditions like pain and diabetes. The researchers analyzed data from the FDA's Adverse Event Reporting System (FAERS) to understand how reports of side effects evolve over time and what factors might influence these reports.

The study found that significant events, such as the publication of clinical studies or regulatory actions, can greatly affect the number and type of side effect reports. For example, after a study linked rofecoxib to an increased risk of cardiovascular events, there was a surge in reports of heart-related side effects, particularly from lawyers. Similarly, the withdrawal of rofecoxib from the market led to an increase in reports for celecoxib, another drug in the same class.

The researchers also compared rosiglitazone and pioglitazone, two drugs used to treat diabetes. Despite their similar structures and mechanisms of action, they had different side effect profiles. Rosiglitazone was more commonly associated with heart-related issues, while pioglitazone was linked to bladder cancer. The study suggests that these differences might be due to how the drugs interact with different targets in the body and their exposure levels.

The paper highlights the complexity of interpreting ADR reports, as they can be influenced by regulatory actions, media coverage, and legal activities. The researchers emphasize the need for careful analysis to distinguish genuine side effects from those that might be over-reported due to external factors. They also discuss the importance of considering drug pharmacokinetics and exposure levels when evaluating ADR reports. Overall, the study provides insights into how ADR reporting can be influenced by various factors and the need for sophisticated tools to interpret these reports accurately."
elife-08848-v2,"The research investigates the role of a protein called KDM1A in early mouse development and its potential effects on the offspring. KDM1A is crucial for the transition from maternal to zygotic control in early embryos, a process known as the maternal-to-zygotic transition (MZT). When KDM1A is removed from mouse eggs, the embryos fail to develop properly and often stop growing very early. However, in some cases where KDM1A is only partially removed, the embryos can develop further but may face issues later in life, such as dying shortly after birth or exhibiting behavioral abnormalities. The study also found that these developmental problems are linked to changes in how certain genes are regulated, a process known as genomic imprinting. This research highlights the importance of KDM1A in early development and suggests that disruptions in this protein's function can have long-lasting effects on the offspring, even weeks after birth. Understanding these mechanisms can provide insights into how epigenetic changes in early development can influence later health and behavior."
elife-20420-v1,"The research explores how bacteria, specifically Mycobacterium smegmatis, develop resistance to multiple antibiotics. As antibiotic resistance becomes more common, understanding how bacteria evolve to survive these drugs is crucial. The study found that certain mutations in the ribosome, the cell's protein-making machinery, can make bacteria resistant to various antibiotics. These mutations do not cause the ribosome to make mistakes in protein production but instead alter how the ribosome is assembled. This change leads to significant shifts in the bacterium's gene activity, making it more resistant to different antibiotics. For example, changes in specific genes can make the bacterium resistant to isoniazid or ciprofloxacin. The study also showed that these mutations can help bacteria survive in environments with multiple antibiotics, even if the resistance is not complete. This survival advantage allows the bacteria to acquire additional mutations that confer higher levels of resistance. While these mutations come with a fitness cost in the absence of antibiotics, they can be easily reversed, allowing the bacteria to regain normal function when conditions change. This research highlights how bacteria can use temporary resistance mechanisms to survive and eventually become highly resistant to multiple antibiotics. Understanding these processes is vital for developing new strategies to combat antibiotic resistance."
elife-12401-v2,"The research investigates how zebrafish develop their distinctive stripe patterns. The study focuses on specialized cell projections called airinemes, which are extended by xanthoblasts, a type of pigment cell. These airinemes help in signaling to melanophores, another type of pigment cell, to form the characteristic stripes. The researchers found that inhibiting airineme production or Notch signaling, which is crucial for cell communication, disrupts the stripe pattern. They also discovered that in pearl danio, a related fish species with a more uniform color pattern, the airinemes are less frequent due to differences in gene activity. This suggests that evolutionary changes in gene regulation can lead to different pigment patterns. The study highlights the importance of cell communication and differentiation in pattern formation and provides insights into how similar mechanisms might operate in other organisms."
elife-14985-v5,"The study investigates how movement affects the activity of different types of neurons in the visual cortex of mice. Previous research suggested that when mice move, certain inhibitory neurons (VIP neurons) become more active, which in turn reduces the activity of another type of inhibitory neuron (SST neurons). This reduction in inhibition was thought to increase the activity of excitatory neurons, enhancing their response to visual stimuli. However, this model was challenged by findings that SST neurons can also increase their activity during movement, especially when visual stimuli are present. The researchers used advanced imaging techniques to observe the activity of different neuron types in the visual cortex while mice were moving and viewing visual stimuli or in darkness. They found that all types of neurons, including SST neurons, increased their activity during movement when visual stimuli were present. This contradicts the previous model and suggests that the effects of movement on neuron activity depend on the context, such as whether visual stimuli are present. The study highlights the complexity of how movement influences brain activity and the need to consider different contexts when studying neural circuits."
elife-07178-v2,"The research investigates the early development of zebra finch embryos, focusing on the stages before the formation of distinct cell layers. The study aims to understand how these early cells behave and express certain genes, comparing them to mouse and chick embryos. The researchers found that finch embryos at the time of laying (oviposition) have cells that are already specialized into different types, such as those that will form the embryo itself (epiblast) and those that will form supporting structures (hypoblast). These cells express specific markers, like Sox3 for epiblast and Gata4 for hypoblast, indicating their future roles. The study also looked at genes related to pluripotency, which is the ability of cells to become many different types. Finch embryos at oviposition show high expression of pluripotency genes, similar to mouse embryos at a very early stage. When these finch cells were cultured in the lab, they maintained their pluripotency better than chick cells, especially when a certain signaling pathway (Erk) was inhibited. This suggests that finch embryos at oviposition are in a ""naive"" pluripotent state, similar to early mouse embryos. The findings highlight the conservation of early developmental processes across different amniotes (animals that lay eggs on land, like birds and mammals) and provide insights into how pluripotency is maintained in early embryos. This research could help in understanding and manipulating early development in birds, which could have applications in agriculture and conservation."
elife-16691-v2,"The research investigates how yeast cells remember past experiences to respond more quickly to future stimuli. Specifically, it looks at a process called transcriptional memory, where genes that were previously active can reactivate more swiftly. The study found that yeast cells use a complex called COMPASS, which can exist in different forms to add specific chemical tags to histones, proteins that package DNA. These tags help the cell remember which genes were active in the past. The COMPASS complex can be remodeled to produce different types of tags, either H3K4me2 or H3K4me3, depending on the cell's needs. The study also shows that another complex, SET3C, plays a crucial role in maintaining these tags and ensuring that the genes can be reactivated quickly. This memory mechanism allows yeast cells to adapt more efficiently to changing environments. The findings suggest that similar processes might occur in more complex organisms, including humans, where genes need to be activated quickly in response to various stimuli. Understanding these mechanisms could help in developing treatments for diseases where gene regulation goes awry, such as cancer."
elife-45257-v2,"The research focuses on understanding the process of sporulation in the bacterium Bacillus subtilis, specifically the engulfment phase where a mother cell envelops a smaller cell called a forespore. Using a technique called cryo-FIB-ET, which allows for high-resolution imaging, the researchers observed detailed structures and processes during sporulation. They found that the peptidoglycan layer, which is a key component of the bacterial cell wall, is not completely degraded during the early stages of engulfment as previously thought. Instead, it thins out uniformly as the forespore grows, suggesting that the peptidoglycan is stretched rather than degraded. The study also revealed that certain enzymes, collectively known as DMP, are crucial for maintaining a flexible septum (the dividing wall between the mother cell and the forespore) and for the movement of the engulfing membrane. The researchers propose a model where new peptidoglycan is synthesized ahead of the engulfing membrane and then degraded by DMP, allowing the membrane to advance. This process is likened to a ratchet mechanism, ensuring that the membrane moves forward without slipping back. The findings provide new insights into the molecular mechanisms of sporulation and highlight the potential of advanced imaging techniques to uncover detailed biological processes."
elife-09668-v3,"The study investigated how people learn and remember rules, or schemas, that help them make sense of information. The researchers wanted to understand how the brain processes and stores these schemas over time. Participants were shown pairs of circles and had to learn rules based on the circles' positions or colors to predict outcomes like ""sun"" or ""rain."" They underwent brain scans on two consecutive days while performing tasks related to these rules. On the first day, participants learned the rules, and on the second day, they retrieved the information. The study found that learning improved quickly, and participants became more confident in their answers over time. Brain scans revealed that certain brain regions, like the hippocampus and prefrontal cortex, were active during the learning and retrieval of these rules. The researchers also found that the brain's activity patterns for these rules became more stable and consistent over time. This suggests that the brain consolidates these schemas, making them easier to recall later. The findings highlight how the brain organizes and stores complex information, which is crucial for understanding memory and learning processes."
elife-01273-v1,"The study explores how people adapt to losing a hand, either from birth or later in life, and how their brains change to accommodate this loss. Researchers found that individuals who rely more on their remaining hand show increased brain activity in the area that would normally control the missing hand. Conversely, those who use their residual arm more show increased activity in the same brain area during arm movements. This brain reorganization is not just about the age at which the hand was lost but also about how the individual adapts and uses their remaining limbs. The study also found that the brain's white matter structure, which supports these changes, is more developed in people who use their remaining hand more. This research highlights the brain's ability to adapt and reorganize, even in adults, and has implications for developing better rehabilitation strategies for people with limb loss. Understanding these adaptations can help in designing more effective treatments and prosthetics to improve the quality of life for individuals with hand absence."
elife-04395-v2,"The research paper discusses the spread of Ebola virus disease (EVD) in Africa, focusing on how human populations and their connectivity have changed over time, potentially affecting the spread of the disease. The study looks at population growth and increased travel within and between countries, which could facilitate the spread of EVD. It highlights that since 1976, both rural and urban populations in at-risk countries have grown significantly, and international travel has increased substantially. The paper also maps out areas in Africa where the environment is suitable for EVD to spread from animals to humans, identifying 22 countries at risk. It emphasizes the need for improved surveillance, better healthcare infrastructure, and the development of vaccines and treatments to manage future outbreaks. The research underscores that while EVD outbreaks are rare, they can have a significant impact on healthcare systems and economies, especially in regions with limited resources. The findings suggest that understanding and addressing the environmental and human factors that contribute to EVD transmission is crucial for preventing and controlling future outbreaks."
elife-02848-v2,"The research paper investigates how a protein called MSI1 affects the production of certain fats in cells, particularly focusing on a fat called oleic acid. Oleic acid is important for cell growth and is found in high amounts in the brain's myelin, which insulates nerve cells. The study found that MSI1 helps control the activity of an enzyme called SCD, which makes oleic acid from another fat called stearic acid. When MSI1 is present, cells produce more oleic acid and related fats, which are crucial for cell growth and function. The researchers also discovered that oleic acid can inhibit MSI1's activity, suggesting a feedback loop where oleic acid regulates its own production. This finding is significant because it shows how cells balance the production of essential fats, which is important for understanding diseases like obesity, diabetes, and cancer. The study also highlights the potential for targeting MSI1 and SCD in therapies for these conditions."
elife-03635-v2,"The research paper explores how genes interact with each other through a process called transcriptional interference. Specifically, it looks at a gene called HMS2 and its neighboring genes in yeast. The study found that when HMS2 is active, it suppresses the activity of an antisense gene called SUT650 and another gene called BAT2. This suppression happens because the active transcription of HMS2 interferes with the ability of SUT650 and BAT2 to be transcribed. The researchers used various genetic techniques to manipulate the activity of HMS2 and observed the effects on SUT650 and BAT2. They found that the suppression of SUT650 and BAT2 by HMS2 is not dependent on specific environmental conditions but rather on the transcriptional activity of HMS2 itself. The study also suggests that this type of transcriptional interference might be a common mechanism in yeast and possibly in other organisms, where genes can influence each other's activity through their transcriptional status. This research highlights the complex interactions between genes and how they can regulate each other's expression, which is crucial for understanding gene function and regulation."
elife-72619-v2,"The study investigated how COVID-19 vaccines affect T cells, which are crucial for fighting infections. Researchers looked at blood samples from 11 people, some of whom had previously been infected with COVID-19 and others who had not. They analyzed the samples using a detailed method called CyTOF, which can measure many different features of cells at once. The goal was to see how T cells respond to the vaccine, especially to different variants of the virus.

The researchers found that in people who had never been infected, the first vaccine dose primed a strong response from CD4+ T cells, which was boosted by the second dose. This response was similar for both the original virus and its variants. In contrast, people who had already been infected showed a more varied response. Most had a weaker CD4+ T cell response after vaccination compared to those who had never been infected. However, one person had a very strong response after the first dose, which then decreased after the second dose.

The study also found that the vaccine-elicited CD4+ T cells in previously infected individuals had different characteristics compared to those in people who had never been infected. These cells seemed to be more long-lived and might move more easily to mucosal sites like the nose and lungs, which are common entry points for the virus. This could explain why the number of these cells in the blood was lower in previously infected individuals.

Overall, the research suggests that while vaccines are effective in both groups, the immune response can differ based on prior infection status. This information could help in developing better vaccines and treatments for COVID-19."
elife-07597-v2,"The research paper discusses the importance of understanding how plant roots adapt to their soil environment. Roots need to navigate complex soil conditions to access water and nutrients, and their architecture plays a crucial role in this process. Different nutrients require different root strategies: deep, vertical roots are better for accessing water and nitrogen, while shallow, branched roots are more effective for phosphorus. The paper introduces a new tool called GLO-Roots, which allows scientists to study root architecture and gene expression in soil-grown plants. This system uses luminescent reporters and imaging technology to track root growth and responses to environmental changes. The researchers demonstrated the utility of GLO-Roots by studying different plant varieties and showing how their root systems vary. They also showed that the system can be used to study interactions between roots and beneficial bacteria. This tool could help scientists better understand how plants adapt to their environment and could be useful for developing crops that are more resilient to changing conditions."
elife-14315-v2,"The research paper investigates how different types of brain cells, specifically inhibitory neurons, affect blood flow in the brain. The study focuses on understanding the role of these neurons in regulating blood vessels, which is crucial for maintaining brain function. The researchers used a technique called optogenetics to activate specific neurons in the brains of mice and observed the resulting changes in blood vessel diameter. They found that activating inhibitory neurons can cause blood vessels to either widen or narrow, depending on the type of neuron activated. This finding is important because it suggests that different types of neurons have distinct roles in controlling blood flow, which could have implications for understanding brain disorders and developing new treatments. The study also highlights the complexity of the brain's blood flow regulation, showing that it involves multiple types of neurons and signaling pathways. Overall, the research provides new insights into how the brain controls its blood supply, which is essential for its proper functioning."
elife-65715-v3,"The research paper discusses Paget's disease of bone (PDB), a condition where bones become enlarged, weak, and deformed due to abnormal bone remodeling. This disease often goes unnoticed until it reaches an advanced stage, making early treatment difficult. The study focuses on understanding the role of DNA methylation, a process that can change how genes are expressed, in PDB. The researchers analyzed DNA methylation patterns in blood samples from 253 PDB patients and 280 controls. They found significant differences in methylation at specific sites, which were linked to genes involved in bone health, immune responses, and viral infections. These findings suggest that epigenetic changes, influenced by both genetic and environmental factors, play a role in PDB. The study also identified a set of 95 methylation sites that could potentially serve as biomarkers for diagnosing PDB early, before significant bone damage occurs. This could lead to better management and treatment of the disease. The research highlights the complex interplay between genes and the environment in PDB and opens up new avenues for early detection and intervention."
elife-53227-v2,"The researchers studied how trypanosomes, a type of parasite, handle oxidative stress, which is caused by harmful molecules like hydrogen peroxide (H2O2). They used special sensors to monitor the redox state, or the balance between oxidation and reduction, in different parts of the parasite cells. The study found that when a key protein called Tpx was removed, the sensors in the mitochondria (the cell's powerhouses) still responded to H2O2, but more slowly and weakly. This suggests that there might be a small amount of Tpx in the mitochondria or another protein helping to manage oxidative stress there. Additionally, when another protein called mPrx was depleted, the sensors showed a reduced ability to handle H2O2, indicating that mPrx is crucial for dealing with oxidative stress in the mitochondria. The findings highlight the importance of these proteins in protecting trypanosomes from oxidative damage and provide insights into how these parasites maintain their redox balance. This research is significant because it helps understand how trypanosomes, which cause diseases like sleeping sickness, cope with oxidative stress, potentially leading to new ways to combat these diseases."
elife-73869-v1,"Researchers wanted to know if adding aquatic animals like carp, crabs, or turtles to rice fields could improve rice growth and soil health. They conducted experiments over four years, comparing rice fields with these animals to traditional rice monocultures. The results showed that the presence of aquatic animals increased rice yield and nitrogen use efficiency. These animals helped reduce weeds by eating them or disturbing the soil, which benefited the rice plants. Additionally, the animals' waste contributed to soil nitrogen, making it more available for the rice. The study suggests that integrating aquatic animals into rice farming could be a sustainable way to boost productivity and soil health, potentially reducing the need for fertilizers and pesticides. However, further research is needed to address potential environmental impacts, such as increased carbon emissions and nutrient runoff."
elife-34848-v1,"The research focused on understanding the dynamics of a major dengue outbreak in Fiji in 2013/14. Dengue is a viral infection spread by mosquitoes, causing flu-like symptoms and sometimes severe complications. The study combined surveillance data (reported cases) with serological survey data (blood samples showing past infection) to gain insights into how the outbreak spread and declined. The researchers found that the outbreak was driven by a decline in the number of susceptible people (those who had not been infected before), a process known as herd immunity. However, this alone could not fully explain the outbreak's decline. A nationwide vector clean-up campaign in March 2014 also played a significant role. The study highlighted the importance of combining different types of data to understand disease outbreaks better. This approach can help improve forecasts of future epidemics and evaluate the effectiveness of control measures. The research also provided insights into age-specific infection patterns, showing that younger people were more likely to be infected during the outbreak. This information is crucial for targeting public health interventions and preparing for future outbreaks. The findings underscore the value of serological surveys in understanding disease dynamics and the need for integrated data sources to inform public health strategies."
elife-11190-v1,"The research explores how the hormone ghrelin, which is released in anticipation of meals, influences eating behavior. Ghrelin is known to stimulate appetite and increase meal size. The study focuses on a specific brain region, the ventral hippocampus (vHP), and its role in conditioned feeding behavior, which is eating based on learned cues. The researchers found that blocking ghrelin receptors in the vHP reduced food intake in rats that had learned to anticipate meals at specific times. This effect was not seen in rats that were simply food-deprived without the meal anticipation learning. The study also identified a neural pathway from the vHP to another brain region, the lateral hypothalamus (LHA), which is involved in regulating appetite. This pathway involves orexin neurons in the LHA, which are activated by ghrelin signaling from the vHP. Blocking orexin receptors in the brain also reduced the appetite-stimulating effects of ghrelin in the vHP. The findings suggest that ghrelin signaling in the vHP is crucial for conditioned feeding behavior, where eating is triggered by learned cues rather than just hunger. This research highlights a specific brain mechanism that contributes to overeating based on learned associations with food, which could have implications for understanding and treating overeating and obesity."
elife-49375-v2,"The research paper explores how a protein called TraR affects the process of transcription, which is how genes are read to make proteins. TraR is a regulatory protein that can either activate or inhibit transcription depending on the specific gene it interacts with. The study found that TraR works by changing the shape of the RNA polymerase, the enzyme that reads DNA to make RNA. These changes affect how easily the RNA polymerase can start transcription. When TraR activates transcription, it makes it easier for the RNA polymerase to form a stable complex with the DNA, leading to more RNA being made. When TraR inhibits transcription, it stabilizes an intermediate step, preventing the RNA polymerase from forming a stable complex with the DNA, thus reducing RNA production. The researchers used advanced techniques like cryo-electron microscopy to visualize these changes at a molecular level. This work helps us understand how regulatory proteins like TraR fine-tune gene expression, which is crucial for many biological processes. The findings also suggest that TraR and similar proteins might work through similar mechanisms, providing a broader insight into gene regulation."
elife-12095-v3,"The research paper investigates how a protein called GPIHBP1 helps move another protein, LPL, within the body. LPL is crucial for breaking down fats in the bloodstream, and its proper function is essential for preventing conditions like high cholesterol. The study found that GPIHBP1 has a specific part that helps it grab LPL and move it to the right place in the body. This part of GPIHBP1 is negatively charged, which allows it to attract the positively charged parts of LPL. The researchers also discovered that this interaction helps stabilize LPL, making it work better. This finding is important because it sheds light on how these proteins work together to manage fat in the body. Understanding this process could lead to better treatments for conditions related to fat metabolism, such as high cholesterol and heart disease. The study used various techniques to observe how these proteins interact and change over time, providing a detailed look at their behavior. This research could pave the way for developing new therapies that target these proteins to improve fat metabolism and overall health."
elife-33125-v2,"The research paper discusses a method called Spot-On, which helps analyze the movement of proteins within cells. Proteins can move in different ways, such as being bound to structures or freely diffusing. The study used a technique called single-particle tracking (SPT) to observe these movements in live cells. The researchers tracked four different proteins in human and mouse cells, using various frame rates and illumination conditions. They found that Spot-On could accurately infer the diffusion constants and the fractions of bound and free proteins, even when the proteins exhibited complex movement patterns. The study also showed that motion-blurring, caused by the way images are captured, can affect the results, especially for fast-moving proteins. Spot-On provides a way to correct for these biases, making SPT more reliable. The researchers hope that Spot-On will help standardize SPT techniques, making them more accessible and consistent across different studies. This could lead to better understanding of how proteins move and function within cells."
elife-09214-v2,"A study investigated how genes are read in kidney cancer cells, specifically clear cell renal cell carcinoma (ccRCC). The researchers found that in many cases, the reading process doesn't stop where it should, leading to what's called ""transcription read-through."" This means that the machinery reading the genes continues past the normal stopping point, potentially affecting nearby genes. The study showed that patients with more of these read-through events had worse survival rates. One key gene, SETD2, was often mutated in these patients, and when this gene was fixed in lab-grown cancer cells, the read-through problem was reduced. The researchers also found that this read-through can affect the expression of nearby genes, including an important gene called BCL2, which is linked to cancer. Additionally, they discovered unusual combinations of gene pieces, called RNA chimeras, which might play a role in cancer development. Overall, the study suggests that these read-through events are important in kidney cancer and could be a target for future treatments."
elife-16843-v1,"The study investigates how serotonin, a chemical in the brain, affects the lifespan of fruit flies when they have a choice of foods. The researchers found that flies with altered serotonin signaling lived longer when they could choose between different types of food, even though they ate the same amount of food as normal flies. This suggests that the way flies value and choose their food, rather than just how much they eat, influences their lifespan. The study also identified a specific gene, JhI-21, which is involved in this food valuation process. When this gene is mutated, flies also live longer, especially when they have a choice of foods. The findings highlight the importance of how organisms perceive and value nutrients, which can affect their overall health and aging. This research could help us understand more about how diet and nutrition impact aging in humans."
elife-00078-v1,"The research explores how DNA is packaged in a type of single-celled organism called archaea, specifically a species named Haloferax volcanii. This organism lives in very salty environments, like the Dead Sea. The study aims to understand how DNA is organized and controlled in these ancient organisms, which can provide insights into how more complex organisms, like humans, manage their DNA.

The researchers grew Haloferax volcanii in a lab and used special techniques to break down the DNA into small pieces that were protected by proteins called histones. They then sequenced these pieces to create a map of where histones are located along the DNA. They also created a map of which genes are active (being expressed) in the organism.

The findings show that the way DNA is packaged in Haloferax volcanii is similar to how it is packaged in more complex organisms, like humans. Both have regions where DNA is tightly packed (protected by histones) and regions where it is more open (not protected by histones). These open regions are important for turning genes on and off. The study also found that the DNA in Haloferax volcanii is packed more tightly than in humans, which might be because the archaeal genome is smaller.

This research is important because it helps us understand the basic principles of how DNA is organized and controlled in all living things. It suggests that the way DNA is packaged and regulated is very ancient and has been conserved through evolution. This knowledge can help us understand how genes are controlled in more complex organisms and potentially lead to new ways to treat diseases related to gene regulation."
elife-27014-v1,"The research focused on understanding how the gut microbiome (the community of microorganisms living in the gut) changes with age and how these changes might affect health and lifespan. The study used a short-lived fish species called the turquoise killifish as a model. The researchers found that young fish have a more diverse and healthier gut microbiome compared to older fish. They also discovered that transferring the gut microbiome from young fish to middle-aged fish could extend their lifespan and improve their health. This intervention helped maintain a young-like gut microbiome in the older fish, which was associated with better defense against harmful bacteria and reduced inflammation. The study suggests that improving the diversity of the gut microbiome in older individuals could be a key to slowing aging and delaying age-related diseases. The findings highlight the potential of targeting the gut microbiome as a strategy for promoting health and longevity."
elife-06587-v1,"The research investigates how two proteins, LLG1 and LRE, interact with another protein called FER to influence plant growth and development. FER is crucial for various plant processes, including root growth and reproduction. The study found that LLG1 and LRE help FER move to the cell membrane, where it can function properly. Without LLG1 and LRE, FER gets stuck inside the cell, leading to developmental issues. The researchers used various techniques to show that LLG1 and LRE bind to FER and guide it to the right place. They also found that these interactions occur early in the cell's secretory process, in a part of the cell called the endoplasmic reticulum. This discovery helps explain how FER can control multiple signals and adapt to different conditions. It also suggests that similar mechanisms might be at work for other related proteins in plants. Understanding these interactions could lead to better ways to manipulate plant growth and improve crop yields."
elife-59018-v1,"The research paper investigates how a specific antibody, called 3D11, interacts with a protein from the malaria parasite, Plasmodium berghei. This protein, known as PbCSP, is crucial for the parasite's ability to infect humans. The study aims to understand how the antibody recognizes and binds to different parts of the PbCSP protein, which is important for developing effective malaria vaccines.

The researchers used advanced techniques like X-ray crystallography and cryo-electron microscopy to visualize the interactions between the antibody and the protein at a molecular level. They found that the antibody binds to specific repeating sequences in the PbCSP protein, forming a spiral structure. This binding is strengthened by interactions between multiple antibody molecules, which enhance the overall binding affinity.

The study also revealed that certain changes in the antibody's structure, which occur naturally during the immune response, improve these interactions. These changes, known as somatic mutations, help the antibody to bind more tightly to the parasite protein.

The findings suggest that understanding how antibodies recognize and bind to malaria proteins can help in designing better vaccines. By mimicking the natural processes that strengthen antibody binding, researchers can develop more effective strategies to combat malaria. This research provides valuable insights into the molecular mechanisms of antibody-antigen interactions, which are essential for developing vaccines and therapies against infectious diseases."
elife-22962-v3,"The research paper investigates how different distributions of a specific type of ion channel, called H-channels, affect the firing patterns of a type of brain cell known as O-LM cells. These cells are important for generating rhythmic brain activity, particularly in the theta frequency range, which is crucial for memory and navigation. The study used computer models of O-LM cells to simulate how these cells respond to rhythmic inputs at different frequencies. The researchers found that the location of H-channels within the cell—either in the cell body or spread throughout the cell's branches—significantly influences the cell's ability to fire in response to these inputs. When H-channels are mostly in the cell body, the cells prefer to fire at lower theta frequencies (around 3-5 Hz). However, when H-channels are distributed throughout the cell's branches, the cells prefer to fire at higher theta frequencies (around 8-10 Hz). This preference can be further modulated by a chemical called cAMP, which shifts the firing preferences to even higher frequencies in cells with branch-distributed H-channels. The findings suggest that the distribution of H-channels and their modulation by cAMP can fine-tune the firing patterns of O-LM cells, potentially allowing them to participate in different types of brain rhythms. This could have implications for understanding how the brain processes information during various behaviors, such as spatial navigation or emotional responses. The study highlights the importance of considering the detailed distribution of ion channels within neurons to understand their functional roles in the brain."
elife-51581-v1,"The research paper investigates the bone structure of ancient amphibians and reptiles to understand how their bones grew and developed. The study focuses on the humerus, or upper arm bone, of various extinct species, including Metoposaurus, Seymouria, and Discosauriscus. The researchers used advanced imaging techniques to examine the internal structure of these bones, revealing details about how they grew and how blood cells were produced within them. The findings show that these ancient creatures had a complex bone structure with a dense network of trabeculae, which are small, spongy-like structures within the bone. The study also identifies structures called marrow processes, which play a role in bone growth and the production of blood cells. The research suggests that the way bones grew and developed in these ancient animals was more similar to modern reptiles and mammals than previously thought. This challenges the idea that amphibians represent a primitive stage of bone development. The study also highlights the importance of understanding the evolution of bone structure and function in different groups of animals, providing insights into how these processes have changed over millions of years."
elife-53072-v2,"The research investigates how the lung's blood vessels, specifically endothelial cells, respond to injury caused by the H1N1 influenza virus. The study aims to understand how these cells contribute to the repair and regeneration of lung tissue after infection. Using advanced techniques like single-cell RNA sequencing, the researchers analyzed the gene expression changes in endothelial cells from both healthy and infected lungs. They found that after H1N1 infection, certain types of endothelial cells, particularly those expressing high levels of the gene Car4, increase in number and show specific changes in gene activity. These changes suggest that these cells play a crucial role in repairing the lung's tiny blood vessels, which are essential for gas exchange. The study also revealed that multiple types of endothelial cells, not just the Car4-high cells, contribute to the regenerative process through proliferation. This finding challenges the idea that only specific progenitor cells are responsible for repairing damaged blood vessels. The research highlights the importance of understanding the diverse roles of endothelial cells in lung regeneration, which could lead to new therapies for conditions like acute respiratory distress syndrome (ARDS) that can develop after severe influenza infections. By identifying how different endothelial cell types respond to injury, the study provides valuable insights into the mechanisms of lung repair and the potential for targeted treatments to improve recovery from lung damage."
elife-01524-v1,"The research paper investigates how a protein called synaptotagmin 7 (syt 7) and another protein called calmodulin (CaM) work together to regulate the release of neurotransmitters in brain cells. Neurotransmitters are chemicals that allow brain cells to communicate with each other. The study found that syt 7 acts as a sensor for calcium, a mineral that plays a crucial role in many cellular processes, including neurotransmitter release. When calcium levels rise, syt 7 and CaM interact to help replenish the supply of neurotransmitters in the brain cells, ensuring that communication between cells can continue. The researchers used various techniques, including genetic manipulation and chemical treatments, to observe how these proteins function in brain cells from mice. They discovered that when syt 7 or CaM is disrupted, the replenishment of neurotransmitters is impaired, leading to problems in cell communication. This finding is significant because it sheds light on the molecular mechanisms underlying short-term synaptic plasticity, which is essential for learning and memory. Understanding these processes can help in developing treatments for neurological disorders where synaptic communication is affected, such as Alzheimer's disease and epilepsy."
elife-05154-v1,"People often sniff their own hands after shaking hands with someone, especially when the person is of the same gender. This behavior is more pronounced when a handshake is involved. The study found that people tend to sniff the hand that shook more if the handshake was with someone of the same gender. Conversely, if the handshake was with someone of the opposite gender, people were more likely to sniff the hand that did not shake. The research also showed that this behavior is influenced by odors, as people sniffed their hands less when the experimenter was tainted with certain chemicals. This suggests that handshaking might be a way for people to subtly gather information about others through smell, even if they are not aware of it. The findings highlight how social interactions can involve unconscious olfactory cues, adding to our understanding of human behavior and communication."
elife-08440-v2,"The research paper investigates how Parkinson's disease (PD) affects the brain, focusing on early-stage patients who were diagnosed an average of seven months prior to the study. Previous studies using MRI scans have often found normal brain volumes in early PD patients, but this study used a large dataset from the Parkinson's Progression Marker Initiative (PPMI) to identify brain regions affected by the disease. The researchers used a technique called deformation-based morphometry (DBM) combined with independent component analysis (ICA) to analyze MRI scans from 232 PD patients and 117 age-matched controls. They found that PD affects a network of brain regions involved in reward and motivation, which are connected by dopamine neurons. The study suggests that the substantia nigra (SN), a part of the brainstem, could be the starting point for the spread of the disease to other connected brain regions. This supports the idea that PD spreads through the brain's networks, although it's also possible that neurons in one network share a common vulnerability. The findings also indicate that healthy aging is associated with a progressive loss of dopamine neurotransmission and atrophy in the same brain network affected by PD, suggesting that PD might target this network due to a combination of normal aging and disease pathology. The study provides new insights into how PD progresses and could help in developing better diagnostic tools and treatments."
elife-43290-v2,"Measles is a serious disease that kills many young children, especially in Africa and Asia. In India, the number of measles deaths in children aged 1-59 months dropped significantly from 2000 to 2015. To understand why, researchers looked at the impact of a national measles vaccination campaign launched in 2010. This campaign aimed to give a second dose of the measles vaccine to children in 14 states where vaccination rates were low. The study used data from the Million Death Study, which collected information on deaths in India from 2005 to 2013. The researchers found that the campaign led to a significant reduction in measles deaths, especially in the states where the campaign was focused. Overall, the campaign is estimated to have prevented between 41,000 and 56,000 child deaths from measles between 2010 and 2013. The study highlights the importance of vaccination campaigns in reducing measles-related deaths and the need for continued efforts to improve vaccination coverage, particularly in areas with lower rates. The findings also show that girls benefited more from the campaign than boys, although girls still had higher measles mortality rates. This suggests a need to address gender disparities in healthcare access and vaccination coverage."
elife-48114-v1,"The research explored how specific neurons in the brain control hunting behavior in zebrafish. The study focused on a group of 508 neurons in the pretectal region of the brain, which are involved in initiating hunting sequences. When these neurons were activated using optogenetics, the zebrafish exhibited hunting behaviors, including eye convergence and swimming movements typical of predation. This suggests that these neurons play a crucial role in starting the hunting process. The study also compared these findings with similar research in rodents, highlighting that different brain pathways can modulate predatory behavior. For example, pathways involving the central amygdala and periaqueductal grey in rodents influence hunting by enhancing visuomotor activity. In zebrafish, the researchers found that a specific pathway from the pretectum to the zona incerta and periaqueductal grey integrates sensory information and motivates predation. The findings indicate that understanding these neural circuits can provide insights into how animals detect, attend to, and execute predatory behaviors. This research is important because it helps uncover the neural mechanisms behind hunting behavior, which is fundamental for survival in many species. By comparing these mechanisms across different vertebrates, scientists can gain a broader understanding of how the brain controls complex behaviors."
elife-26138-v2,"The research paper investigates how certain drugs, like morphine, baclofen, and PYY, affect a specific type of receptor called TRPM3 in nerve cells. TRPM3 is involved in sensing pain and temperature. The study found that these drugs can inhibit TRPM3 activity, reducing pain signals. This inhibition happens through a part of the receptor called Gβγ. The researchers also showed that this effect can be reversed by another compound called gallein, which blocks Gβγ. Additionally, they found that these drugs can reduce pain responses in mice when applied to the skin. This research highlights the potential of targeting TRPM3 and its regulatory mechanisms for developing new pain treatments. The findings suggest that drugs acting on TRPM3 could be useful in managing pain, particularly in conditions where heat sensitivity is a problem."
elife-13087-v1,"The study investigates how genetic changes in a type of childhood leukemia, called pre-B-cell acute lymphoblastic leukemia (pre-B-ALL), are influenced by the way genes are transcribed, or read, in the cells. Pre-B-ALL often has structural variations (SVs) in the genome, which are large changes in the DNA sequence. The researchers used advanced sequencing technologies to analyze these SVs and the overall gene activity in leukemia cells. They found that certain patterns of gene transcription, such as when the transcription machinery gets stuck or when transcription from opposite directions overlaps, are linked to where these SVs occur. These patterns make certain areas of the genome more vulnerable to breaks and rearrangements. The study also identified specific genes and non-coding RNAs that might play a role in these processes. Understanding these mechanisms could help in developing better treatments for pre-B-ALL by targeting the underlying genetic instability. The findings suggest that transcription-related genetic instability is not unique to pre-B-ALL but may also be relevant in other types of cancer. This research highlights the importance of gene transcription in driving genetic changes in cancer and opens up new avenues for therapeutic interventions."
elife-60474-v2,"The research paper explores how transposable elements (TEs), which are segments of DNA that can move around within the genome, behave in hybrid yeast species. TEs are usually kept in check by various mechanisms, but when species hybridize, these elements can sometimes become active again, leading to changes in the genome. The study focused on a type of yeast called Saccharomyces paradoxus, which has different natural hybrid lineages. The researchers wanted to understand if TEs become active in these hybrids and how their activity might be influenced by the genetic makeup of the parent species. They found that in natural hybrid lineages of S. paradoxus, TEs do not become active. Instead, the dynamics of TE content in hybrids seem to depend on specific factors that are not easily predicted by the genetic differences between the parent species. This suggests that the regulation of TEs in hybrids is more complex and involves mechanisms that are not fully understood. The study highlights the importance of using natural model systems to gain insights into long-standing evolutionary questions. By studying these yeast hybrids, the researchers hope to better understand how TEs contribute to the evolution of species and how their activity can be controlled."
elife-06901-v2,"The research paper investigates the properties of proteins called ANO1 and ANO6, which are part of a family known as ANOs. These proteins have different functions: ANO1 acts as a chloride ion channel, while ANO6 is involved in a process called phospholipid scrambling (PLS), which moves lipids between the layers of cell membranes. The study created hybrid versions of these proteins, called chimeras, to understand how specific parts of the proteins contribute to their functions. The researchers found that by swapping small sections of the proteins, they could change the function of ANO1 to include PLS activity, similar to ANO6. This suggests that the ability to scramble phospholipids is an ancient function of the ANO family, and that over time, some members evolved to become more specialized in transporting ions. The study also provides insights into how these proteins might interact with lipids and ions, which could be important for understanding various biological processes and diseases. The findings highlight the flexibility and evolutionary adaptability of the ANO family proteins, showing that minor changes can significantly alter their functions."
elife-14137-v1,"The research explored how a specific drug, LM-4131, affects anxiety and stress responses in mice. The study found that LM-4131 reduces anxiety-like behaviors in stressed mice by acting on certain brain pathways. Specifically, the drug seems to work by increasing the levels of a natural brain chemical called anandamide, which then activates specific receptors in the brain. This activation helps to calm the brain's response to stress. The researchers also found that blocking these receptors with other drugs can prevent the anxiety-reducing effects of LM-4131. Additionally, the study showed that LM-4131 affects the activity of neurons in a part of the brain called the amygdala, which is known to play a key role in processing emotions like fear and anxiety. By reducing the excitability of these neurons, LM-4131 helps to decrease anxiety-like behaviors. The findings suggest that drugs like LM-4131 could be useful in treating stress-related mental health disorders in humans. The research highlights the potential of targeting specific brain pathways to develop new therapies for anxiety and stress-related conditions."
elife-22170-v2,"The research paper investigated the role of oxytocin (OXT) neurons in zebrafish, focusing on how these neurons develop and affect behavior. Oxytocin is a hormone known for its role in social bonding and stress response. The study used genetic techniques to label and track individual OXT neurons in zebrafish brains. They found that there are different types of OXT neurons with varied connections to different parts of the brain and body. Some neurons project to the spinal cord and hindbrain, while others connect to the pituitary gland. The researchers also discovered that a specific gene, Otpa, is crucial for the normal development of these neurons. When Otpa is missing, zebrafish show changes in social behavior and increased anxiety. To understand this better, the researchers used a laser to selectively destroy a small group of OXT neurons in the posterior tuberculum (PT) region of the brain. They found that this destruction led to reduced social preference in the zebrafish, indicating that these neurons are important for social behavior. The study suggests that early developmental changes in OXT neurons can have long-lasting effects on behavior, highlighting the importance of proper neuronal development for social and stress-related behaviors."
elife-17600-v2,"The research paper investigates the function of a specific part of the TRPM2 channel, a protein that helps cells respond to certain signals. The TRPM2 channel has a domain called NUDT9H, which is similar to enzymes that break down a molecule called ADP-ribose (ADPR). Previous studies suggested that NUDT9H might also break down ADPR, but this was unclear. The researchers created a modified version of NUDT9H, called Chi4S, which is soluble and can be studied more easily. They found that Chi4S can bind to a fluorescent version of ADPR, showing that it recognizes the molecule. However, Chi4S does not break down ADPR, indicating that NUDT9H is not an enzyme but rather a part of the channel that helps it respond to ADPR. This means that TRPM2 is a simple signal-responsive channel, not an enzyme-channel hybrid. The study provides a useful model for future research on how TRPM2 works."
elife-06619-v1,"The research explores how mice process tactile information using their whiskers. The study focused on the layer 4 (L4) neurons in the somatosensory cortex, which are responsible for receiving and processing touch signals from the whiskers. The researchers found that these neurons respond very precisely to touches, with minimal variability or ""noise"" in their responses. This precision is crucial for the mice to accurately locate objects using their whiskers. The study also showed that the timing of touches and the properties of the whisker movements significantly influence the neuron's responses. By analyzing the spikes (electrical signals) in the neurons, the researchers could predict when a touch occurred with high accuracy. This finding suggests that L4 neurons encode touch information with millisecond precision, which is essential for the mice's tactile sensation. The research highlights the importance of precise and low-variability neural coding in the brain's ability to process sensory information efficiently. This understanding could help in developing better models of neural processing and potentially improve technologies that interface with the brain, such as prosthetics or brain-computer interfaces."
elife-02046-v1,"The research paper investigates the role of a protein called WDR5 in embryonic stem cells (ESCs). WDR5 is crucial for maintaining the self-renewal and pluripotency of these cells, which means it helps them stay in a state where they can become any type of cell in the body. The study found that WDR5 binds to over 1400 RNAs in ESCs, including many long non-coding RNAs (lncRNAs) and messenger RNAs (mRNAs). These RNAs help WDR5 function properly by stabilizing it on the chromatin, the material that makes up chromosomes. When WDR5 cannot bind to these RNAs, it is rapidly degraded, leading to a loss of self-renewal and increased differentiation of ESCs. The researchers created a mutant version of WDR5 that cannot bind to RNAs and found that this mutant version led to a significant reduction in the number of alkaline phosphatase-positive colonies, which are a specific indicator of ESC state. This mutant also caused ESCs to form partially differentiated colonies. The study suggests that RNA binding is essential for WDR5's ability to promote ESC self-renewal and that the interaction between WDR5 and RNAs is a critical regulatory mechanism in maintaining the pluripotent state of ESCs. This research highlights the importance of RNA-protein interactions in epigenetic regulation, which is the process by which genes are turned on or off without changing the underlying DNA sequence. Understanding these interactions could lead to new insights into how stem cells maintain their pluripotency and how they differentiate into specific cell types, which has implications for regenerative medicine and cancer research."
elife-25884-v1,"The research paper investigates how genes related to vision and skin have evolved in subterranean mammals, such as moles and mole-rats. These animals live underground, where light is scarce, and their eyes have often regressed or become less functional over time. The study found that many genes involved in vision have evolved more rapidly in these species, but this is mostly due to a relaxation of evolutionary constraints rather than positive selection for new traits. This means that these genes are accumulating mutations more quickly because they are no longer needed for vision in the dark underground environment. The researchers also found that some genes related to skin and hair have evolved rapidly due to positive selection, likely because these traits are important for digging and moving through soil. The study highlights how different evolutionary pressures shape the genomes of animals living in unique environments. It also provides insights into how vision-related genes and regulatory elements evolve in response to changes in the environment, which could be relevant for understanding human eye diseases and the evolution of sensory systems more broadly."
elife-10781-v2,"The research paper explores how brain activity changes between being awake and in deep sleep (slow-wave sleep, SWS). The study used functional magnetic resonance imaging (fMRI) to measure brain activity in different states. The main findings show that during SWS, the brain's activity patterns shift significantly compared to when awake. For example, the visual cortex becomes earlier in its activity relative to other brain regions, and there is a ""front-to-back"" propagation pattern where activity starts in the front of the brain and moves to the back. The study also found that while activity within specific brain networks remains consistent, the communication between different networks is disrupted during SWS. This suggests that during deep sleep, the brain is more focused on internal processes rather than responding to external stimuli. The researchers propose that these changes in brain activity during SWS might be related to memory consolidation and other off-line processing tasks that occur during sleep. Overall, the study provides insights into how the brain's activity patterns change between wakefulness and deep sleep, highlighting the importance of these shifts for various cognitive functions."
elife-00792-v1,"The research paper delves into the structure and function of a bacterial injection system called the injectisome, which is used by certain bacteria to inject toxins into host cells. The study aimed to understand how this complex structure is assembled and how it functions at a molecular level. Researchers used advanced imaging techniques, such as cryo-electron microscopy and tomography, to visualize the injectisome in high detail. They also employed molecular dynamics simulations to study the flexibility and movement of the injectisome's components. The findings revealed that the injectisome has a flexible structure that can adapt to changes in the bacterial cell's environment. This flexibility is crucial for the injectisome to function effectively, as it allows the structure to inject toxins into host cells despite variations in the distance between the bacterial and host cell membranes. The research provides valuable insights into the molecular mechanisms of bacterial infection, which could lead to the development of new strategies to combat bacterial diseases. Understanding how the injectisome works may help in designing drugs that can disrupt its function, thereby preventing bacteria from infecting host cells."
elife-21130-v1,"The research paper investigates the role of a protein called YAP in lung development. YAP is known to be important for cell growth and tissue organization. The study aimed to understand where and how YAP acts in the lung to influence its structure and function. The researchers used genetically modified mice to selectively remove YAP from different parts of the lung epithelium. They found that removing YAP led to the formation of cysts in the lungs, regardless of where in the lung YAP was removed. This suggests that YAP has a general effect on the properties of epithelial cells throughout the lung, rather than acting in a specific location. The findings challenge the idea that YAP activity is localized to a particular zone in the lung and support the notion that YAP broadly influences cell behavior and lung development. This research lays the groundwork for future studies to explore how major signaling pathways modulate local epithelial properties to control cell number, movement, and pattern formation in the lung. Understanding these processes could provide insights into lung diseases and potential therapeutic targets."
elife-49826-v1,"The research focused on understanding how moths detect sex pheromones, which are crucial for mating. Scientists studied a specific receptor in the cotton leafworm moth, called SlitOR5, which is highly active in male antennae. They found that SlitOR5 is responsible for detecting the main component of the female moth's sex pheromone. This discovery is significant because it shows that this type of pheromone receptor evolved independently at least twice in moths, challenging the previous belief that all such receptors came from a single evolutionary lineage. The study used various methods, including genetic editing and electrophysiological recordings, to confirm SlitOR5's role. The findings suggest a more complex evolutionary history for moth pheromone receptors and highlight the diversity of these receptors across different moth species. This research helps us understand how moths communicate and evolve, which is important for pest control and conservation efforts."
elife-55692-v1,"The research paper investigates how a drug called bedaquiline (BDQ) affects human macrophages, which are immune cells that help fight infections. The study found that BDQ not only kills bacteria directly but also enhances the macrophages' ability to fight infections by boosting their natural defenses. Specifically, BDQ increases the production of nitric oxide, a substance that helps kill bacteria, and promotes the fusion of phagosomes (structures that engulf bacteria) with lysosomes (structures that digest bacteria). The drug also activates a protein called TFEB, which regulates the formation of lysosomes and autophagy, processes that help cells break down and remove harmful substances. The researchers found that BDQ does not significantly alter mitochondrial function in macrophages, suggesting that its effects are more related to lysosome activation. The study highlights the potential of BDQ as a host-directed therapy, which means it could be used to enhance the body's own defenses against infections, in addition to its direct antibacterial effects. This is important because many bacteria are becoming resistant to antibiotics, and new strategies are needed to combat these infections. The findings open up new possibilities for using BDQ in combination with other treatments to improve outcomes for patients with bacterial infections, particularly tuberculosis."
elife-10115-v2,"The research paper investigates the role of the protein GWL in cancer. GWL is found to be overexpressed in many cancer cell lines and in tumor samples from patients with colorectal cancer. This overexpression is linked to increased cell proliferation, invasion, and the ability to grow independently of a surface, which are all hallmarks of cancer. The study shows that GWL promotes these cancerous behaviors by activating a protein called AKT, which is a key player in many cancer pathways. GWL does this by reducing the levels of another protein, PHLPP, which normally keeps AKT in check. When PHLPP levels are lowered, AKT becomes hyperactive, driving cancer cell growth and invasion. The findings suggest that GWL could be a useful marker for detecting cancer and a potential target for new cancer treatments. The research also highlights that GWL's effects are independent of its known pathway involving ARPP19 and ENSA, pointing to a new mechanism by which GWL contributes to cancer."
elife-03563-v2,"The research investigates how telomerase, an enzyme crucial for maintaining the ends of chromosomes (telomeres), is recruited to telomeres. Telomerase is essential for cell longevity and its dysfunction is linked to diseases like cancer and idiopathic pulmonary fibrosis (IPF). The study focuses on the interaction between two proteins: hTERT, a key component of telomerase, and TPP1, a protein that helps recruit telomerase to telomeres. The researchers identified specific points of contact between hTERT and TPP1, showing that mutations in these areas can disrupt telomerase recruitment. They found that certain mutations in hTERT can be compensated by corresponding mutations in TPP1, restoring telomerase function. This suggests a direct interaction between these proteins. The findings are significant because they identify a critical interface for telomerase recruitment, which could be a target for developing therapies for diseases associated with telomerase dysfunction. Understanding this interaction could lead to new treatments for conditions like IPF, where telomerase recruitment is impaired, or for cancer, where inhibiting telomerase recruitment could be a strategy to stop tumor growth."
elife-61816-v2,"Leaf-cutting ants are known for their complex relationship with fungi, where they cultivate fungi to break down plant material for food. This study explores how these ants use their fecal matter to aid in this process. The researchers found that the fecal fluid of these ants contains various enzymes and chemicals that help break down plant material through a process called Fenton chemistry. This process involves the production of highly reactive hydroxyl radicals, which can break down complex plant compounds. The study shows that the ants' fecal fluid contains all the necessary components for this chemical reaction, including hydrogen peroxide, iron, and specific enzymes. Interestingly, the ants seem to have evolved a way to control this process, ensuring that the harmful hydroxyl radicals do not damage the ants or the fungi. The fecal fluid also contains enzymes that help recycle iron, keeping the Fenton reaction going. This research highlights the intricate and cooperative relationship between the ants and their fungal partners, showing how they work together to efficiently break down plant material. The findings suggest that understanding this natural process could have implications for improving industrial methods of breaking down plant biomass for biofuels and other products."
elife-02798-v1,"The study investigated how visual recovery in mice, after a period of visual deprivation, can be enhanced by combining visual stimulation with physical activity. The researchers found that when mice were allowed to run while viewing specific visual patterns, their visual responses improved significantly within a week. This improvement was specific to the patterns seen during running, suggesting that the brain's recovery is most effective when the neural circuits activated during activity are also engaged by visual input. The findings highlight the importance of combining sensory input with physical activity for optimal recovery from visual impairment. This research could have implications for developing new therapies for conditions like amblyopia, where visual recovery is typically slow and incomplete. The study also suggests that the brain's plasticity, or ability to change and adapt, is enhanced when both sensory and motor systems are engaged simultaneously."
elife-67681-v3,"The research paper explores how the parasite Toxoplasma gondii affects neurons in the brains of mice. The study focuses on neurons that have been directly injected with Toxoplasma proteins, known as TINs, and compares them to nearby neurons that have not been directly affected by the parasite. The researchers found that TINs are more likely to be medium spiny neurons (MSNs), a common type of neuron in the striatum, and that these TINs show significant abnormalities in their electrical activity. In contrast, nearby neurons, called bystander neurons, show only minor changes. This suggests that the parasite's effects are highly targeted and that the immune response to the infection is tightly controlled, affecting only the neurons directly interacted with by the parasite. The study also found that TINs tend to die off over time, which challenges the common belief that neurons survive infection to maintain brain function. The findings highlight the complex interactions between parasites and the brain, and they raise new questions about how and why certain neurons are targeted and how the brain responds to infection. The research provides valuable insights into the mechanisms of neurotropic infections and the potential consequences for brain health."
elife-10696-v1,"The research paper investigates how primary whisker neurons (PWNs) in mice respond to the bending of their whiskers during active touch. The main question is whether the bending of the whisker (curvature change) or its angle predicts the neuron's activity better. The study matters because it helps understand how animals use their whiskers to sense their environment, which is crucial for their survival.

The researchers used a mathematical model called Generalised Linear Models (GLMs) to predict the activity of PWNs based on either the whisker's angle or its curvature change. They found that curvature change was a much better predictor of neuron activity than the whisker's angle. This means that the neurons are more sensitive to the forces acting on the whisker when it bends, rather than just its position.

The findings suggest that during active touch, the bending moment (force) on the whisker is the primary factor driving the neuron's response. This is important because it shows that the neurons are tuned to detect the physical interactions of the whisker with objects, which is essential for the mouse's ability to navigate and interact with its environment. The study also highlights the importance of studying sensory systems under natural, active conditions rather than passive stimulation, as the mechanics of the whisker change significantly during active touch."
elife-03222-v2,"The study investigated how monkeys use visual cues, specifically head gaze, to shift their attention to specific targets. The researchers wanted to understand if monkeys rely on the direction of another monkey's gaze or if they use learned associations between the identity of the monkey and the target locations. To find out, they conducted experiments where monkeys had to follow the gaze of a portrayed monkey to identify a target. They also included catch trials where the targets were in new positions to ensure the monkeys were not just using learned associations. The results showed that monkeys primarily used the direction of the gaze to find the target, not pre-learned associations. The study also identified a specific brain region, the gaze following (GF) patch, in the superior temporal sulcus (STS) that is activated when monkeys follow gaze. This region is separate from areas known to process facial identity, suggesting it specializes in interpreting gaze direction. The findings highlight the importance of the STS in social cognition and attention shifting based on gaze cues. This research helps us understand how primates, including humans, use visual cues to navigate social interactions and their environment."
elife-28862-v1,"The research investigates the role of chloride ions in lysosomes, which are small structures within cells that break down waste materials. The study found that lysosomes in both human and animal cells contain high levels of chloride, similar to what was observed in a simple worm model. This suggests that chloride might play a more significant role in lysosome function than previously thought. The researchers also discovered that changes in lysosomal chloride levels can affect the release of calcium from lysosomes, indicating a connection between these two ions. This finding is important because it provides a new way to measure lysosome dysfunction, which could be useful in diagnosing and studying diseases like Gaucher’s disease and Niemann-Pick disease. By quantifying chloride levels, scientists can gain better insights into how lysosomes work and how they might malfunction in various conditions. This could lead to improved diagnostic tools and potential treatments for lysosomal storage disorders."
elife-02674-v2,"The research paper investigates how a protein called M2-1 from the human metapneumovirus (HMPV) interacts with RNA. This protein is crucial for the virus's ability to replicate and produce new viruses. The study found that when M2-1 binds to specific RNA sequences, it changes shape, becoming more compact. This shape change is important for the protein's function in helping the virus make copies of its genetic material. The researchers used various techniques, including X-ray crystallography and electron microscopy, to observe these changes. They also proposed a model for how M2-1 recognizes and binds to RNA, which could help in developing new antiviral drugs. The findings suggest that M2-1's ability to change shape is key to its role in the virus's life cycle, and understanding this process could lead to better treatments for HMPV infections."
elife-41266-v1,"The research paper explores how the protein Bicoid (Bcd) regulates gene expression in fruit fly embryos. Bcd is crucial for determining the head-to-tail (anterior-posterior) axis in these embryos. The study investigates how Bcd binds to specific DNA sequences, known as enhancers, to control the expression of the hunchback (hb) gene. The researchers created synthetic versions of the hb enhancer and observed how changes in Bcd binding sites affected gene expression patterns. They found that the number and arrangement of Bcd binding sites significantly influence the sharpness and location of gene expression. Additionally, other proteins like Hunchback (Hb) and Zelda play roles in fine-tuning this expression. The study also used mathematical models to understand the cooperative binding of Bcd to DNA, revealing that simple pairwise interactions are not enough to explain the observed gene expression patterns. Instead, higher-order cooperativity or energy-consuming processes might be involved. The findings highlight the complexity of gene regulation and suggest that cofactors, which assist in transcription, collaborate with Bcd to shape gene expression. This research provides insights into how gene regulation mechanisms can evolve rapidly and offers a foundation for understanding and engineering gene regulatory functions in more complex organisms, including humans."
elife-00067-v1,"The research paper investigates how RecA, a protein involved in DNA repair, searches for matching DNA sequences. RecA forms a filament on single-stranded DNA (ssDNA) and slides along double-stranded DNA (dsDNA) to find complementary sequences. This sliding mechanism is crucial for DNA repair, as it allows RecA to quickly locate and bind to matching DNA segments.

The study used a technique called Förster Resonance Energy Transfer (FRET) to observe the interactions between RecA filaments and dsDNA at the single-molecule level. By labeling DNA with fluorescent dyes, researchers could track the movements and binding events in real-time. They found that RecA filaments can slide along dsDNA and recognize short homologous sequences as small as 6 nucleotides long. This sliding behavior helps RecA efficiently search for and bind to matching DNA sequences, which is essential for repairing damaged DNA.

The findings suggest that RecA's sliding mechanism significantly speeds up the process of finding matching DNA sequences compared to random encounters. This efficiency is important for maintaining genomic stability and repairing DNA damage. The research provides valuable insights into the molecular mechanisms of DNA repair and highlights the importance of RecA's sliding activity in homology search."
elife-66590-v2,"The research paper explores how lifestyle factors like smoking, obesity, and alcohol consumption affect life expectancy in 18 European countries. The study aims to project future life expectancy by considering these factors and the mortality experiences of other countries. The researchers found that life expectancy has been increasing due to improvements in non-lifestyle-related mortality, but lifestyle factors have caused fluctuations. They project that by 2065, life expectancy will increase significantly, with men seeing a greater improvement due to higher current lifestyle-attributable mortality. The study also highlights that incorporating lifestyle factors and the mortality experiences of other countries results in more realistic and robust projections compared to traditional methods. This approach could help in better planning for an aging population and understanding the limits of human life expectancy."
elife-01402-v1,"The research explores how a molecule called c-di-GMP affects the movement of bacteria, specifically Pseudomonas aeruginosa. This molecule is known to influence bacterial behavior, but its exact role in single-cell motility was not fully understood. The study found that higher levels of c-di-GMP slow down bacterial movement and reduce the frequency of direction changes. Conversely, lowering c-di-GMP levels increased both speed and direction changes. The researchers also discovered that a protein called Pch, which breaks down c-di-GMP, works with the chemotaxis machinery (the system bacteria use to sense and move towards or away from chemicals) to control c-di-GMP levels. This interaction ensures that only motile and chemotactically competent cells have varied c-di-GMP levels, leading to diverse movement behaviors within a bacterial population. This diversity could be advantageous for bacteria in unpredictable environments, allowing them to adapt to different conditions more effectively. The findings suggest that bacteria use specific molecular mechanisms to create variability in their behavior, which could be a broader strategy for survival."
elife-40039-v2,"The research explores how a pathogen, P. sojae, infects soybean plants by manipulating the plant's own proteins. Specifically, it focuses on an effector protein called PsAvh52, which the pathogen uses to increase its ability to infect soybean. PsAvh52 interacts with a soybean protein called GmTAP1, causing it to move from the cytoplasm to specific areas within the nucleus called nuclear speckles. This relocation allows GmTAP1 to modify histones, which are proteins that package DNA, leading to increased acetylation of certain histones. This process enhances the expression of genes that make the plant more susceptible to infection. The study also shows that silencing GmTAP1 reduces the plant's susceptibility to P. sojae, highlighting its role in the infection process. Additionally, the research suggests that PsAvh52 works in coordination with another effector, PsAvh23, to finely tune the acetylation levels of histones during infection, thereby optimizing the pathogen's ability to infect the plant. Understanding these mechanisms could help in developing strategies to protect soybean crops from P. sojae infection."
elife-29738-v2,"The study investigates the presence and visualization of lymphatic vessels in the dura mater, the tough outer layer of the brain, in humans and nonhuman primates. Lymphatic vessels are crucial for draining immune cells and cerebrospinal fluid from the brain. Previous research in rodents suggested these vessels might be more important than previously thought, but their existence in primates was unknown. The researchers used two MRI techniques to visualize these vessels in healthy volunteers and marmoset monkeys after injecting a contrast agent. They found that the vessels could be seen in both species, indicating that the meningeal lymphatic system is conserved across mammals. This discovery opens up new possibilities for studying neurological disorders, as abnormalities in these vessels might be linked to conditions like multiple sclerosis and Alzheimer's disease. The study confirms the presence of lymphatic vessels in the dura mater of humans and primates, providing a foundation for future research into their role in brain health and disease."
elife-00178-v1,"The research paper investigates how the protein NOVA affects gene expression in the brain, particularly in relation to epilepsy. The study found that NOVA plays a crucial role in regulating the levels of certain mRNAs, which are instructions for making proteins. When NOVA is disrupted, it can lead to changes in the levels of proteins involved in brain function, including those related to epilepsy. The researchers used a chemical called pilocarpine to induce seizures in mice and observed changes in NOVA's location within brain cells. They found that NOVA moves from the nucleus to the cytoplasm after a seizure, suggesting it responds to electrical activity in the brain. The study also identified specific genes that NOVA regulates, including those involved in synaptic transmission, which is how brain cells communicate. The findings suggest that NOVA helps maintain a balance of proteins in the brain, and disruptions in this balance can contribute to conditions like epilepsy. This research highlights the importance of NOVA in brain function and its potential role in neurological disorders."
elife-22474-v1,"The research investigates how the protein SMAD2 influences gene activity in response to signals from the NODAL/Activin pathway. This pathway is crucial for various biological processes, including cell differentiation and development. The study found that SMAD2 binds to specific DNA regions, called enhancers, and initiates changes in the surrounding chromatin structure. This binding leads to the recruitment of other proteins, including those that modify histones, which are proteins that package DNA. These modifications make the DNA more accessible for transcription, the process by which genes are read to produce proteins. The research also showed that the duration of the signal, rather than its strength, is the key factor in determining the gene activity response. Interestingly, SMAD2 can bind to inactive chromatin and remodel it, making it active. This finding challenges the previous belief that SMAD2 only binds to already active regions. The study identified different patterns of gene expression in response to the signal, some of which require new protein synthesis. Overall, the research provides a detailed understanding of how SMAD2 regulates gene activity over time, highlighting the complexity and dynamism of this process. This knowledge is important for understanding developmental biology and could have implications for diseases where this pathway is dysregulated, such as cancer."
elife-09960-v2,"The research paper discusses the creation of a comprehensive database called Hippocampome.org, which aims to catalog and organize information about the different types of neurons found in the hippocampus, a region of the brain crucial for memory and learning. The hippocampus is made up of many different types of neurons, each with unique structures and functions. The researchers wanted to understand how these neurons are connected to each other, which is essential for understanding how the hippocampus processes information.

The study found that direct evidence of connections between specific neuron types is limited, but by analyzing the distribution of axons (the parts of neurons that send signals) and dendrites (the parts that receive signals) across different regions of the hippocampus, they could infer potential connections. This potential connectivity is important because the hippocampus has a high degree of structural plasticity, meaning it can form new connections throughout life.

The researchers created a matrix that summarizes all known and potential connections between neuron types. They also provided detailed diagrams showing how different neuron types might be connected within specific regions of the hippocampus. This information is valuable for neuroscientists studying the hippocampus, as it helps them understand the complex network of connections that underlie its functions.

The database, Hippocampome.org, is designed to be a user-friendly resource that can be updated as new information becomes available. It includes detailed descriptions of neuron types, their connections, and other relevant properties. The goal is to accelerate discovery in neuroscience by providing a comprehensive and accessible resource for researchers. The database can help answer questions about neuron types, their properties, and their connections, making it easier for scientists to design experiments and interpret results."
elife-65228-v2,"The research paper investigates how cocaine affects gene expression in the brain, particularly in regions involved in reward and habit formation. The study found that cocaine induces a robust set of genes, especially in the dorsal striatum, a key area for habit and reward processing. This gene activation is dynamic, changing with repeated cocaine use and after a period of abstinence. The researchers also discovered that specific genes, like Egr2, play a crucial role in cocaine-seeking behavior. By inhibiting these genes in a specific part of the striatum, they could reduce the preference for cocaine-associated environments. This suggests that targeting these genes could be a potential strategy for treating cocaine addiction. The findings highlight the importance of understanding how drugs alter gene expression to develop better treatments for addiction."
elife-07938-v3,"The research paper investigates how a protein called RBM15 influences the processing of genetic information in cells, particularly in blood cell development. RBM15 is involved in a process called RNA splicing, which is crucial for creating functional proteins from genetic instructions. The study found that RBM15 helps recruit another protein, SF3B1, to specific locations on RNA molecules, which is essential for proper splicing. This interaction is regulated by a process called methylation, which is controlled by an enzyme called PRMT1. The researchers discovered that PRMT1 has different forms, and one specific form, PRMT1-V2, is particularly important for methylating RBM15. This methylation affects how RBM15 functions in RNA splicing and, consequently, in blood cell development. The study also suggests that disruptions in this pathway could be linked to certain types of leukemia and other cancers. Understanding this process could lead to new treatments for these diseases by targeting the methylation of RBM15. The findings highlight the importance of RNA splicing in cell development and how its regulation can impact health and disease."
elife-44235-v2,"The research paper investigates how nutrients are distributed and utilized within tumors, focusing on the differences between the nutrient levels in the tumor microenvironment and those in the bloodstream. The study reveals that tumors often have distinct nutrient levels compared to the blood, suggesting that they operate as separate compartments with unique metabolic environments. This finding is significant because it challenges the assumption that tumors are simply nutrient-deprived due to their abnormal blood vessels. Instead, the research shows that some nutrients can be higher in tumors than in the blood, indicating a more complex interplay between tumor metabolism and nutrient availability. The study also explores how factors like tumor size, location, and genetic makeup influence the nutrient composition within tumors. For instance, it was found that the tissue of origin and the anatomical location of the tumor can affect the metabolic microenvironment, with subcutaneous models of pancreatic cancer not fully recapitulating the conditions seen in actual tumors. Additionally, the research highlights the potential impact of dietary changes on tumor nutrient levels, suggesting that altering systemic nutrient levels through diet could influence tumor growth and treatment responses. Overall, the findings underscore the importance of understanding the tumor microenvironment for developing more effective cancer therapies and highlight the need for further research into how different factors shape the metabolic landscape of tumors."
elife-25716-v2,"The research paper investigates how a specific type of receptor, called DDR1, gets activated in cells. DDR1 is important because it helps cells respond to their environment, particularly to collagen, a key component of tissues. The study found that DDR1 activation involves a unique mechanism where the receptors cluster together on the cell surface when they bind to collagen. This clustering brings neighboring DDR1 molecules close enough to activate each other through a process called phosphorylation. Unlike other similar receptors, DDR1 does not need to form higher-order structures or have specific interactions beyond the basic clustering to get activated. The researchers used various experiments, including cell cultures and microscopic imaging, to show that this clustering is crucial for DDR1 to function properly. The findings suggest that understanding this activation mechanism could be important for developing treatments for diseases where DDR1 plays a role, such as certain types of cancer. The study also highlights that DDR1's activation is different from other receptors, providing new insights into how cells communicate and respond to their surroundings."
