id,summary
elife-45257-v2,"The research focuses on understanding how bacteria, specifically Bacillus subtilis, form spores. During this process, a part of the bacterial cell, called the forespore, is engulfed by the mother cell. The study investigates how the cell wall, made of a substance called peptidoglycan (PG), is remodeled to allow this engulfment. Previous ideas suggested that the septal PG, which initially separates the forespore from the mother cell, is completely dissolved. However, recent images using cryo-electron tomography showed that a thin layer of PG remains between the forespore and the mother cell membranes throughout the engulfment process. The researchers proposed a new model where coordinated synthesis and degradation of PG at the leading edge of the engulfing membrane allows the mother cell membrane to move around the forespore. They observed that the mother cell membrane forms tiny finger-like projections to migrate around the forespore, and these projections depend on complexes that degrade PG ahead of the engulfing membrane. The study confirmed that a thin layer of PG is always present between the forespore and the mother cell membranes, even when PG synthesis is inhibited. This suggests that the septal PG is not completely degraded but rather remodeled to facilitate engulfment. The findings provide a better understanding of the spore formation process in bacteria, which is crucial for developing strategies to combat bacterial spores that can survive harsh conditions and cause infections."
elife-06974-v1,"The research explores the evolutionary history of a group of microorganisms called apicomplexans, which includes over a million species and more than 5,000 known species. These microorganisms have diverse lifestyles and can infect various hosts. The study focuses on understanding how these parasites evolved from free-living ancestors, specifically looking at two related organisms, Chromera and Vitrella. By analyzing the genetic makeup of these organisms, the researchers reconstructed the gene content of their common ancestor. They found that many genes essential for parasitic behaviors, such as invading host cells, were already present in the free-living ancestor. This suggests that the transition from free-living to parasitic lifestyles involved both the loss and gain of genes, but many key parasitic traits were already in place. The study also highlights that while some parasite genomes have reduced in size, others have expanded, indicating a complex evolutionary process. Overall, the findings provide insights into how parasites adapt and evolve, which is crucial for understanding and combating infectious diseases."
elife-28590-v2,"The research investigates how a specific genetic enhancer, called ZRS, controls the expression of the Shh gene in the developing limbs of embryos. The Shh gene is crucial for proper limb formation. The ZRS enhancer ensures that Shh is expressed only in the correct part of the limb bud, known as the ZPA. The study found that certain proteins, like GABPα and ETV4, bind to the ZRS and regulate its activity. GABPα activates Shh expression, while ETV4 represses it outside the ZPA. The researchers also discovered that a signaling pathway involving FGF proteins is essential for keeping the ZRS in a ""poised"" state, ready to activate Shh when needed. This poised state is marked by specific chemical modifications on the DNA. When FGF signaling is inhibited, the ZRS loses these modifications and becomes inactive. The findings highlight the complex regulation of gene expression during limb development and the importance of precise timing and location for proper development. Understanding these mechanisms can provide insights into congenital limb defects and potential therapeutic targets."
elife-25903-v2,"The research investigates how different malaria parasites, specifically Plasmodium vivax and Plasmodium falciparum, infect human liver cells. The study found that P. vivax uses a protein called SR-BI to enter liver cells, while P. falciparum relies on a different protein, CD81. This discovery is important because it shows that these two main malaria-causing parasites have distinct ways of infecting human cells, which could lead to new strategies for preventing and treating malaria. The researchers used various techniques, including genetic modifications and antibody treatments, to observe how the parasites invade cells. They found that certain proteins, P52 and P36, are crucial for the parasites to successfully infect liver cells, regardless of the entry pathway used. The study also showed that P. berghei, a malaria parasite that infects rodents, can use either CD81 or SR-BI to infect cells, depending on the specific proteins it has. This research highlights the complexity of malaria infection and opens up new avenues for developing targeted therapies."
elife-02963-v2,"The research paper investigates the structure and function of a protein called SYCP3, which plays a crucial role in the organization and compaction of chromosomes during meiosis, the process that produces eggs and sperm. Understanding how SYCP3 works is important because it helps in understanding fertility issues and genetic disorders. The study found that SYCP3 forms a specific structure that allows it to bind to DNA and organize it into a compact form. This organization is essential for the proper alignment and recombination of chromosomes, which are necessary for the creation of healthy eggs and sperm. The researchers discovered that SYCP3 can form higher-order structures that help in the compaction of chromosomes. They also found that mutations in SYCP3, particularly in its C-terminal region, can disrupt this process and lead to infertility. The findings provide a detailed molecular view of how SYCP3 functions, which could help in developing treatments for fertility problems and understanding genetic disorders related to meiosis."
elife-10047-v2,"The research paper explores how machine learning can guide experiments to understand how different drugs affect various cell types. The main question is whether a machine learning algorithm can efficiently predict the effects of drugs on cells without human intervention. The study involved 96 different drugs and 96 different cell types, with each combination tested multiple times to ensure accuracy. The machine learning algorithm decided which experiments to perform next based on the data it had already collected. The researchers found that the algorithm could accurately predict the effects of drugs on cells it had never seen before, achieving an 85% accuracy rate. This means the algorithm could generalize its findings to new, unseen data. The study shows that machine learning can significantly improve the efficiency of biological research by reducing the number of experiments needed and accurately predicting outcomes. This has important implications for drug discovery and understanding biological processes."
elife-03025-v1,"The research explores how mice detect and respond to specific chemical signals, known as pheromones, in the urine of other mice. These signals convey important information about the gender and reproductive status of other mice. The study focuses on the vomeronasal organ (VNO), a sensory organ in the nose that detects these pheromones. The researchers identified specific receptors in the VNO that respond to different pheromones. For example, they found that certain receptors, called V1rj receptors, are activated by chemicals that indicate a female mouse is in estrus (ready to mate). Other receptors, called V1re receptors, respond to chemicals that indicate the gender of the mouse. The study also showed that these receptors are equally active in both male and female mice, meaning that both sexes can detect these signals. The findings help us understand how mice use chemical signals to communicate and behave appropriately in social and reproductive contexts. This research is important because it sheds light on the basic mechanisms of chemical communication in animals, which is a fundamental aspect of behavior and evolution."
elife-12401-v2,"[START] ( A ) Aox5+ cells of the xanthophore lineage in zebrafish extend long, fast projections called airinemes during the formation of adult pigment patterns. These projections are filled with vesicles and are crucial for the proper arrangement of melanophores, which are the cells responsible for black pigmentation. The study found that these airinemes specifically target melanophores, helping to organize them into distinct stripes. When the production of airinemes was blocked, melanophores appeared incorrectly in areas where they should not be, disrupting the normal pigment pattern. The researchers also discovered that the behavior of these airinemes can vary between different species of fish, suggesting that the mechanisms controlling pigment pattern formation have evolved differently. For example, in pearl danio, a related fish species, these projections are much rarer and behave differently. The findings highlight the importance of cell-to-cell communication in developing complex biological patterns and show how small changes in these interactions can lead to significant differences in appearance. This research provides insights into how genetic and evolutionary factors influence the development of pigment patterns in animals. [END]"
elife-65715-v3,"Paget's disease of bone (PDB) is a condition that affects bone remodeling, leading to abnormal bone structure and weakness. Researchers wanted to understand how changes in DNA methylation, a process that can turn genes on or off, might contribute to PDB. They analyzed DNA methylation patterns in blood samples from PDB patients and controls, identifying specific sites and regions where methylation differed significantly between the two groups. They found 14 sites and several regions with consistent methylation changes in PDB patients, many of which are near genes involved in bone health, immune responses, and reactions to environmental factors like viral infections. These findings suggest that DNA methylation could play a role in PDB development and might serve as biomarkers for the disease. The study also highlights the potential link between immune system activity and PDB, opening avenues for further research into how the body's environment and immune responses interact with genetic factors to cause the disease. However, more work is needed to confirm these findings in bone tissue and to determine if these methylation changes can predict disease risk or progression."
elife-27369-v2,"The research focuses on understanding how the protein H-NS interacts with DNA. H-NS is known to have two main ways of binding to DNA: by bridging different DNA segments together or by stiffening a single DNA strand. The study investigates how different factors, such as magnesium ions (Mg2+), potassium ions (K+), and helper proteins like Hha and YdgT, influence these binding modes. The researchers found that Mg2+ helps H-NS to bridge DNA by changing its shape, making both DNA-binding parts of the H-NS dimer accessible. In contrast, high concentrations of K+ prevent this bridging. Helper proteins Hha and YdgT enhance the DNA-bridging ability of H-NS, likely by increasing its affinity for DNA. The study concludes that H-NS works best as a multimer, not just as a single dimer, and that its function can be fine-tuned by different ions and helper proteins. This understanding is important for grasping how H-NS regulates gene expression in bacteria, which is crucial for their survival and adaptation to various environments."
elife-21992-v3,"The research focuses on understanding how zebrafish embryos handle a buildup of a substance called sphingosine, which is harmful in excess. The scientists studied embryos that lack a specific enzyme, sphingosine kinase 2 (Sphk2), which converts sphingosine into a less harmful substance called S1P. Without Sphk2, these embryos accumulate too much sphingosine, leading to developmental delays. Surprisingly, these mutant embryos can tolerate the excess sphingosine better than normal embryos. The researchers found that the mutant embryos activate a specific gene, cers2b, which helps convert the excess sphingosine into another substance called ceramide, preventing the harmful effects. This discovery shows that the embryos have a backup mechanism to handle sphingosine buildup, which is crucial for their development. The findings highlight the importance of understanding these metabolic pathways in early development and could have implications for studying similar processes in other organisms, including humans."
elife-22978-v2,"The study investigated how brain activity in the hippocampus, a region crucial for memory, affects the buildup of amyloid-beta (Aβ), a protein linked to Alzheimer's disease, over time. The researchers wanted to understand if increased hippocampal activity at the start of the study could predict future Aβ accumulation and how this might relate to memory decline.

The study found that higher hippocampal activity at the beginning was associated with a faster increase in Aβ over time. This relationship was specific to the hippocampus and not seen in other brain regions. Additionally, the increase in Aβ was linked to a decline in memory performance over time. The researchers also found that the effect of hippocampal activity on memory decline was mediated by the accumulation of Aβ, meaning that the increased Aβ buildup due to higher hippocampal activity led to worse memory outcomes.

These findings suggest that increased activity in the hippocampus might contribute to the progression of Alzheimer's disease by promoting the buildup of Aβ, which in turn leads to memory problems. This highlights the importance of understanding how brain activity and amyloid accumulation interact in the development of Alzheimer's disease. Future research could explore whether targeting hippocampal activity might help slow down the disease's progression."
elife-38992-v2,"The research explores how kidneys develop, focusing on the process of branching and nephron formation. The main question is whether the formation of nephrons (the functional units of the kidney) affects the branching of the ureteric bud, which eventually forms the kidney's drainage system. This is important because understanding kidney development can help in addressing congenital kidney diseases. The study used advanced microscopy techniques to observe kidney development in mice. The findings show that nephron formation does not influence the branching of the ureteric bud. Instead, the branching process continues independently, and nephrons attach to the tips of the branching structure as development progresses. This suggests that the development of the kidney's drainage system and the formation of nephrons are separate but coordinated processes. The research indicates that the kidney's development is more complex and less unified than previously thought, with different mechanisms driving the branching of the ureteric bud and the formation of nephrons. This understanding can help in developing better strategies for kidney regeneration and treating kidney diseases."
elife-02848-v2,"The research explores how certain fatty acids, particularly oleic acid, can inhibit the function of a protein called MSI1. MSI1 is known to bind to RNA and play a role in cell proliferation. The study found that oleic acid reduces MSI1's ability to bind to RNA, effectively inhibiting its function. This inhibition is likely due to oleic acid binding directly to MSI1, altering its structure and dynamics. The researchers used various techniques, including fluorescence measurements and molecular dynamics simulations, to understand how oleic acid interacts with MSI1. They also found that another protein, MSI2, which is similar to MSI1, is inhibited by the same fatty acids. The findings suggest that fatty acids like oleic acid could potentially regulate cell proliferation by inhibiting MSI1. This is significant because it opens up new avenues for understanding how dietary fats might influence cellular processes and potentially contribute to diseases like cancer. The study also highlights the importance of MSI1 in regulating certain genes, such as those involved in fat metabolism."
elife-59885-v3,"The research explores how cells transition from mitosis to the next phase of the cell cycle, focusing on the roles of protein dephosphorylation and degradation. The key question is whether the order of events during this transition is primarily controlled by the breakdown of specific proteins or by the removal of phosphate groups from proteins. The study found that most proteins remain stable during this transition, and only a few, like cyclin B and securin, are quickly broken down. This degradation is crucial for inactivating certain proteins and allowing the cell to proceed. However, the timing and order of events during anaphase, a critical stage of cell division, are mainly governed by dephosphorylation rather than protein degradation. This means that enzymes called phosphatases, which remove phosphate groups, play a more significant role in regulating this process than previously thought. The findings suggest that the cell cycle's progression is finely tuned by a combination of protein degradation and dephosphorylation, with dephosphorylation being the key driver of the ordered events in anaphase. This understanding is important for grasping how cells divide accurately and for developing targeted therapies for diseases like cancer, where cell division goes awry."
elife-09668-v3,"Researchers wanted to understand how our brains combine different pieces of information to form mental schemas, which are like mental frameworks that help us understand and remember things. They focused on how these schemas are created and used over time, particularly after a 24-hour delay. The study involved participants learning and retrieving information based on spatial and non-spatial rules. On the first day, participants had longer reaction times and lower confidence when retrieving spatial information compared to non-spatial information. However, after a 24-hour delay, the brain showed stronger activation in specific regions like the medial prefrontal cortex (MPFC) and posterior cingulate cortex (PCC), indicating that the schemas had been consolidated. The researchers used advanced brain imaging techniques to show that different parts of the brain work together to combine these schemas, particularly in a region called the angular gyrus (AG). They found that the AG plays a crucial role in recombining schema components after consolidation, allowing people to apply these schemas to new but related information. This means that our brains get better at using mental frameworks to understand new information after they have had time to consolidate and integrate it. This research helps us understand how memory and learning work, and it could have implications for improving educational methods and therapies for memory-related disorders."
elife-68925-v2,"The researchers aimed to understand how to create human organoids that mimic the development of somites, which are structures that form vertebrae and muscles. This is important because current methods using 2D cell cultures do not fully replicate the complex processes seen in living organisms. The team developed a 3D model using human pluripotent stem cells, optimizing the initial conditions and screening various signaling pathways to find the best conditions for somite formation. They discovered that treating the organoids with specific inhibitors for 24 hours and then culturing them in a basic medium for another 24 hours led to the most consistent and efficient formation of somite-like structures. This method also minimized variation between experiments and different cell lines. The study confirmed that the organoids expressed key genes and markers associated with somite development, showing that the 3D model successfully recapitulates important aspects of human development. This research provides a valuable tool for studying human development and potential treatments for related disorders."
elife-00178-v1,"The study investigates how a protein called NOVA affects the levels of specific messages (mRNAs) in brain cells. NOVA is known to play roles in both the nucleus (where genes are read) and the cytoplasm (where proteins are made). The researchers wanted to understand how NOVA's actions in these different parts of the cell might be connected. They used a technique called HITS-CLIP to map where NOVA binds to mRNAs in the nucleus and cytoplasm separately. They also compared these results with data from mice that lack NOVA to see how its absence affects mRNA levels. The study found that NOVA primarily increases the levels of many mRNAs by preventing them from being degraded. This happens because NOVA helps to include or exclude certain parts of the mRNA, which can affect whether the mRNA is stable or gets destroyed. For example, the researchers found that NOVA regulates a specific mRNA called Dlg3, which is important for brain function. Without NOVA, the levels of Dlg3 mRNA and protein decrease significantly. The study also showed that NOVA's actions can change in response to brain activity, such as during seizures. This suggests that NOVA helps to maintain a balance of proteins in the brain by regulating mRNA levels in an activity-dependent manner. Overall, the findings highlight the importance of NOVA in controlling the stability and levels of mRNAs in brain cells, which is crucial for proper brain function."
elife-55053-v1,"The research focused on a condition called APS1, where the immune system attacks various parts of the body, leading to multiple autoimmune diseases. The study aimed to identify new protein targets that the immune system attacks in APS1 patients. Using a method called PhIP-Seq, which can scan a wide range of proteins, the researchers found several new targets, including RFX6, KHDC3L, and ACP4. These targets are specific to certain tissues and were validated using additional tests. The findings suggest that these new targets could help in diagnosing and understanding the progression of APS1. For example, antibodies against RFX6 were linked to intestinal problems in APS1 patients. This research expands our knowledge of APS1 and may lead to better ways to predict and manage the condition."
elife-56383-v2,"The research focuses on the tiny worm C. elegans and how its reproductive cells (germ cells) interact with specific support cells (the distal tip cell, or DTC, and the sheath cell, or Sh1) to maintain and regulate the production of new cells. The study challenges the existing understanding that there is a ""bare region"" where germ cells directly contact the basement membrane without any somatic cell interaction. Instead, the researchers found that thin extensions from the Sh1 cells reach out and interact with nearly every germ cell, creating a complex interface with the DTC. This interaction is crucial for germ cell division and differentiation. The study shows that germ cells divide more frequently and asymmetrically at the boundary between the DTC and Sh1, suggesting that this is where germ cells leave the stem cell niche and begin to differentiate. The findings highlight the importance of the Sh1 cell in promoting germ cell differentiation by competing with the DTC for germ cell contact. This research provides new insights into how stem cells are regulated and how they exit the stem cell niche to differentiate, which could have broader implications for understanding stem cell behavior in other organisms, including humans."
elife-06587-v1,"The research paper explores how two specific genes, LLG1 and FER, work together in plants. The main question is whether these genes are essential for normal plant growth and development. To find out, scientists created plants with these genes turned off and observed their growth. They found that plants without LLG1 or FER showed similar problems, such as slower growth, stress symptoms, and issues with root and hair development. These problems were similar to those seen in plants with another related gene, LRE, turned off. The study also showed that LLG1 helps FER move to the correct place in the cell, which is crucial for its function. This means that LLG1 and FER work together in the same pathways to ensure proper plant development. Understanding these interactions can help in improving plant growth and resilience to stress."
elife-04599-v3,"The research investigates how different proteins affect the growth and behavior of actin filaments, which are crucial for cell movement and structure. Actin filaments grow by adding actin molecules to their ends, with one end (the barbed end) growing faster than the other (the pointed end). The study found that the growth rate and pausing behavior of these filaments depend on the specific proteins attached to their sides. For example, some proteins like VASP increased the growth rate, while others like filamin did not. The study also showed that the filaments became more flexible and bent as the density of these side-binding proteins increased. This research helps understand how cells control the dynamics of actin filaments, which is essential for various cellular processes like movement and division. The findings suggest that the versatility of actin dynamics is a response to the binding of different proteins, which can alter the growth rate, pausing, and flexibility of the filaments. This knowledge could be important for developing treatments for diseases related to actin filament dysfunction."
elife-29738-v2,"The research paper investigates the presence and visualization of lymphatic vessels in the dura mater, the tough outer layer of the brain, in humans and nonhuman primates. These lymphatic vessels are important because they help drain immune cells and cerebrospinal fluid from the brain, which is crucial for maintaining brain health. Previous studies in rodents suggested that these vessels might be more significant than initially thought, but their existence and function in primates were unclear. The researchers used advanced MRI techniques to visualize these lymphatic vessels in healthy human volunteers and marmoset monkeys. They found that these vessels can be seen using specific MRI sequences after injecting a contrast agent. The study confirmed the presence of a network of lymphatic vessels in the dura mater of both humans and marmosets, similar to what has been observed in rodents. This discovery is significant because it opens up new avenues for studying brain diseases, such as multiple sclerosis, where these lymphatic vessels might play a role in immune cell trafficking and waste clearance. The ability to visualize these vessels noninvasively using MRI could lead to better understanding and potential treatments for neurological disorders."
elife-11611-v2,"The research investigates how cells establish and maintain a single polarity site, which is crucial for processes like cell division. In yeast cells, two initial polarity sites often compete, and one eventually wins, becoming the sole site for growth and division. The study aims to understand what factors stabilize the winning site. Researchers tracked various markers, including actin structures and septin rings, to see if they play a role in stabilizing the winning polarity site. They found that actin structures and septin rings are recruited to both competing sites initially, but this does not guarantee the persistence of either site. Instead, the winning site seems to outcompete the others by recruiting more of the key proteins involved in polarity establishment. This suggests that the stability of the winning site is not due to the presence of actin or septin structures but rather the dynamic recycling of polarity proteins. The findings challenge the idea that specific structures stabilize the winning polarity site and highlight the importance of protein dynamics in cell polarity. This understanding could help in studying similar processes in other cell types and diseases where cell polarity is disrupted."
elife-29985-v2,"The research focuses on understanding the structure and function of the PINK1 protein, which is crucial for cellular health and is linked to Parkinson's disease. PINK1 helps activate another protein called Parkin, which is important for maintaining healthy mitochondria, the powerhouses of cells. The study used a version of PINK1 from a simple organism called Tetrahymena thermophila (TcPINK1) to solve its crystal structure, revealing how it interacts with ubiquitin, a small protein that tags other proteins for degradation. The researchers found that a specific part of TcPINK1, called Ins3, and a site where the protein modifies itself (autophosphorylation at Ser205) are essential for recognizing and phosphorylating ubiquitin and the Parkin protein. This phosphorylation is necessary for Parkin to function properly. The study also showed that mutations in these critical regions can disrupt PINK1's ability to activate Parkin, which is relevant to understanding Parkinson's disease. By providing a detailed structure of TcPINK1, the research offers a framework for future studies on the human version of PINK1 (hPINK1) and may help in developing therapies for Parkinson's disease."
elife-12095-v3,"The research investigates how two proteins, GPIHBP1 and LPL, interact with each other. This interaction is crucial for transporting fats in the bloodstream. The study used various techniques to map out the specific regions on these proteins where they bind to each other. They found that a particular part of GPIHBP1, known as the acidic domain, plays a significant role in this binding process. This domain helps stabilize LPL, preventing it from breaking down. The researchers also discovered that the binding is stronger when the full-length GPIHBP1 is involved compared to just its acidic domain. This suggests that other parts of GPIHBP1 also contribute to the stability of the complex. The findings provide a better understanding of how these proteins work together, which could be important for developing treatments for conditions related to fat metabolism, such as high cholesterol."
elife-29330-v1,"The study investigates how glucose affects the development and maturation of heart cells, specifically cardiomyocytes. This is important because understanding this process can help in developing better treatments for heart diseases and improving stem cell therapies. Researchers used human embryonic stem cells to create heart cells in the lab and studied them under different glucose conditions. They also used a mouse model with diabetes to observe the effects in a living organism. The findings showed that high glucose levels promote the proliferation of heart cells but inhibit their maturation. Conversely, low glucose levels encourage the heart cells to mature and develop more robust structures and functions. The study suggests that glucose metabolism plays a crucial role in the late stages of heart development. Specifically, the anabolic use of glucose to build nucleotides is responsible for inhibiting cardiac maturation. This research highlights the importance of controlling glucose levels in the environment of developing heart cells, which could have significant implications for regenerative medicine and the treatment of heart conditions."
elife-01402-v1,"The research investigates how a molecule called c-di-GMP varies within bacterial populations, specifically in Pseudomonas aeruginosa. This molecule is crucial for bacterial behavior and adaptation. The study found that during cell division, one daughter cell consistently ends up with lower levels of c-di-GMP, which is not random but rather due to the asymmetric distribution of a specific enzyme called Pch. This enzyme is responsible for breaking down c-di-GMP and is localized to the cell pole by the bacterial chemotaxis machinery, which helps bacteria move towards favorable environments. The researchers used advanced microscopy techniques to observe these processes. They discovered that a gene called PA5017, which they renamed pch, is essential for maintaining a subset of cells with reduced c-di-GMP levels. The study also showed that the flagellum, the tail-like structure bacteria use to move, and the chemotaxis protein CheA are necessary for the proper localization and function of Pch. This asymmetry in c-di-GMP levels affects bacterial movement, with higher c-di-GMP levels leading to slower movement and more frequent reversals. Understanding these mechanisms can provide insights into how bacteria adapt and move, which is important for developing strategies to control bacterial infections."
elife-27854-v1,"The researchers explored using mobile phones to identify mosquito species by recording their wingbeat sounds. This method could help track mosquito populations, which is crucial for controlling diseases like malaria and dengue fever. The study found that various types of mobile phones, even basic ones, can capture the unique wingbeat frequencies of different mosquito species. These frequencies vary naturally, so the researchers created distributions of these frequencies for each species. They showed that by combining acoustic data with metadata like time and location, they could improve the accuracy of identifying mosquito species. This approach could be a practical tool for monitoring mosquito populations in the field, helping to better understand and control mosquito-borne diseases. The method was tested in real-world conditions, showing that it can work even with variations in mosquito age, size, and environmental factors. The study suggests that mobile phone-based acoustic surveillance is a promising way to map mosquito distributions and track disease risks."
elife-10450-v2,"The research explores how the brain processes touch information from different types of nerve fibers. Specifically, it looks at two types of nerve fibers: rapidly adapting (RA) and Pacinian (PC) fibers. RA fibers are sensitive to changes in touch, while PC fibers respond to vibrations. The study found that both types of fibers contribute to how the brain's somatosensory cortex responds to touch, but they do so in different ways. RA fibers mainly determine the overall firing rate of brain cells, which tells us how strongly we feel a touch. PC fibers, on the other hand, help fine-tune the timing of these brain cell responses, making them more precise. This precision is important for tasks that require detailed touch perception, like reading Braille. The research also showed that the brain combines information from both types of fibers in a way that optimizes touch perception, ensuring that we can accurately sense both the strength and timing of touch sensations. This understanding can help in developing better technologies for touch feedback in prosthetics and other applications."
elife-42001-v2,"The research investigates how a molecular machine called a helicase unwinds DNA. DNA is like a twisted ladder, and helicases are enzymes that help untwist it so that other processes, like copying DNA or repairing it, can happen. The main question is how many base pairs (the rungs of the DNA ladder) the helicase unwinds at a time. Previous studies suggested different step sizes, but this study aimed to directly observe the unwinding process. The researchers used a technique called FRET (Förster Resonance Energy Transfer) to watch the helicase in action. They found that the helicase unwinds DNA one base pair at a time, which is the smallest possible step. This was confirmed by observing stalls in the unwinding process when a strong base pair (GC) was present, and by changing experimental conditions to slow down the process. Additionally, they found that another protein, DnaG, helps the helicase unwind DNA more efficiently, especially when the DNA is hard to unwind. This research helps us understand the basic mechanics of DNA unwinding, which is crucial for many biological processes. It also provides insights into how helicases might be targeted for therapeutic purposes, such as in cancer treatment or antiviral therapies."
elife-66609-v2,"The research explores how the brain regulates the release of a hormone called vasopressin, which helps control water balance in the body. Specifically, it looks at how different brain regions communicate with vasopressin-producing neurons in the hypothalamus, a part of the brain. The study found that certain brain regions, like the MnPO and OVLT, send both excitatory and inhibitory signals to these neurons, while another region, the SFO, only sends excitatory signals. These signals are crucial for adjusting vasopressin release in response to changes in the body's water balance, such as when a person is dehydrated or anticipates drinking water. The researchers also discovered that different types of neurons in these regions respond differently to water-related cues and drinking, suggesting that they play distinct roles in regulating vasopressin release. For example, some neurons help suppress vasopressin release when water is anticipated, while others respond to actual drinking. This research helps us understand how the brain manages water balance, which is essential for overall health and can have implications for conditions related to dehydration and fluid regulation."
elife-16178-v1,"The researchers wanted to understand how signals measured using a technique called GCaMP compare to those measured using another technique called VSD in the visual cortex of monkeys. Both methods are used to study brain activity, but they measure different aspects of it. GCaMP is thought to primarily reflect the spiking activity of neurons, while VSD reflects the membrane potential, which is influenced by both spikes and other electrical signals. The study found that GCaMP signals were less sensitive to changes in contrast, more narrowly tuned to orientation and position, and had a smaller non-orientation-selective response compared to VSD signals. This suggests that GCaMP signals are indeed more closely related to the summed spiking activity of local neuron populations. The researchers also developed a computational model to support this idea, showing that the observed GCaMP and VSD tuning curves matched the model's predictions. This work helps to validate GCaMP as a tool for studying brain activity and provides insights into how different imaging techniques can complement each other."
elife-02674-v2,"The research paper discusses the structure and function of the M2-1 protein, which is part of the respiratory syncytial virus (RSV). The main question is how M2-1 interacts with RNA and other viral components. This is important because understanding these interactions can help in developing treatments for RSV infections, which are common and can be severe, especially in young children and the elderly. The researchers used various techniques, including X-ray crystallography and nuclear magnetic resonance (NMR), to study the structure of M2-1 and how it binds to RNA. They found that M2-1 can exist in both open and closed states, and that RNA binding induces the closure of M2-1. This closure is due to the RNA simultaneously binding to two parts of the protein, the zinc finger and the core domain. The study also suggests that the tetrameric nature of M2-1 allows it to bind RNA without disrupting its interaction with another viral protein, P. This interaction is crucial for the virus's ability to replicate. The findings provide a detailed model of how M2-1 recognizes and binds to specific RNA sequences, which is essential for the virus's replication process. This understanding could lead to the development of new antiviral drugs that target these interactions."
elife-02501-v2,"The research investigates how bacteria handle errors in protein synthesis, specifically focusing on the enzyme phenylalanine tRNA synthetase (PheRS). This enzyme is crucial for ensuring that the correct amino acids are attached to tRNA molecules, which are then used to build proteins. The study found that PheRS can correct mistakes where the wrong amino acid, like m-Tyr, is attached to tRNA. This correction is vital for bacterial survival, especially under stressful conditions like exposure to harmful amino acids or oxidative stress. The researchers showed that bacteria with a defective version of PheRS struggle to grow in the presence of m-Tyr, highlighting the importance of this enzyme's editing function. The findings suggest that PheRS plays a key role in maintaining the accuracy of protein synthesis, which is essential for the health and survival of bacterial cells. This research underscores the significance of quality control mechanisms in biological systems, ensuring that proteins are made correctly even when faced with challenges."
elife-18020-v2,"The research paper investigates the role of the protein p21 in DNA replication, particularly during the S phase of the cell cycle. The study is important because understanding how p21 affects DNA replication can help in developing better treatments for cancer and other diseases related to DNA damage. The researchers conducted experiments to observe the behavior of p21 in cells undergoing DNA replication. They found that p21 is present in replication factories and interacts with PCNA, a protein involved in DNA synthesis. When p21 is depleted, cells show signs of replication stress, such as increased DNA damage markers and abnormal DNA replication patterns. Interestingly, the negative effects of p21 depletion on DNA replication can be reversed by reducing the levels of a DNA polymerase called Pol κ. This suggests that p21 normally helps to regulate the activity of Pol κ during DNA replication, preventing excessive DNA damage. The findings indicate that p21 plays a crucial role in maintaining genomic stability by ensuring proper DNA replication. This research highlights the importance of p21 in preventing replication stress and genomic instability, which are common in cancer cells. Understanding this mechanism could lead to new therapeutic strategies for treating diseases associated with DNA replication errors."
elife-16349-v1,"The research investigates how the enzyme AMPK (AMP-activated protein kinase) affects the behavior of tiny worms called C. elegans when they are starved. Specifically, it looks at how AMPK influences the worms' movement patterns, such as how they explore their environment and change direction. The study found that AMPK is crucial for the worms to switch from local exploration to more distant exploration when food is scarce. This switch is important for the worms to find new food sources. The researchers discovered that AMPK works within specific nerve cells (interneurons) to regulate this behavior. They identified two key receptors, GLR-1 and MGL-1, that AMPK affects. When AMPK is not functioning properly, these receptors become more abundant, leading to increased reversal movements and reduced forward motion, which disrupts the worms' ability to explore effectively. The study also showed that restoring AMPK function in these specific nerve cells can correct the defective behavior. Overall, the findings highlight the importance of AMPK in helping organisms adapt their behavior to changing environmental conditions, such as food availability. This research could have broader implications for understanding how similar mechanisms might work in more complex animals, including humans."
elife-07938-v3,"The research paper investigates how a protein called PRMT1 affects another protein called RBM15. PRMT1 is an enzyme that adds methyl groups to proteins, a process known as methylation. The study found that PRMT1 methylates RBM15 at a specific site, which then influences RBM15's stability and function. When PRMT1 methylates RBM15, it makes RBM15 more likely to be tagged for degradation, reducing its levels in cells. This process is important because RBM15 plays a role in how genes are expressed, particularly in blood cell development. The researchers also discovered that another protein, CNOT4, works with PRMT1 to further tag RBM15 for degradation. They showed that when PRMT1 is inhibited or knocked down, RBM15 levels increase, and this affects the maturation of certain blood cells. Understanding this interaction is crucial because it sheds light on the molecular mechanisms behind blood cell development and could potentially lead to new treatments for blood disorders. The study highlights the importance of protein methylation in regulating gene expression and cell function."
elife-51015-v1,"Malaria is a serious disease caused by parasites, and one of the most dangerous types is caused by Plasmodium falciparum. Artemisinin is a key drug used to treat this type of malaria, but resistance to it is a growing concern. Researchers have identified a specific genetic mutation, called pfk13 C580Y, which is linked to artemisinin resistance. This mutation was first found in Southeast Asia and has since spread to other regions, including Guyana in South America. In Guyana, this mutation emerged independently and has been present at low levels since 2010. Researchers studied samples from Guyana to understand how this mutation affects the parasites and why it hasn't spread more quickly. They found that the mutation does make the parasites resistant to artemisinin but also slows their growth, which might explain why it hasn't become more common. The study also looked at the genetic background of the parasites and found that the mutation arose on a single genetic background, suggesting that the genetic makeup of the parasites plays a role in how resistance develops and spreads. Understanding these factors is crucial for developing strategies to combat drug-resistant malaria and ensure that artemisinin remains effective."
elife-00723-v1,"The research investigates how nerve cells quickly recycle the tiny packages, called vesicles, that release chemicals to communicate with other cells. These vesicles fuse with the cell's surface to release their contents and then need to be recycled to maintain communication. The study found that vesicles fuse and are recycled very quickly, within about 15 seconds, which is faster than previously thought. Using advanced imaging techniques, the researchers observed vesicles fusing with the cell membrane just 20 milliseconds after stimulation. They also saw large invaginations forming near the dense projection, a structure involved in vesicle release, which later turned into smaller vesicles. This suggests that the cell rapidly retrieves and recycles the membrane used during communication. The findings indicate that most vesicles are recycled quickly after use, with some being recovered near the dense projection within 50 milliseconds and others near adherens junctions within about 1.4 seconds. This rapid recycling is crucial for maintaining efficient communication between nerve cells."
elife-33099-v2,"When bacteria like Bacillus subtilis grow rapidly, they often produce a substance called acetate, which can become toxic if it builds up. To deal with this, the bacteria switch to producing a different substance, acetoin, which is harmless. This switch happens because some bacteria in the population start expressing certain genes that help produce acetate, while others switch to producing acetoin when acetate levels get too high. Researchers used fluorescent markers to track these gene expressions and found that the bacteria go through distinct phases of gene activity. They discovered that a specific gene, sucC, is linked to acetate production, and another gene, alsS, is linked to acetoin production. By studying individual bacteria over many generations, they saw how these genes turn on and off in response to changing conditions. They also found that bacteria producing acetoin can help others grow better by changing the environment around them. This research helps us understand how bacteria adapt to different conditions and could be useful for improving industrial processes that use bacteria."
elife-43290-v2,"The research focused on understanding the impact of measles vaccination campaigns in India on child mortality. Measles is a highly contagious disease that can be fatal, especially for young children. The study looked at data from 2005 to 2013 to see how effective the measles vaccination campaigns were in reducing deaths among children aged 1 to 59 months. The researchers found that the campaigns significantly reduced measles-related deaths, particularly in the states where the campaigns were launched. Before the campaigns, measles mortality rates were high, but after the campaigns, there was a substantial decline. The study estimated that the campaigns averted between 41,000 and 56,000 child deaths during 2010–2013. The campaigns were particularly effective in rural areas and among girls, who historically have higher mortality rates due to factors like lower vaccination coverage and less access to healthcare. The findings suggest that with continued efforts, it is possible to eliminate measles-related deaths in India, although challenges like suboptimal vaccination coverage remain. The research highlights the importance of vaccination campaigns in saving lives and reducing the burden of measles, especially in high-risk populations."
elife-14188-v1,"The research explores how bats use echolocation to recognize places. Traditionally, it was thought that bats create a 3D mental map of their environment using echoes to recognize places. However, the study argues that this is unlikely due to the limitations of bat sonar, such as a narrow field of view and low update rate. Instead, the researchers propose that bats recognize places by remembering the unique echo signatures, or ""templates,"" of different locations. These templates are like acoustic fingerprints that bats match to stored memories. The study collected data to test if these templates are distinctive enough for bats to use them for navigation. The findings suggest that bats might prefer flying at a certain distance from objects to balance the strength of echoes and the clarity of templates. This template-based approach could explain how bats navigate without needing a detailed 3D map, relying instead on familiar echo patterns. The research highlights the potential for bats to use simpler, more efficient strategies for place recognition, challenging the idea that they build complex 3D mental maps."
elife-14730-v3,"The research focused on understanding how a specific gene, MAGI3, is altered in breast cancer. The study found that in some breast cancer cases, the MAGI3 gene is shortened due to a process called premature cleavage and polyadenylation (pPA). This shortening leads to the production of a truncated version of the MAGI3 protein, which contributes to the development of cancer. The researchers discovered that this truncated MAGI3 protein interferes with the normal function of the full-length MAGI3 protein, leading to the activation of another protein called YAP. YAP activation is known to promote cancer cell growth and survival. The study suggests that this truncation of MAGI3 is a significant factor in about 7.5% of breast cancer cases. Understanding this mechanism could lead to new ways to target and treat breast cancer by focusing on the interaction between MAGI3 and YAP."
elife-27014-v1,"The research focused on understanding how the gut microbiome changes with age in turquoise killifish, a short-lived fish species. This matters because it can help us understand aging in humans and other animals. The study found that young killifish have a diverse range of gut bacteria, similar to other animals like humans. As the fish age, this diversity decreases, and the types of bacteria change, with older fish having more potentially harmful bacteria. The researchers also found that transferring gut bacteria from young fish to older fish increased the diversity of gut bacteria in the older fish, making their gut microbiome more similar to that of younger fish. However, this transfer did not fully rejuvenate the older fish's gut gene expression, suggesting that while the gut microbiome can be influenced by age, it is just one piece of the aging puzzle. This research highlights the importance of the gut microbiome in health and aging and suggests that interventions targeting the gut microbiome could potentially promote healthier aging."
elife-54898-v1,"The study explores how often mistakes happen when cells make RNA copies of their DNA, a process called transcription. These mistakes, called transcript errors, can affect how cells function because RNA plays crucial roles in regulating genes and determining the fate of proteins. The challenge is to distinguish real transcript errors from mistakes made during the process of sequencing RNA. Researchers used a method called CirSeq to identify transcript errors in the RNA of four different bacteria. They found that transcript errors are much more common than genetic mutations. The errors tend to appear consistently in multiple sequencing reads, unlike sequencing or reverse transcription errors, which usually appear only once. The study also found that transcript errors are generally randomly distributed across genes, but there are some genes with significantly more errors. The error rates were similar between protein-coding and non-coding RNA in some bacteria, but differed in others. The most common type of error was a change from cytosine to uracil, which might be due to the chemical instability of cytosine. The study suggests that these errors could affect how RNA is degraded in cells, and future research is needed to understand this process better. Overall, the findings highlight the importance of transcript errors in cellular function and the need for more research to understand their impact."
elife-32481-v2,"The research focuses on understanding the structure and function of a protein complex called KATP, which plays a crucial role in regulating the flow of potassium ions in cells. This complex is made up of two main parts: a potassium channel (Kir6.2) and a regulatory subunit (SUR1). The study used advanced imaging techniques to create detailed 3D models of the KATP complex in different states. The researchers found that SUR1 can adopt two distinct configurations relative to Kir6.2, which they named the ""propeller"" and ""quatrefoil"" forms. In the propeller form, SUR1 extends away from the channel like propellers, while in the quatrefoil form, SUR1 subunits are positioned differently. The study also revealed how ATP, a molecule that provides energy to cells, binds to the complex and inhibits its activity. The presence of SUR1 enhances the inhibitory effect of ATP on the potassium channel. Additionally, the researchers observed that the complex can switch between these forms, which might be important for its regulatory function. This work provides valuable insights into how KATP works at the molecular level, which could help in understanding and treating diseases related to potassium channel dysfunction, such as diabetes and heart conditions."
elife-01775-v1,"The research paper discusses a method to observe the process of transcription, where DNA is copied into RNA, in real-time at the single-molecule level. The study uses a technique called fastFISH to detect nascent RNA, which is RNA that is being synthesized. The researchers wanted to understand how efficiently they could detect this nascent RNA and how the process of transcription unfolds.

To do this, they designed experiments where they could watch individual molecules of RNA polymerase (RNAP), the enzyme that makes RNA, as they interacted with DNA templates. They used fluorescent probes that would bind to specific sequences in the nascent RNA, allowing them to track the progress of transcription. The researchers found that the probes could bind to the nascent RNA quickly, within about a second, and that this binding was specific to the RNA being made, not to the DNA or the RNAP itself.

They also discovered that the time it took for the probe to bind to the RNA depended on how far the RNAP had to travel along the DNA to reach the probe's target sequence. This helped them estimate the speed at which RNAP moves along the DNA during transcription, which was about 300 nucleotides per second.

The study provides a detailed look at the transcription process, showing that the probes can efficiently detect nascent RNA and that the timing of probe binding can reveal important information about the transcription cycle. This method could be useful for further studies on how transcription is regulated and how it might go wrong in diseases."
elife-31145-v2,"The research explores how cells manage the process of autophagy, which is crucial for breaking down and recycling cellular components. Specifically, it focuses on the fusion of autophagosomes (structures that engulf cellular waste) with vacuoles or endosomes (structures that degrade the waste). This fusion requires specific proteins, including Rab GTPases and the HOPS complex. The study identifies a key protein complex, Mon1-Ccz1, which activates Rab7 (or its yeast equivalent, Ypt7) on autophagosomes, enabling their fusion with vacuoles. The researchers found that a protein called Atg8 recruits Mon1-Ccz1 to autophagosomes through specific interaction sites. Mutations in these sites prevent Mon1-Ccz1 from binding to Atg8, thereby blocking the fusion of autophagosomes with vacuoles without affecting other cellular processes. This discovery highlights the importance of Atg8 in directing Mon1-Ccz1 to autophagosomes, ensuring proper waste degradation within cells. The findings could help in understanding diseases related to autophagy dysfunction, such as neurodegenerative disorders and certain cancers."
elife-47789-v2,"The research focuses on a protein called GFAP, which is crucial for the structure of astrocytes in the brain. Astrocytes are a type of cell that supports neurons. The study investigates a specific change in GFAP, called phosphorylation, which occurs more frequently in the brains of people with a severe genetic disorder called Alexander disease (AxD). This disorder is characterized by the accumulation of abnormal protein aggregates in astrocytes. The researchers found that a particular site on GFAP, called Ser13, is heavily phosphorylated in young AxD patients. This phosphorylation promotes the formation of GFAP aggregates and is linked to the breakdown of GFAP by an enzyme called caspase-6. The study suggests that monitoring the levels of phosphorylated GFAP could help track the progression of Alexander disease. The findings also indicate that the aggregates in AxD might protect astrocytes from dying, which could be important for understanding and potentially treating the disease. Overall, the research provides new insights into the molecular mechanisms of Alexander disease and offers potential biomarkers for monitoring the condition."
elife-56911-v2,"The study explored how people make decisions and adapt to changes in a task where they had to navigate through different states to collect rewards. Participants learned the value of each state beforehand but had to figure out the relationships between states through trial and error. The researchers changed the rewards and positions of states to see how participants adjusted their strategies. They found that participants could make advantageous choices even when they couldn't see the immediate outcome of their first move, indicating they were planning ahead. Using brain imaging, the researchers showed that participants' brains started preparing for the second move even before they saw the result of the first move. This suggests that people can think several steps ahead and adapt their plans based on past experiences and anticipated outcomes. The findings highlight the brain's ability to flexibly adjust decisions in response to changing environments, which is crucial for navigating complex tasks and making optimal choices."
elife-04539-v2,"The research investigates how cells handle obstacles during DNA replication, specifically focusing on a sequence called RTS1 in the yeast Schizosaccharomyces pombe. When replication forks encounter RTS1, they often get blocked, triggering a process called homologous recombination (HR) to restart replication. The study found that a protein called Rad52 quickly moves to the blocked fork, helping to restart replication without the long delays typically seen in similar processes. This quick response suggests that Rad52 plays a crucial role in maintaining genome stability by efficiently dealing with replication obstacles. The researchers also observed that deleting a nearby replication origin increased the frequency and duration of Rad52 activity, indicating that the timing of fork convergence affects HR. Surprisingly, this rapid recombination response was not essential for cell survival, highlighting the robustness of cellular repair mechanisms. Overall, the findings provide insights into how cells manage replication stress and maintain genetic integrity."
elife-30789-v2,"The research paper explores the role of four proteins, known as ZHP proteins, in the process of meiosis, which is how cells divide to produce eggs and sperm. Meiosis is crucial for sexual reproduction, and understanding it can help in addressing infertility issues and genetic disorders. The study focuses on the worm C. elegans to investigate how these proteins help in the proper separation of chromosomes during meiosis. The researchers found that ZHP proteins are essential for the formation of crossovers, which are necessary for the correct separation of chromosomes. They discovered that ZHP-3 and ZHP-4 are particularly important for stabilizing recombination sites, while ZHP-1 and ZHP-2 help in restricting the number of these sites to ensure proper chromosome separation. The findings suggest that these proteins work together in a coordinated manner to ensure that chromosomes pair correctly and separate during meiosis. This research provides insights into the molecular mechanisms of meiosis and could have implications for understanding and treating reproductive issues in humans."
elife-33101-v2,"The research paper discusses the structure and behavior of a protein complex called mTORC2. This complex is important because it plays a crucial role in cell growth, metabolism, and survival. The study aimed to understand the detailed structure of mTORC2, which has been challenging to study due to its instability. Researchers used advanced techniques like cryo-electron microscopy (cryo-EM) to capture high-resolution images of the complex. They found that mTORC2 forms a dimeric structure, meaning it consists of two similar units. The core of the complex is made up of proteins mTOR and mLST8, with additional proteins like Rictor and SIN1 forming the rest of the structure. The study also revealed that mTORC2 is more fragile than a similar complex called mTORC1, which might be due to differences in how the proteins are arranged. Understanding the structure of mTORC2 is important for developing treatments for diseases related to cell growth and metabolism, such as cancer and diabetes. The findings provide a foundation for future research into how mTORC2 functions and how it can be targeted for therapeutic purposes."
elife-40474-v3,"The research paper explores the role of RalB, a protein involved in cell movement and invasion, particularly in cancer cells. The study aims to understand how RalB contributes to the spread of cancer cells, which is crucial for developing targeted therapies. The researchers used various techniques, including genetic modifications and optogenetics, to control and observe the activation of RalB in different cell types. They found that RalB, but not its close relative RalA, is essential for the invasive behavior of cancer cells. This was demonstrated in several types of cancer cells, including bladder, pancreatic, lung, and breast cancer. The study also showed that RalB works through a specific pathway involving the exocyst complex and the Wave Regulatory Complex, which are important for cell movement and invasion. The findings suggest that targeting RalB could be a promising strategy for preventing the spread of cancer. Additionally, the researchers provided a detailed model of how RalB is activated and how it promotes cancer cell invasion, which could help in developing new treatments."
elife-09960-v2,"The research paper discusses the identification and classification of different types of neurons in the hippocampal formation, a region of the brain crucial for memory and learning. The study aims to understand how these neurons connect and process information, which is essential for comprehending brain function and disorders. The researchers collected data from various studies on the structure of neurons, focusing on where their axons and dendrites (the parts that send and receive signals) are located. They identified over 100 distinct neuron types based on these structural patterns, as well as the neurotransmitters they use and their synaptic connections. The findings were organized into a comprehensive online database called Hippocampome.org, which allows users to search and explore the characteristics of these neuron types. This resource helps scientists better understand the complexity of the hippocampus and how different neuron types contribute to its functions. The study highlights the importance of detailed morphological data in defining neuron types and provides a framework for future research on the hippocampus."
elife-03222-v2,"The research explores how monkeys use visual cues, specifically head gaze, to direct their attention. This ability is crucial for social interactions and understanding the environment. The study used functional magnetic resonance imaging (fMRI) to observe brain activity in monkeys while they followed the gaze of other monkeys to find targets. The researchers found a specific brain region in the superior temporal sulcus (STS) that activates when monkeys follow head gaze. This region is distinct from areas that process facial recognition. The findings suggest that this region in monkeys might be similar to a region in the human brain known to be involved in following eye gaze. This research helps us understand the neural basis of social attention and how it might be similar across different species. The implications are significant for understanding social cognition and potentially for developing treatments for conditions that affect social attention, such as autism."
elife-04878-v3,"The research explored how zebrafish larvae detect and respond to prey. The study found that larvae react to small, moving dots that mimic prey, triggering specific swimming behaviors. The researchers identified a particular region in the brain, called AF7, where retinal cells send signals in response to these prey-like stimuli. This region is connected to areas of the brain involved in movement and prey capture. The study also showed that these retinal cells respond to real prey, like paramecia, supporting their role in prey detection. By disrupting this brain region, the researchers found that the larvae's ability to capture prey was reduced, confirming the importance of AF7 in this behavior. This research helps us understand how simple organisms like zebrafish larvae use their visual system to find and catch food, providing insights into basic neural processes."
elife-53930-v2,"The research explores the role of a group of proteins, specifically JMJD5, JMJD6, and JMJD7, in modifying histones and other proteins within cells. Histones are proteins that help package DNA, and their modifications can influence gene expression. The study found that JMJD5 and JMJD7 can cut off the tails of histones, which are important for gene regulation. This cutting activity was confirmed by another independent study. The research also identified that JMJD6 interacts with a protein called MePCE, which is part of a complex that regulates gene transcription. Interestingly, JMJD6 can cleave MePCE, affecting the stability of the complex and potentially releasing a key component needed for gene transcription. The study suggests that JMJD6 plays a crucial role in gene regulation by disrupting this complex and releasing necessary factors for transcription. This finding is significant because it provides new insights into how gene expression is controlled, which is fundamental to understanding various biological processes and diseases. The research used various techniques, including biochemical assays and structural analysis, to confirm these interactions and activities. Overall, the study highlights the importance of these proteins in gene regulation and opens up new avenues for exploring their roles in health and disease."
elife-48114-v1,"The research focuses on understanding how zebrafish larvae initiate hunting behavior. This is important because it helps us learn about the neural mechanisms behind predatory actions, which can provide insights into how the brain processes sensory information and generates motor responses. The scientists used advanced imaging techniques to observe the activity of neurons in the zebrafish brain while the larvae were presented with visual cues that mimic prey. They found specific groups of neurons in a region called the AF7-pretectum that become active when the larvae start hunting. These neurons do not respond to the visual cues themselves but are activated when the larvae converge their eyes to initiate the hunt. The researchers also used optogenetics, a method that allows them to control neuron activity with light, to stimulate these neurons. They discovered that activating these neurons could trigger hunting behavior even in the absence of actual prey. This suggests that these neurons play a crucial role in deciding when to start hunting. The findings indicate that the AF7-pretectum region is a key part of the brain's circuit for initiating predatory behavior, integrating sensory information with the decision to hunt. This research provides valuable insights into how the brain coordinates complex behaviors like hunting."
elife-53688-v1,"The research explores how a specific signaling pathway, known as the PCP pathway, affects the development of alveoli, the tiny air sacs in the lungs where gas exchange occurs. The study focused on a protein called VANGL2, which is part of this pathway. By removing VANGL2 from different lung cells in mice, the researchers found that the lungs failed to develop properly, resulting in enlarged air sacs and a lack of smaller, functional alveoli. This defect was due to issues in how lung cells communicate and interact with each other, particularly involving a signaling molecule called PDGF. The study suggests that VANGL2 is crucial for ensuring that PDGF can properly signal to cells called myofibroblasts, which are essential for the formation of alveoli. Without this signaling, the lungs cannot develop the intricate structure needed for efficient breathing. This research highlights the importance of the PCP pathway and VANGL2 in lung development and could provide insights into conditions that affect lung structure and function."
elife-52986-v1,"The research paper investigates the effects of a specific genetic mutation, TUBB4AD249N, on brain development and function in mice. This mutation is linked to a human condition called Hypomyelination with Atrophy of the Basal Ganglia and Cerebellum (H-ABC). The study found that mice with this mutation, especially those with two copies (homozygous), show significant problems with myelination, the process where nerve fibers are insulated. This leads to thinner myelin sheaths and fewer mature oligodendrocytes, the cells responsible for myelination. As a result, these mice experience progressive weight loss, motor skill deficits, and neuron loss in certain brain regions. The researchers also observed that the mutation affects the growth and survival of neurons and oligodendrocytes both in the brain and in lab-grown cultures. These findings help explain the neurological symptoms seen in H-ABC patients and highlight the critical role of the TUBB4A gene in brain development and function. The study underscores the importance of understanding genetic mutations to develop targeted therapies for neurological disorders."
elife-48916-v1,"The study investigates how cancer cells spread to lymph nodes, focusing on the role of specific immune cells called macrophages. When cancer cells first enter a lymph node, they need a place to attach and start growing. The researchers found that these early cancer cells, called pioneer metastatic cells, interact with macrophages in a specific area of the lymph node called the subcapsular sinus (SCS). These macrophages express a protein called Siglec1, which helps the cancer cells stick to them and start multiplying. The study shows that when Siglec1 is present, cancer cells are more likely to survive and grow. Conversely, when Siglec1 is reduced or absent, cancer cells struggle to attach and grow in the lymph node. This interaction is crucial for the initial stages of cancer spread to lymph nodes, highlighting a potential target for future therapies to prevent metastasis. The findings suggest that targeting Siglec1 or the interaction between macrophages and cancer cells could be a strategy to slow down or stop cancer from spreading."
elife-25884-v1,"The research investigates how subterranean mammals, like moles, have evolved to lose or reduce certain traits, particularly their eyesight, due to living underground. The study focuses on identifying which genes and genetic regions have changed or been conserved in these mammals. By comparing the genetic changes in four subterranean species, the researchers found that many genes related to vision have evolved more rapidly in these species. This rapid evolution is likely due to a relaxation of natural selection on these genes, as vision is less important underground. The study also identified specific genes and regulatory regions that have accelerated in their evolution, particularly those involved in eye development and function. Additionally, some genes related to skin and hair showed signs of positive selection, suggesting adaptations to a burrowing lifestyle. The findings highlight how genetic changes can occur in response to specific environmental pressures, such as living underground, and provide insights into the genetic basis of trait loss and adaptation."
elife-06901-v2,"The research paper explores the role of a protein called ANO6 in cells. The main question is whether ANO6 is responsible for a process called phospholipid scrambling (PLS), which is crucial for cell death and other biological functions. PLS involves the movement of lipids within the cell membrane, which is essential for various cellular processes.

The study found that when ANO6 is present in cells, it can trigger PLS in response to increased calcium levels inside the cell. This suggests that ANO6 plays a significant role in this process. The researchers also created hybrid proteins by swapping parts of ANO6 with a similar protein, ANO1, which does not normally cause PLS. They discovered that even small changes in the structure of ANO6 could confer PLS activity to ANO1, indicating that specific regions of ANO6 are critical for this function.

Additionally, the study examined the relationship between PLS and ion currents, which are electrical signals that pass through the cell membrane. They found that the ion currents associated with ANO6 occur at the same time as PLS and require similar calcium concentrations, suggesting that these two processes might be linked. However, the exact mechanism by which ANO6 facilitates PLS and ion currents remains unclear.

Overall, the findings highlight the importance of ANO6 in phospholipid scrambling and provide insights into how this protein might regulate cell death and other biological processes. This research could lead to a better understanding of diseases where PLS is dysregulated, potentially opening new avenues for therapeutic interventions."
elife-02481-v2,"The research paper investigates the structure and function of the ClpB protein, which is involved in helping other proteins refold correctly after they have been damaged. The study focuses on how ClpB interacts with another protein called ClpP and how these interactions regulate ClpB's activity. Using advanced imaging techniques, the researchers were able to create detailed maps of the ClpB-ClpP complex. They found that ClpB has a flexible part called the MD, which can move and change its position. This movement is crucial for ClpB's function, as it allows ClpB to interact with another protein called DnaK, which helps in the refolding process. The study also shows that different forms of ClpB—wild-type, repressed, and hyperactive—have distinct MD positions, affecting how ClpB can bind to DnaK and perform its job. Overall, the research provides new insights into how ClpB works at a molecular level, which could be important for understanding protein repair mechanisms in cells."
elife-37443-v3,"The research explored how the cerebellum, a part of the brain, learns and controls a sequence of movements. Specifically, it looked at how the brain learns to blink in response to a signal, and then learns to blink again in response to the first blink. The study found that the cerebellum uses feedback from the first blink as a signal to learn the second blink. This means that the brain can use the information from one movement to guide the next, even if it wasn't explicitly trained to do so. The researchers tested this by training subjects to blink in response to a stimulus, and then observing whether they could learn to blink again in response to the first blink. They found that subjects could indeed learn to do this, and that the cerebellum was using feedback from the first blink to guide the second. This research is important because it helps us understand how the brain learns and controls complex sequences of movements, which is crucial for tasks like speaking, playing an instrument, or even walking. The findings suggest that the brain has a built-in mechanism for learning from its own actions, which could have implications for rehabilitation after brain injuries or for developing new treatments for movement disorders."
elife-16269-v3,"The research paper explores how TRIM5 proteins, which are part of the body's defense system, interact with HIV-1, the virus that causes AIDS. TRIM5 proteins have specific parts that recognize and bind to the outer shell of the HIV-1 virus. The study found that these proteins can form hexagonal patterns on the surface of the virus, which helps them bind more effectively. The researchers used various techniques to observe these interactions, including electron microscopy and biochemical assays. They discovered that different versions of TRIM5 proteins can form these hexagonal patterns on both flat surfaces and curved structures that mimic the virus's shape. This binding is specific and depends on the particular version of the TRIM5 protein. The findings suggest that TRIM5 proteins can cover a significant portion of the virus's surface, which is crucial for preventing the virus from infecting cells. This research helps us understand how the body's natural defenses work against HIV-1 and could lead to new strategies for developing treatments or vaccines."
elife-02046-v1,"The research investigates the role of a protein called WDR5 in embryonic stem cells (ESCs). WDR5 is crucial for maintaining the pluripotency of ESCs, which means it helps these cells stay flexible and able to become any type of cell in the body. The study found that WDR5 binds to over a thousand different RNAs, including long noncoding RNAs (lncRNAs), and this binding is essential for WDR5 to function properly. When WDR5 cannot bind to these RNAs, it becomes unstable and less effective at its job, leading to reduced levels of a specific type of histone modification (H3K4me3) and impaired expression of genes needed for ESC pluripotency. The researchers identified a specific mutation in WDR5 (F266A) that affects its ability to bind RNAs without disrupting its other functions. This mutation helped them understand that RNA binding is critical for WDR5 to maintain its stability and activity in the nucleus and on chromatin. The findings suggest that many RNAs interact with WDR5, and these interactions are important for regulating gene expression in ESCs. This research provides new insights into how WDR5 and RNA interactions contribute to the maintenance of stem cell pluripotency, which could have implications for understanding development and potentially for regenerative medicine."
elife-19993-v3,"The research paper explores a protein called GCNA, which is found in various eukaryotic organisms, including humans and mice. The main question is whether GCNA plays a role in reproduction and how it has evolved over time. The study found that GCNA is present in the reproductive cells of many species, suggesting it is important for reproduction. The protein has a unique structure with a large disordered region and specific domains that are conserved across different species. Interestingly, the mouse version of GCNA is more disordered than others, having lost some structured domains over time. The researchers also discovered that GCNA is related to other proteins involved in reproduction, indicating it might be part of a broader family of proteins that help in the development of reproductive cells. This finding is significant because it sheds light on the ancient origins of reproductive proteins and their evolution, potentially leading to a better understanding of fertility and reproductive health."
elife-34273-v1,"The research explores how certain immune cells, called plasmacytoid dendritic cells (pDCs), respond to infections from dengue virus (DENV) and chikungunya virus (CHIKV). These viruses are significant because they cause widespread illnesses, particularly in tropical regions. The study found that when pDCs come into contact with cells infected by DENV or CHIKV, they produce a specific type of immune response that primarily involves interferon (IFN) production, rather than inflammatory responses. This IFN response helps the body fight off the viruses by activating genes that defend against infections. The researchers created a unique mouse model where only pDCs could produce a key protein called IRF7, which is crucial for this IFN response. They found that these mice could still control the viruses effectively, even though they lacked other immune pathways. This suggests that the IFN response driven by IRF7 in pDCs is vital for fighting these viral infections. The study also showed that natural killer (NK) cells, another type of immune cell, play a role in this process by producing a different type of interferon (IFN-II) that helps clear the viruses. Overall, the research highlights the importance of pDCs and their specific immune responses in controlling DENV and CHIKV infections, which could lead to new strategies for treating these diseases."
elife-05154-v1,"The study investigated whether handshakes can transfer chemical signals between people and if people subconsciously sniff their hands afterward to detect these signals. The researchers found that handshakes do transfer certain chemicals involved in social communication. They also observed that people often bring their hands to their noses, especially after shaking hands with someone of the same gender. This behavior suggests that people might be sniffing their hands to gather information about the other person. The study further showed that this hand-sniffing behavior increases when the handshaker is wearing a perfume, but decreases when wearing specific social chemosignals. This research highlights how handshakes might play a role in non-verbal communication through chemical signals, even if people are not consciously aware of it. The findings suggest that handshakes could be a way for people to subtly exchange and detect social information."
elife-51756-v2,"The research paper explores how the types of immune cells called macrophages in the kidneys change as we age. Macrophages are crucial for fighting infections and maintaining tissue health. The study found that in young kidneys, macrophages come from two main sources: early embryonic cells and blood-forming stem cells. However, as the kidneys age, there is a significant increase in macrophages that originate from early embryonic cells, particularly in the outer parts of the kidney. This shift happens because these early embryonic macrophages can multiply and may also come from other parts of the body through the bloodstream. The findings suggest that understanding these changes could be important for developing better treatments for kidney diseases, especially in older adults who are more susceptible to these conditions. The research provides a basis for future studies to explore how different types of macrophages affect kidney health and disease as we age."
elife-18853-v2,"The research paper investigates the role of a protein called Mgm1 in the structure and function of mitochondria, specifically focusing on the formation of cristae, which are the folded inner membranes of mitochondria. Cristae are crucial for the mitochondria's ability to produce energy. The study found that Mgm1 is essential for the formation of lamellar cristae, which are flat and sheet-like, but not for tubular cristae, which are more cylindrical. When Mgm1 is absent, mitochondria lose most of their cristae and instead form septa or empty spaces. The researchers used various genetic mutations and advanced imaging techniques to observe the mitochondrial structure in different conditions. They concluded that Mgm1 plays a direct role in shaping the inner membrane of mitochondria, ensuring that lamellar cristae are formed and maintained. This is important because the structure of cristae affects the mitochondria's ability to produce energy efficiently. The findings suggest that understanding how Mgm1 works could provide insights into mitochondrial diseases and aging, as proper cristae formation is vital for cellular energy production."
elife-46418-v2,"In this study, researchers looked into how sexual interactions affect the lifespan of tiny worms called C. elegans. Previous research showed that long interactions with males shorten the lifespan of both male and female worms. However, these studies didn't reflect natural conditions where males are rare. The researchers found that brief interactions with young males shortened the lifespan of middle-aged female worms but not young ones. Young female worms seem to have a defense mechanism against the negative effects of mating. This defense is linked to the presence of self-sperm, which young worms have but middle-aged worms lack. The study also found that this defense mechanism involves certain genetic pathways and can be influenced by the worm's age and reproductive status. The findings suggest that the ability to resist the lifespan-shortening effects of mating may have evolved in hermaphroditic species like C. elegans. This research highlights the complex interplay between age, reproduction, and lifespan in these organisms and could have implications for understanding similar processes in other animals, including humans."
elife-00311-v1,"The research paper explores a method called ensemble refinement, which aims to better understand the dynamic nature of proteins. Proteins are not static; they move and change shape, which can be crucial for their function. Traditional methods often model proteins as single, static structures, but this doesn't capture their true behavior. Ensemble refinement, on the other hand, considers multiple conformations of a protein simultaneously, providing a more accurate picture of its dynamics.

The study tested ensemble refinement on 20 different protein structures from a database called the Protein Data Bank. They found that this method significantly improved the quality of the models, reducing errors and providing better fits to the experimental data. The improvements were seen across the entire range of data resolution, meaning it works well for both high and low-resolution structures.

Ensemble refinement also helped in identifying flexible or disordered parts of the proteins, which are often important for their function. For example, it revealed details about the distribution of side chains and water molecules around the protein, which are difficult to capture with single-structure models.

Overall, the research shows that ensemble refinement is a powerful tool for understanding protein dynamics. It provides more accurate and detailed models, which can be crucial for fields like drug design, where understanding protein movements is essential. This method could lead to better insights into how proteins work and how they can be targeted for therapeutic purposes."
elife-21130-v1,"The research investigates the role of the protein YAP in lung development. YAP is important because it helps control how cells grow and organize during development. The study found that YAP is active throughout the lung epithelium, the tissue that lines the lungs. When YAP was removed from the lung epithelium in mouse embryos, the lungs developed large cysts instead of normal tissue, leading to failed lung function. This defect was observed early in development, around 11.5 days post-conception, and worsened over time. The researchers also found that removing YAP in specific regions of the lung led to cysts forming in those areas, suggesting that YAP is crucial for proper lung branching and cell proliferation. The findings indicate that YAP plays a vital role in ensuring that lung cells grow and organize correctly, and its absence leads to severe developmental defects. This research helps understand how lung development goes wrong, which could be useful for studying lung diseases."
elife-66590-v2,"The research paper discusses the importance of accurate mortality forecasts, especially in light of recent debates about the limits of human life expectancy and the impact of lifestyle factors like smoking, obesity, and alcohol. The study aims to project future life expectancy in 18 European countries by distinguishing between general long-term mortality declines due to socio-economic and medical progress and deviations caused by lifestyle factors. The researchers used advanced projection techniques to account for the varying impacts of smoking, obesity, and alcohol on mortality and considered the mortality experiences of leading populations. They found that by focusing on non-lifestyle-attributable mortality trends, they could create more reliable and robust forecasts. The projections suggest that life expectancy will continue to increase, particularly in countries like Hungary and Poland, where significant declines in lifestyle-attributable mortality are expected. The study also highlights that past trends in non-lifestyle-attributable mortality are more stable and linear, making them better for long-term projections. Overall, the research indicates that there is no imminent limit to human life expectancy, and lifestyle factors play a crucial role in shaping future mortality trends."
elife-10115-v2,"The research explores the role of a protein called GWL in cancer cell behavior. GWL is involved in cell proliferation, invasion, and migration, which are key processes in cancer progression. The study found that when GWL is overexpressed in certain cancer cell lines, it significantly increases these aggressive behaviors. Conversely, reducing GWL levels or using a non-functional version of GWL decreases these behaviors. The researchers also discovered that GWL's effects are mediated through a pathway involving AKT, a protein known to promote cancer cell growth and survival. Specifically, GWL overexpression leads to increased phosphorylation of AKT at a specific site (S473), which enhances cancer cell proliferation, invasion, and migration. Additionally, the study shows that inhibiting AKT or increasing the levels of a protein called PHLPP can counteract the effects of GWL overexpression, suggesting potential therapeutic targets for cancer treatment. Overall, the findings highlight GWL's role in promoting cancer aggressiveness and point to new avenues for developing treatments that target this pathway."
elife-08440-v2,"The research focused on understanding how brain regions affected by Parkinson's disease (PD) relate to normal brain networks in healthy individuals. The study compared areas of brain shrinkage (atrophy) in PD patients to intrinsic brain networks in young, healthy subjects. They found that the regions affected by PD closely matched specific brain networks that are active during normal brain function. This suggests that PD-related brain changes follow patterns of normal brain connectivity. The study also showed that the severity of brain atrophy in PD patients was linked to the brain's functional and structural connections to a key area called the substantia nigra, which is heavily affected by PD. This finding implies that the spread of PD-related damage might follow the brain's natural wiring. The research highlights the importance of understanding normal brain networks to better grasp how diseases like PD progress. This could lead to new ways of diagnosing and treating PD by targeting specific brain connections."
elife-07600-v2,"The research paper discusses a new method called MCM (M2/MOHCA-seq/Rosetta pipeline) for determining the three-dimensional structures of non-coding RNAs (ncRNAs). These are RNA molecules that do not code for proteins but play crucial roles in various biological processes. Understanding their structures is important for comprehending their functions and interactions within cells.

The study addresses the need for rapid and comprehensive experimental methods to determine the proximity of nucleotides that are not directly in contact but are close due to the RNA's three-dimensional folding. The MCM pipeline combines computational tools and experimental techniques to achieve this. The researchers tested this method on several well-studied RNA molecules and found that it can accurately predict their structures with a resolution of about 1 nanometer, which is quite precise at the molecular level.

The method involves using M2 to infer Watson-Crick base pairs, MOHCA-seq to determine nucleotide proximities, and Rosetta for computational modeling. The researchers demonstrated that MCM can refine RNA structures to a high resolution, even in complex cases where traditional methods struggle. This advancement is significant because it provides a more efficient and accurate way to study the structures of ncRNAs, which are essential for understanding their biological roles and developing targeted therapies."
elife-62876-v2,"The research explores how the protein KIF21B affects the structure and behavior of microtubules (MTs) in immune cells, specifically T cells. MTs are essential for cell structure and movement, and their proper regulation is crucial for immune cell function. The study found that KIF21B helps control the length and dynamics of MTs by inducing pauses and catastrophes, which are sudden transitions from growth to shrinkage. Without KIF21B, MTs become longer and more disorganized, leading to issues in cell polarization and movement towards immune synapses. The researchers used various techniques, including live-cell imaging and computational modeling, to observe and analyze MT behavior in cells with and without KIF21B. They discovered that KIF21B's role in regulating MT dynamics is vital for efficient centrosome movement and proper immune cell function. The findings suggest that KIF21B helps maintain a balanced MT network, preventing overgrowth and ensuring that cells can effectively respond to immune challenges. This research highlights the importance of KIF21B in immune cell function and provides insights into how MT regulation contributes to cell behavior and health."
elife-53227-v2,"The study investigates how trypanosomes, a type of parasite, manage oxidative stress using specific proteins and molecules. Trypanosomes have unique systems for handling oxidative stress compared to other organisms. The researchers used sensors called roGFP2, which can detect changes in the redox state of the cell. They found that these sensors, when fused with certain proteins like Tpx or hGrx1, can measure the redox state more effectively. The sensors showed that the trypanosome's cytosol (the fluid inside the cell) is fully reduced under normal conditions and can quickly recover from oxidative stress caused by hydrogen peroxide (H2O2). The study also showed that the mitochondrial matrix, the inner part of the mitochondria, has a thiol system based on trypanothione, a molecule specific to trypanosomes. When a protein called Tpx was depleted, the cytosolic sensors could no longer respond to H2O2, but the mitochondrial sensors still could, indicating different mechanisms in these cell compartments. Overall, the research highlights the unique ways trypanosomes handle oxidative stress, which could be important for developing treatments against these parasites."
elife-50990-v2,"The research explores how to reduce inflammation by targeting specific proteins called ErbB receptors, which are involved in the survival of immune cells called neutrophils. Neutrophils play a crucial role in fighting infections but can also cause damage if they linger too long, leading to chronic inflammation. The study found that inhibiting ErbB receptors can speed up the natural death process of neutrophils, called apoptosis, which helps to resolve inflammation. This was shown in various models, including human cells, mice, and zebrafish. The findings suggest that drugs targeting ErbB receptors could be a new way to treat inflammatory diseases by promoting the clearance of neutrophils and reducing inflammation. This approach could be particularly useful in conditions where neutrophils are overactive, such as chronic obstructive pulmonary disease (COPD) and other inflammatory disorders."
elife-53245-v2,"The study focused on understanding tuberculosis (TB) transmission in a densely-sampled outbreak in Nunavik, Quebec. Previous research used standard genomic sequencing to identify TB clusters, but this method lacked the resolution to pinpoint exact person-to-person transmission events. The researchers employed deep sequencing, which provides much more detailed genetic information, to re-examine the outbreak. They found that deep sequencing revealed a previously undetected super-spreader, someone who transmitted TB to a significant number of other cases. This discovery highlights the potential of deep sequencing to enhance TB control efforts by providing more precise information about how the disease spreads. The study also underscores the importance of using local reference genomes for accurate analysis and suggests that deep sequencing could be particularly useful in settings with low genetic diversity among TB strains. Overall, the findings have implications for improving public health interventions in regions with high TB transmission, including the Canadian North."
elife-25716-v2,"The research paper investigates how a protein called DDR1, which is involved in cell signaling, gets activated by collagen. DDR1 exists as pairs (dimers) on the cell surface, and the study focuses on how these dimers interact and get phosphorylated, a key step in cell signaling. The researchers used various mutant forms of DDR1 to understand this process. They found that when one DDR1 in a dimer is active and the other is not, the active one can still phosphorylate the inactive one. This phosphorylation happens even if the inactive DDR1 lacks parts of its structure, showing that direct contact between the outer parts of the dimers is not necessary. The study also showed that different types of DDR1 or even a related protein, DDR2, can act as the active partner in this process. This research helps to understand how DDR1 signaling works, which is important for processes like cell movement and tissue repair. The findings suggest that DDR1 activation is flexible and can occur through various interactions, highlighting the complexity of cell signaling mechanisms."
elife-08848-v2,"The research investigates the role of the KDM1A gene in early mouse development, particularly focusing on its maternal function. KDM1A is crucial for proper development, as mice without it fail to develop past a certain stage. The study found that when KDM1A is removed from mouse eggs, the resulting embryos struggle to develop beyond the first few cell divisions. This is because KDM1A is essential for a process called the maternal-to-zygotic transition (MZT), where the embryo's own genes start to function after fertilization. Without KDM1A, this transition doesn't happen correctly, leading to developmental arrest. The researchers also found that even a partial loss of KDM1A can cause problems, with some embryos surviving longer but still exhibiting issues. This work highlights the importance of KDM1A in early development and provides insights into how genetic factors in the mother can affect the embryo's ability to develop properly. Understanding these processes can help in studying fertility issues and developmental disorders."
elife-26138-v2,"The study investigates how morphine affects certain channels in nerve cells, specifically TRPM3 channels found in sensory neurons. These channels are involved in pain sensation. The researchers found that morphine significantly reduces the activity of TRPM3 channels, effectively blocking the pain signals they transmit. This effect is mediated through opioid receptors, as the presence of naloxone, an opioid receptor antagonist, completely blocked morphine's inhibitory action. The study also showed that other receptors coupled to similar signaling pathways, such as GABAB and PYY receptors, can also inhibit TRPM3 channels. Interestingly, morphine did not affect another type of channel, TRPV1, which is also involved in pain sensation but responds to different stimuli like capsaicin, the compound that makes chili peppers hot. The findings suggest that morphine's pain-relieving effects might be partly due to its ability to inhibit TRPM3 channels, providing new insights into how opioids work and potentially leading to the development of more targeted pain treatments."
elife-09178-v3,"The study investigates how genetic differences among strains of the worm C. elegans affect the outcomes of disrupting specific genes during embryonic development. The researchers targeted 29 genes known to be crucial for embryo development in 55 different wild strains of C. elegans from around the world. They measured how often embryos failed to develop properly when these genes were disrupted. The results showed significant variation in embryonic lethality across different strains, indicating that natural genetic modifiers play a substantial role in how these genes function. Some strains were more resistant to the disruptions, while others were more sensitive. The study found that half of the variation in embryonic lethality was due to gene-specific modifiers, which affect particular genes, and the other half was due to informational modifiers, which affect gene disruption more generally. This research highlights the complexity of genetic interactions and the importance of considering genetic background when studying gene function. It also shows that wild populations of C. elegans harbor many hidden genetic variations that can influence developmental processes, which has implications for both basic research and practical applications in genetics."
elife-05007-v2,"The research paper investigates how genes are silenced and reactivated in yeast cells. Gene silencing is a process where certain genes are turned off to control their activity. The study focuses on two specific genes, HMLα and HMRα, which are normally silenced in yeast. The researchers used a clever system where cells turn green when these genes are active and red when they are silenced. They found that in most cells, these genes are completely silenced, but occasionally, silencing is lost temporarily. When this happens, the cells turn green, but the silencing is quickly restored, turning the cells red again. The study also looked at the role of a protein called Sir1 in maintaining gene silencing. They found that without Sir1, cells lose silencing more frequently, but when silencing is active, it is just as strong as in normal cells. This research helps us understand how gene silencing is maintained and how it can be disrupted, which is important for understanding genetic regulation and potentially for developing treatments for diseases caused by improper gene activity."
elife-72976-v3,"The research paper explores the diet of Mesolithic foragers in southeastern Europe, particularly focusing on the use of wild grasses and other plant foods. The question of whether these foragers systematically used wild grasses like Aegilops and Hordeum is important because it sheds light on early human diets and the transition to agriculture. The study analyzed dental calculus and grinding stone tools from individuals in the Danube Gorges region, dating back to around 9500 cal BC. The findings show that these foragers consumed a variety of wild grasses, including species from the Triticeae tribe, as well as oats, legumes, millets, acorns, and Cornelian cherries. The presence of starch granules in dental calculus and on grinding tools indicates that these plants were processed and eaten. This research highlights the diverse plant-based diet of Mesolithic foragers and the importance of wild grasses in their subsistence strategies. The findings also suggest that the use of these plant foods began much earlier than previously thought, challenging existing theories about the timing of plant domestication in the region."
elife-28862-v1,"The study investigates how chloride and pH levels in lysosomes, which are small organelles inside cells, change in different genetic conditions related to lysosomal storage diseases (LSDs). Lysosomes are crucial for breaking down waste materials in cells, and their proper functioning is essential for cell health. The researchers used special sensors called Clensor and I-switch to measure chloride and pH levels in lysosomes of living cells. They found that these sensors work well in both worms and human cells, accurately reporting the chloride and pH levels inside lysosomes. The study showed that in various genetic models of LSDs, there are significant changes in lysosomal chloride and pH levels. For example, in some genetic backgrounds, lysosomal chloride concentrations were altered without affecting lysosome morphology. The researchers also demonstrated that reducing lysosomal chloride levels using a chemical inhibitor affected the release of calcium from lysosomes, highlighting the importance of chloride in lysosome function. Overall, the findings suggest that monitoring chloride and pH levels in lysosomes can provide insights into lysosomal dysfunction in diseases, potentially aiding in the development of new treatments."
elife-53392-v2,"The research explores how a protein called ZCWPW1 interacts with another protein, PRDM9, during a process called meiosis, which is crucial for reproduction. PRDM9 is known to help position breaks in DNA, which are necessary for the proper pairing and separation of chromosomes during meiosis. The study found that ZCWPW1 is recruited to the same sites on the DNA where PRDM9 binds, and this recruitment is dependent on specific chemical modifications that PRDM9 makes to the DNA. These modifications are like tags that guide ZCWPW1 to the right places. The researchers showed that ZCWPW1 is essential for the proper repair of these DNA breaks and for ensuring that chromosomes pair correctly during meiosis. Without ZCWPW1, mice have fertility issues because their chromosomes do not pair and separate correctly. The findings suggest that ZCWPW1 plays a critical role in the downstream effects of PRDM9, helping to ensure that DNA breaks are repaired efficiently and that chromosomes pair correctly, which is vital for successful reproduction. This research provides new insights into the molecular mechanisms underlying meiosis and fertility, highlighting the importance of ZCWPW1 in this process."
elife-34944-v3,"The research explores how certain drugs, like cocaine and 5-HT (serotonin), interact with a protein called SERT, which is responsible for transporting serotonin across cell membranes. The study found that when these drugs bind to SERT, they cause a brief electrical current and a change in the cell's membrane capacitance, which is a measure of the cell's ability to store electrical charge. The researchers used various experimental conditions to separate the effects of drug binding from the subsequent changes in SERT's shape. They discovered that the initial electrical current and capacitance change are due to the drug's charged particles moving in response to the cell's electrical field. This finding is important because it helps us understand how drugs like cocaine affect the brain's serotonin system, which is linked to mood regulation. The study also validates a theoretical model called the Gouy-Chapman model, which predicts these electrical changes based on the drug's binding to the cell membrane. Overall, the research provides new insights into the molecular mechanisms of drug action and could help in developing better treatments for conditions related to serotonin imbalance, such as depression and anxiety."
elife-14137-v1,"The study investigated how certain drugs affect stress-related behaviors in mice. The researchers wanted to understand if these drugs could help reduce anxiety and stress responses. They used drugs that inhibit an enzyme called COX-2, which is involved in inflammation and pain. The drugs tested were LM-4131, Lumiracoxib (LMX), and Celecoxib. The mice were subjected to foot-shock stress, and the researchers measured how quickly the mice started eating after being stressed. They found that these drugs reduced the time it took for stressed mice to start eating, indicating a reduction in anxiety-like behavior. This effect was seen 8 to 24 hours after the stress but not at other times. The drugs also reduced anxiety in other tests, such as the elevated plus maze, where mice had to choose between open and closed arms. The study suggests that these COX-2 inhibitors can help mitigate stress-induced anxiety without affecting overall activity levels or other behaviors like sucrose preference or despair-like behaviors. This research is important because it shows potential new ways to treat stress and anxiety using drugs that target specific pathways in the brain."
elife-34848-v1,"The research investigated the 2013/14 dengue outbreak in Fiji's Central Division. Before the outbreak, a survey measured dengue antibodies in the population. After the outbreak, the same people were tested again to see how many had been infected. The study found that people with lower initial antibody levels had a bigger increase in antibodies after the outbreak, suggesting they were more likely to have been infected. Those who reported a fever in the past two years also had higher antibody increases. The outbreak affected all age groups, but it was harder to estimate infection rates in older people because many already had dengue antibodies. The outbreak spread throughout the region, and a national clean-up campaign likely helped reduce the spread. The study combined survey data and reported cases to model the outbreak, showing that multiple data sources can improve understanding of dengue outbreaks. This approach can be useful for other settings to better prepare for and respond to dengue outbreaks."
elife-10696-v1,"The research paper explores how mice use their whiskers to sense their environment. The main question is what information from the whiskers best predicts the brain's response. The study found that the bending of the whisker, which changes its curvature, is a much better predictor of brain activity than the angle of the whisker. This is important because it shows that mice rely on the mechanical forces acting on their whiskers to understand their surroundings. The researchers used awake, head-fixed mice and measured both the whisker movements and the brain's electrical activity. They found that when a whisker bends upon contact with an object, it causes a significant change in curvature, which is strongly linked to brain activity. In contrast, the angle of the whisker does not change much and is a poor predictor of brain responses. This finding suggests that mice use the bending moment—the force that causes the whisker to bend—to detect and locate objects. This information can help them navigate their environment, follow walls, and even map out the shape of objects. The study also showed that during active whisking, without contact, the brain responds to the acceleration of the whisker's movement. This means that mice can sense both the touch of an object and the movement of their whiskers, providing them with a rich set of sensory information to explore their world."
elife-33402-v2,"The research paper explores how certain proteins influence the repair of broken DNA strands, a crucial process for maintaining genetic stability. The study focuses on proteins Rev7 and Crb2, which act as brakes on a specific DNA repair pathway called long-range resection. This process is essential for fixing double-strand breaks in DNA, which can occur due to various factors like radiation or certain drugs.

The researchers developed a method to observe this repair process in living cells using microscopy. They found that when Rev7 or Crb2 is missing, the cells can repair DNA breaks much faster than usual. This faster repair happens through a different pathway involving RecQ helicases, which are enzymes that unwind DNA. Normally, these helicases are kept in check by Rev7 and Crb2, but when these proteins are absent, the helicases can work more freely, leading to quicker but potentially more error-prone repairs.

This finding is significant because it sheds light on how cells might become resistant to certain cancer treatments, like PARP inhibitors, which work by preventing DNA repair. Understanding these mechanisms could help in developing more effective therapies that target these repair pathways, potentially improving outcomes for cancer patients."
elife-14985-v5,"The study investigates how different types of neurons in the visual cortex of mice respond to movement, both in the dark and when visual stimuli are present. Previous research suggested that certain inhibitory neurons, called SST neurons, might be suppressed during movement, allowing other neurons to respond more strongly to visual inputs. However, this study found that SST neurons, along with other types of neurons, actually increase their activity during movement, especially when visual stimuli are present. This challenges the idea of a simple disinhibitory circuit where SST neurons are suppressed to enhance visual responses. The researchers observed that the responses of these neurons to movement depend on the context—whether it's dark or if there are visual stimuli. This context-dependent behavior was most pronounced in SST neurons, which play a crucial role in the visual cortex. The findings suggest that movement affects the activity of inhibitory circuits differently depending on the presence of visual input, indicating a more complex interaction between movement and visual processing in the brain. This research helps to better understand how the brain integrates sensory information with behavioral states, such as movement, to process visual information more effectively."
elife-08996-v2,"The research explores the role of a protein called Hif-3α2 in zebrafish development. The study found that Hif-3α2 affects early development differently from its full-length version, Hif-3α1. Specifically, Hif-3α2 can influence the left-right axis development and inhibit a crucial signaling pathway called Wnt/β-catenin. This inhibition is not due to Hif-3α2's ability to activate genes but rather its ability to break down β-catenin, a key protein in the Wnt/β-catenin pathway. The researchers also discovered that removing Hif-3α2 increases Wnt/β-catenin signaling, highlighting its regulatory role. This finding is significant because it sheds light on how different versions of the same protein can have distinct functions in development, potentially offering insights into similar processes in humans. Understanding these mechanisms could help in developing treatments for developmental disorders and diseases related to abnormal signaling pathways."
elife-10453-v1,"The research investigated how the absence of a specific estrogen receptor (ERα) in the oviduct (the tube where fertilization occurs) affects fertilization and early embryo development in mice. The study found that mice lacking ERα in the epithelial cells of the oviduct had significantly fewer fertilized eggs and poorer embryo development compared to normal mice. This was due to reduced sperm migration to the site of fertilization and increased protease activity in the oviduct, which damaged the protective layer around the eggs and embryos. The damaged embryos had a swollen appearance and were more susceptible to lysis (breaking apart) when exposed to proteases. The researchers also showed that inhibiting protease activity could protect the embryos from these harmful effects. This study highlights the crucial role of estrogen signaling in the oviduct for successful fertilization and early embryo development, and it provides insights into potential factors that could affect fertility in both animals and humans."
elife-10806-v2,"The study explores how our brains process the number of items we see and how this is influenced by the direction of motion. Researchers found that when we look at moving items, the direction of motion can affect how we perceive the number of items. For example, if items move to the left, we might overestimate the number of small items, and if they move to the right, we might underestimate the number of large items. This effect happens in a specific part of the brain that keeps track of where things are in space, not just where they are on our retina. The findings suggest that the brain area involved in this process is likely the human equivalent of a region in monkeys called LIP, which is known to process both motion and number information. This discovery helps us understand how different types of visual information are integrated in the brain. It also shows that our perception of numbers is not just about counting but is influenced by other visual cues like motion direction. This research could have implications for fields like education and technology, where understanding how we perceive numbers and motion could lead to better designs for learning tools and interfaces."
elife-10767-v2,"The research paper investigates the role of a protein called CDKG1 in the algae Chlamydomonas. The main question is how CDKG1 affects cell size control, particularly during cell division. This matters because understanding how cells regulate their size is fundamental to biology and can have implications for fields like cancer research, where uncontrolled cell growth is a key issue.

The researchers created mutant strains of Chlamydomonas that lacked functional CDKG1 and observed that these mutants produced larger daughter cells. They also found that CDKG1 is expressed mainly during the late stages of the cell cycle, just before cell division. By manipulating the expression of CDKG1, they showed that misexpression led to smaller daughter cells, indicating that CDKG1 plays a crucial role in determining cell size during division.

The findings suggest that CDKG1 is involved in a regulatory pathway that controls cell size specifically during the division phase. This protein is produced in larger amounts in bigger cells and is degraded as cells divide, ensuring that daughter cells are of the appropriate size. The research highlights the importance of CDKG1 in maintaining proper cell size control, which is essential for the normal functioning and reproduction of cells."
elife-09373-v2,"The research focuses on the development of structures called taenidia in the trachea of fruit flies. Taenidia are important for the trachea's function, acting like tiny rings that help maintain its shape and allow it to expand and contract. The study investigates how these taenidia form and are organized, particularly their relationship with actin bundles, which are structures made of a protein called actin. The researchers found that actin bundles appear before taenidia and guide their formation. Mutations in genes that affect actin bundle formation also disrupt taenidia, showing that actin bundles are crucial for proper taenidia development. The study also looked at the role of a protein called Kkv, which co-localizes with actin bundles and is necessary for taenidia to form correctly. Overall, the findings highlight the importance of actin bundles and specific genes in the proper development and organization of taenidia in the fruit fly trachea. This research helps understand how complex structures form in living organisms and could have implications for studying similar processes in other animals, including humans."
elife-09214-v2,"The study focused on understanding how transcription read-through, a process where the machinery that reads genes continues past the usual stopping point, affects clear cell renal cell carcinoma (ccRCC), a type of kidney cancer. This matters because transcription read-through can lead to the creation of abnormal RNA molecules and affect the expression of nearby genes, potentially contributing to cancer development and progression. The researchers analyzed RNA sequencing data from 50 pairs of tumor and normal kidney tissue samples. They found that all tumor samples showed signs of transcription read-through, with many genes having increased read counts beyond their normal stopping points. This was particularly notable in samples with mutations in the SETD2 gene, which is frequently mutated in ccRCC. The study also showed that transcription read-through can interfere with the expression of neighboring genes and create hybrid RNA molecules called chimeras. These findings suggest that transcription read-through is a significant factor in the diversity of the cancer genome and could be a target for new treatments. The results highlight the importance of understanding how gene regulation goes awry in cancer, offering new insights into the molecular mechanisms driving ccRCC."
elife-18816-v1,"The research investigates how the brain's visual system develops in young rats. Specifically, it looks at the interactions between the lateral geniculate nucleus (LGN) in the thalamus and the primary visual cortex (VC) during early life. The study found that during the first two weeks after birth, the VC plays a crucial role in shaping the activity patterns in the LGN. Initially, the VC acts as an amplifier, boosting the signals from the retina. Later, it helps create specific rhythmic patterns, known as spindle-burst oscillations, which are important for the brain's development. These oscillations are not present in the retina and are unique to this early stage of development. The researchers silenced different parts of the brain to understand their roles. They found that silencing the VC reduced the activity in the LGN, confirming that the VC is essential for generating these rhythmic patterns. As the rats grow older, the VC's role changes, and it starts to inhibit the LGN, similar to how it functions in adult brains. This study helps us understand how the brain's visual system matures and how different parts of the brain work together during development."
elife-01457-v1,"The study investigated how a specific self-peptide, gp250, influences the development of CD4+ T cells, which are crucial for the immune system. The researchers wanted to understand how this peptide affects the types of T cells that are selected and how this impacts the immune response. They used mice that were genetically modified to express only the gp250 peptide. They found that gp250 significantly increased the number of CD4+ T cells that recognize a specific antigen called MCC. This was due to gp250 favoring the selection of certain T cell receptors, particularly those with Vα11 and Vβ3 components. The study showed that even with a single peptide, a diverse range of T cells can be selected, but the selection is skewed towards those that recognize MCC. This finding is important because it helps us understand how the immune system develops and responds to different antigens, which could lead to better strategies for vaccines and treatments for immune-related diseases."
elife-55692-v1,"The research paper investigates how a drug called bedaquiline (BDQ) affects human immune cells called macrophages, which play a crucial role in fighting infections like tuberculosis (TB). The study found that BDQ not only kills TB bacteria directly but also changes how macrophages function, making them better at fighting infections. Specifically, BDQ increases the number of acidic compartments within macrophages, which are important for breaking down and killing bacteria. This effect is due to BDQ activating a process called autophagy, where the cell digests and removes harmful substances. The researchers also discovered that BDQ causes a protein called TFEB to move from the cytoplasm to the nucleus of the cell, leading to the increased production of genes involved in this cleaning process. Importantly, this enhanced bacterial killing is not limited to TB; BDQ also helps macrophages fight other bacteria like Staphylococcus aureus. This research highlights the potential of BDQ to boost the immune system's ability to combat infections, offering new insights into how we might improve treatments for diseases like TB."
elife-07247-v2,"The research paper investigates whether genetic recombination, the process where genetic material is exchanged between different DNA molecules, occurs in the mitochondria of animals. This is important because it has been debated whether such recombination happens in animal mitochondria, with some evidence suggesting it does not. The study uses fruit flies (Drosophila) to test for recombination under various conditions. The researchers created fruit fly lines with different mitochondrial genomes and applied selective pressures to encourage recombination. They found that under certain conditions, recombination did occur, producing new mitochondrial genomes that combined parts of the original genomes. This finding is significant because it shows that mitochondrial recombination can happen in animals, which could have implications for understanding genetic diversity and inheritance. The study also demonstrates a method to manipulate mitochondrial genomes for further research."
elife-36688-v3,"The researchers wanted to see if they could program macrophages, a type of immune cell, to target and engulf specific cells, like cancer cells. They did this by creating a special receptor called CAR-P, inspired by a design used in CAR-T cell therapy. They found that macrophages with CAR-P could indeed engulf beads coated with a specific target molecule, CD19, but not beads with a different molecule, CD22. This showed that the CAR-P strategy works and is specific to the target. They also found that these macrophages could engulf pieces of cancer cells and, in some cases, whole cancer cells. When they blocked a signal that usually prevents macrophages from eating cells, the macrophages ate even more cancer cells. This suggests that CAR-P macrophages could potentially be used to target and destroy cancer cells. The study shows that programming macrophages with CAR-P is a promising approach for developing new cancer therapies."
elife-31200-v2,"The research explored how well people can use their sense of touch to determine the orientation of an edge on a dial and then rotate the dial to a specific target position. Previous studies had shown that people are not very good at this task, especially with short edges. However, this study found that participants could align the dial to within 3 degrees of the target for edges that span the entire fingertip and within 11 degrees for a 2 mm edge. This performance was much better than what was previously reported. The study also found that participants could quickly gather and process the necessary tactile information, starting the rotation within about 200 milliseconds of touching the edge. The researchers compared this tactile task with a visual version, where participants could see the dial's initial orientation before touching it. The visual task resulted in slightly better alignment and faster reaction times, but the tactile task was still remarkably accurate. The findings suggest that the human sense of touch is more sensitive and precise than previously thought, especially in tasks that involve active manipulation. This has implications for understanding how we interact with our environment and could inform the design of tactile interfaces and prosthetics."
elife-02798-v1,"The study investigated how visual stimulation during movement affects the recovery of visual responses in mice after one eye has been deprived of vision for a long time. The researchers used specific visual stimuli that activate most cells in the primary visual cortex. They found that mice that experienced these visual stimuli while running showed a significant improvement in the responses of the deprived eye within just seven days. This improvement was much faster than in mice that did not experience the visual stimulation during running. The study also showed that the type of visual stimulus presented during running influenced which visual responses recovered the most. For example, mice that saw moving bars while running had better recovery for bar-like stimuli, while those that saw contrast-modulated noise had better recovery for noise-like stimuli. This research suggests that combining visual stimulation with physical activity can enhance the recovery of visual functions after periods of deprivation, and the specific type of visual input can guide which functions recover best. This has implications for developing therapies for conditions like amblyopia, where one eye has reduced vision due to lack of use during early development."
elife-15598-v3,"The research paper investigates how the protein SecA, which helps move other proteins across cell membranes, interacts with the SecYEG complex. The study focuses on how different states of SecA, influenced by the presence of ATP or ADP, affect the opening and closing of the SecYEG channel. The researchers used advanced techniques like molecular dynamics simulations and single-molecule FRET (Förster Resonance Energy Transfer) to observe these interactions in detail. They found that SecA exists in three main states: closed, partially open, and fully open. The presence of ATP tends to keep the channel open, allowing proteins to pass through, while ADP keeps it closed. The study also revealed a two-way communication between SecA and SecYEG, where the state of SecA influences the channel's opening and vice versa. This communication is crucial for the efficient movement of proteins across the membrane. The findings suggest that the SecA protein acts like a gatekeeper, regulating the passage of proteins based on its interaction with ATP and ADP. This understanding could help in developing treatments for diseases related to protein misfolding or transport issues."
elife-11407-v3,"The research paper explores the function of a protein called MgtA, which is responsible for transporting magnesium ions (Mg2+) into the cytoplasm of bacterial cells when magnesium is scarce. The study found that MgtA's activity is highly sensitive to the concentration of free magnesium ions. At very low concentrations, MgtA becomes active, but its activity decreases rapidly when magnesium levels rise above a certain threshold, around 1 mM. This sensitivity suggests that MgtA has multiple magnesium-binding sites, allowing it to finely tune its activity based on the available magnesium. The researchers also discovered that MgtA is activated by specific types of lipids, particularly anionic phospholipids like cardiolipin (CL). This interaction is crucial for MgtA's function. The findings highlight MgtA's unique sensitivity to magnesium levels, which is more pronounced than in other similar proteins. This understanding is important for grasping how bacteria regulate their internal magnesium levels, which is vital for their survival and function."
elife-37349-v1,"The study investigates how neurons in the brain connect and communicate with each other, focusing on excitatory neurons in the cortex of mice and humans. The researchers wanted to understand the strength and reliability of these connections, which are crucial for brain function. They recorded electrical signals from neurons in brain slices and found that most connections were weak, with signals less than 0.5 millivolts. They also discovered that human brain connections were stronger and more frequent than those in mice. The study highlights the importance of experimental conditions, such as the concentration of calcium in the recording solution, in measuring these connections accurately. Additionally, they found that some connections showed short-term changes in strength, which could affect how information is processed in the brain. The findings suggest that understanding these connections is vital for comprehending how the brain works and could have implications for treating neurological disorders."
elife-57127-v2,"The research paper investigates how a specific protein, SMG1, interacts with and phosphorylates another protein, UPF1. Phosphorylation is a process where a small molecule is added to a protein to change its activity. The study focuses on understanding the molecular details of this interaction, which is crucial for processes like RNA surveillance, where cells monitor and degrade faulty RNA molecules.

The researchers used advanced techniques like cryo-electron microscopy and mass spectrometry to study the structure and function of the SMG1 complex when it binds to a specific part of UPF1. They found that SMG1 recognizes and phosphorylates UPF1 at specific sites, particularly where there is a sequence of amino acids that includes a serine followed by a glutamine (SQ motif). The study revealed that the structure of SMG1 has specific regions that bind to these SQ motifs, ensuring that phosphorylation occurs at the correct sites.

The findings are significant because they provide detailed insights into how SMG1 and similar proteins function. This knowledge can help in understanding various biological processes and potentially in developing treatments for diseases where these proteins play a role, such as certain genetic disorders or cancers. The research highlights the importance of precise molecular interactions in biological systems and how understanding these interactions can lead to advancements in medical science."
elife-53895-v3,"The research paper investigates the role of specific signaling molecules, called R-spondins, in the development of kidney cells. During kidney development, certain cells called nephron progenitor cells (NPCs) need to receive signals to multiply and differentiate into various kidney structures. The study found that R-spondin 1 and 3 are crucial for this process. These molecules help activate a pathway involving β-catenin, which is essential for NPCs to survive and form new kidney structures. The researchers showed that deleting R-spondin 1 and 3 leads to a significant loss of NPCs and prevents them from differentiating properly. Interestingly, R-spondin 3 is produced by both NPCs and nearby stromal cells, and its expression shifts from NPCs to stromal cells as development progresses. The study also found that stromal-derived R-spondin 3 is important for maintaining NPCs at later stages of kidney development. Additionally, the researchers explored the role of Lgr receptors, which are known to interact with R-spondins. They discovered that Lgr4, but not Lgr5 or Lgr6, plays a significant role in R-spondin signaling within NPCs. Overall, the findings highlight the importance of R-spondins and their receptors in kidney development and provide insights into how these molecules coordinate the formation of kidney structures."
elife-10719-v1,"The research paper explores how long-term memory (LTM) is formed and retrieved in the brains of fruit flies. The study focuses on the interactions between different types of neurons in the mushroom body, a key brain region for memory. Specifically, it looks at how feedback from one type of neuron, MBON-α1, affects another type, PAM-α1, which is involved in delivering reward signals. The researchers found that blocking MBON-α1 during learning impairs the formation of LTM but not short-term memory (STM). Similarly, blocking PAM-α1 or the α/β Kenyon cells (KCs), which are involved in processing sensory information, also impairs LTM. The study suggests that MBON-α1 provides excitatory feedback to PAM-α1 through a specific type of receptor, helping to prolong the release of dopamine, a neurotransmitter associated with reward. This feedback loop is crucial for the formation and retrieval of LTM. The findings highlight the complex interplay between different neuronal circuits in memory formation and retrieval, providing insights into how the brain processes and stores information over the long term."
elife-57180-v1,"The research focuses on a protein called Hsp90, which helps other proteins fold correctly. Hsp90 can switch between open and closed shapes, even without energy. The study looked at how different factors—like a specific mutation, a helper protein called Aha1, and a crowded environment—affect Hsp90's shape and activity. All three factors increased the time Hsp90 spends in its closed shape and boosted its activity. However, they did so in different ways. The mutation and crowded environment mainly made Hsp90 stiffer, reducing its flexibility. Aha1, on the other hand, had specific interactions that greatly increased Hsp90's activity beyond just changing its shape. This shows that while Hsp90's flexibility helps it interact with many partners, too much flexibility can reduce its effectiveness. The findings suggest that anything making Hsp90 more compact can enhance its function, even if it's not a specific interaction. This could have implications for understanding how Hsp90 works in cells and for developing treatments targeting this protein."
elife-03635-v2,"The research paper investigates how genes respond to changes in the environment, specifically when yeast cells switch from using glucose to galactose as a food source. The study found that for most genes, the changes in the amount of RNA produced reflect changes in the rate of transcription rather than the stability of the RNA. This includes both coding and non-coding RNAs. The researchers focused on a pair of genes, HMS2 and BAT2, which are located next to each other and have an antisense RNA, SUT650, that overlaps with HMS2. They discovered that the expression of HMS2 and SUT650 is temporally separated, meaning they are not active at the same time. The study also showed that the transcription of HMS2 can interfere with the transcription of BAT2, but the presence of SUT650 can prevent this interference. This suggests that SUT650 plays a role in regulating the expression of BAT2. The researchers also found that the transcription of HMS2 and SUT650 is controlled by specific promoters and terminators, and that mutations in these regions can affect the expression of these genes. Overall, the study provides insights into how genes are regulated in response to environmental changes and how antisense RNAs can play a role in this regulation."
elife-01524-v1,"The research paper investigates the role of a protein called synaptotagmin 7 (syt 7) in the brain's communication system, specifically in how nerve cells (neurons) send signals to each other. The main question is whether syt 7 acts as a sensor for calcium, a crucial element in the process of signal transmission between neurons. Previous studies had conflicting results, so the researchers aimed to clarify syt 7's function. They used genetically modified mice that lacked syt 7 and compared their neuronal activity to normal mice. The study found that without syt 7, neurons showed faster fatigue during repeated signaling, indicating a problem with replenishing the tiny bubbles (vesicles) that store and release signaling chemicals. This fatigue was not due to issues with the initial signaling process or the size of the vesicle pool but rather with how quickly new vesicles could be prepared for use. The researchers also showed that a version of syt 7 that couldn't bind calcium couldn't fix the fatigue problem, suggesting that syt 7's role in vesicle replenishment depends on its ability to sense calcium. Overall, the findings highlight syt 7's importance in maintaining efficient communication between neurons, particularly during sustained activity. This understanding could be crucial for developing treatments for neurological disorders where synaptic communication is impaired."
elife-61816-v2,"The research explores how leaf-cutting ants and their fungal partners break down plant material. Leaf-cutting ants are known for their ability to farm fungi, using them to digest plant material they collect. The study builds on earlier work that showed enzymes from the fungi help in this process. The researchers wanted to understand if a specific chemical reaction, called the Fenton reaction, is involved. This reaction produces highly reactive molecules that can break down tough plant materials. The study found that the ants and fungi work together to control this reaction, using it to break down plant material without harming themselves. They do this by creating small pellets where the reaction happens, away from their living tissues. The findings help explain how these ants can efficiently digest plant material, making them successful pests. The research also suggests that different species of leaf-cutting ants might use slightly different methods to achieve the same goal. This study provides new insights into the complex relationship between ants and their fungal partners, showing how they collaborate to overcome the challenges of digesting plant material."
elife-26414-v2,"The research paper discusses a new method called SynEM for detecting synapses in the brain using 3D electron microscopy (EM) data. Synapses are crucial for brain function as they allow neurons to communicate. Detecting synapses accurately is important for understanding how the brain works, but it's a time-consuming process. The SynEM method speeds up this process by about eight times compared to traditional methods. It works by classifying interfaces between neuronal processes as either synaptic or non-synaptic. The method was tested on data from the mouse cortex and showed high accuracy, with precision and recall rates up to 97%. This means it can correctly identify synapses and their partners most of the time. The SynEM method is significant because it allows for fully automated synapse detection in large-scale brain datasets, making it easier and faster to study brain connectivity. This could lead to better understanding of brain disorders and developing new treatments."
elife-01623-v1,"The research paper explores how certain proteins, called Rab GTPases, are activated and deactivated in cells. These proteins are crucial for moving materials within cells, a process known as intracellular transport. The study focuses on a specific part of these proteins, called the switch II region, and how it interacts with other proteins to control the Rab GTPases' activity. The researchers found that a particular amino acid, glutamine, in the switch II region plays a key role in both activating and deactivating Rab GTPases. However, this role varies depending on the specific Rab GTPase and the proteins it interacts with. For some Rab GTPases, mutating this glutamine can prevent them from being activated or deactivated properly, which affects their function in the cell. This discovery is important because it challenges previous assumptions about how these proteins work and suggests that studies using mutant versions of Rab GTPases may need to be re-evaluated. The findings highlight the complexity of intracellular transport and the need for a more nuanced understanding of how these proteins are regulated."
elife-11346-v2,"The study investigates how specific neurons in the brain of fruit flies influence aggressive and courtship behaviors. Researchers focused on a small group of neurons called P1 neurons, which are known to play a role in both aggression and courtship displays like wing extension. They used genetic tools to activate these neurons and observe the resulting behaviors. The findings show that activating P1 neurons can increase both aggression and wing extension in male flies. Interestingly, the study found that these behaviors can be separated; activating a smaller subset of P1 neurons increased aggression without increasing wing extension. This suggests that different thresholds of neuronal activity might control these two behaviors. The researchers also used optogenetic tools to control the activity of P1 neurons more precisely, showing that higher frequencies of activation suppressed aggression but promoted wing extension. Overall, the study provides insights into how the brain controls complex social behaviors in fruit flies, which can help us understand similar processes in other animals, including humans."
elife-49375-v2,"The study focused on understanding how a protein called TraR regulates the start of gene transcription in bacteria. This process is crucial because it controls which genes are expressed and when, affecting everything from bacterial growth to responses to environmental changes. Researchers used a technique called cryo-electron microscopy to observe the structures of different forms of the RNA polymerase enzyme, which is responsible for transcription. They looked at the enzyme alone, with TraR bound to it, and with TraR bound to a specific promoter region of DNA. The findings showed that TraR binds to a specific part of the RNA polymerase, altering its shape and function. This binding can either activate or inhibit transcription, depending on the context. For example, TraR can help the RNA polymerase to start transcription more efficiently by changing the shape of a key part of the enzyme, making it easier for the DNA to enter and start the process. Conversely, TraR can also block the enzyme from starting transcription by interfering with the positioning of the DNA. The study provides detailed insights into how TraR and similar proteins regulate gene expression, which is fundamental to understanding bacterial behavior and developing strategies to control bacterial infections."
elife-44235-v2,"The research explores how the environment inside tumors, specifically the tumor interstitial fluid (TIF), differs from the bloodstream in terms of nutrient levels. Tumors are known to have unique metabolic needs, but it's unclear how these needs are met within the tumor environment. The study measured various nutrients in the TIF of pancreatic cancer tumors in mice and compared them to nutrient levels in the blood. They found that the TIF has lower levels of some nutrients like glucose and certain amino acids, but higher levels of others, indicating that the tumor environment is distinct from the bloodstream. This suggests that tumors create their own metabolic microenvironments, which could influence how they grow and respond to treatments. The study also found that the composition of TIF can vary based on the type of tumor and its location in the body, highlighting the complexity of tumor metabolism. Understanding these differences is crucial for developing better cancer treatments that can effectively target the unique metabolic needs of tumors."
elife-60351-v1,"The research paper explores how alcohol exposure during pregnancy can interact with genetic mutations to cause a birth defect called holoprosencephaly (HPE). HPE is a condition where the brain and face do not develop properly. The study focuses on a gene called CDON, which plays a role in early development. Mice with a mutation in CDON are more susceptible to HPE when exposed to alcohol, especially during a critical window of development around day 7.5 of embryonic development. The researchers found that alcohol affects a signaling pathway called Nodal, which is crucial for early development. When CDON is mutated and alcohol is present, the Nodal pathway is disrupted, leading to HPE. The study also shows that other genes involved in the Nodal pathway can either worsen or improve the effects of alcohol on HPE in CDON-mutated mice. This research suggests that alcohol can interfere with important developmental processes, and understanding these interactions can help in preventing birth defects. The findings highlight the importance of avoiding alcohol during pregnancy, especially for women who may have genetic predispositions to developmental issues."
elife-22170-v2,"The study investigates the role of two genes, Otpa and Otpb, in the development and function of oxytocin (OXT) neurons in zebrafish. Oxytocin is a hormone linked to social behavior and stress response. The researchers found that zebrafish lacking Otpa showed unusual behaviors, such as freezing and staying in the center of an open space, indicating increased stress or anxiety. Interestingly, these fish also had a new cluster of OXT neurons in a brain region called the posterior tuberculum (PT), which is not typically seen in normal zebrafish. This cluster expressed oxytocin and the stress hormone CRH. The study suggests that Otpa and Otpb have different effects on OXT neurons in different brain regions. Otpa seems to suppress OXT expression in the PT, while Otpb promotes it. When the PT OXT neurons were removed, the zebrafish showed reduced social behavior, highlighting the importance of these neurons in social interactions. The findings provide insights into how specific genes and brain regions contribute to social behavior and stress response, which could have implications for understanding similar processes in humans."
elife-00792-v1,"The research paper investigates the structure and flexibility of a bacterial injection system called the injectisome, which is used by certain bacteria to inject toxins into host cells. The study focuses on the bacterium Yersinia enterocolitica and aims to understand how the injectisome's components fit together and how flexible they are. The researchers used advanced imaging techniques, such as cryo-electron tomography (cryo-ET), X-ray crystallography, and molecular dynamics simulations, to create detailed models of the injectisome's structure. They found that the injectisome's basal body, which anchors it to the bacterial cell membrane, is more flexible than previously thought. This flexibility is mainly due to a hinge-like region in one of the injectisome's proteins, YscD. The study also suggests that another protein, YscC, contributes to the overall length and flexibility of the injectisome. The findings provide new insights into how the injectisome works and could help in developing strategies to disrupt its function, potentially reducing the bacteria's ability to cause disease."
elife-32963-v1,"The research paper explores how certain proteins, called transcription factors (TFs), can bind to multiple different DNA sequences with high affinity. This is surprising because TFs are usually thought to have a specific sequence they bind to. The study focuses on four TFs: HOXB13, CDX2, BARHL2, and MYF5, which can bind to two distinct DNA sequences with similar strength. The researchers found that these TFs use different strategies to bind to these sequences. For one sequence, the binding is driven by enthalpy, which is related to the strength of the interactions. For the other sequence, the binding is driven by entropy, which is related to the disorder or randomness of the system. This means that the TFs can adapt to different DNA sequences by changing how they interact with water molecules at the binding interface. The findings suggest that this ability to bind to multiple sequences could be more common than previously thought and might have important implications for how genes are regulated. This research challenges the traditional view that TFs have a single specific DNA sequence they bind to and highlights the complexity of TF-DNA interactions."
elife-06619-v1,"The research paper explores how the brain processes sensory information, specifically focusing on the activity of neurons in the barrel cortex of mice during active touch. The barrel cortex is a region of the brain that processes sensory information from the whiskers. The study aims to understand how neurons in this area respond to touch and whisker movements, and how this information can be decoded to understand sensory experiences.

The researchers found that the timing of neuron spikes is closely linked to the phase of rhythmic whisker movements. This means that the brain can predict when a neuron will fire based on the movement of the whiskers. Additionally, the study showed that a small number of neurons can accurately detect and decode touch events with high precision. This suggests that the brain uses the timing of neuron spikes to process sensory information more precisely than previously thought.

The findings have important implications for understanding how the brain processes sensory information and could lead to new insights into how sensory experiences are encoded in the brain. This research challenges the traditional view that only the average activity of many neurons is important for sensory processing, highlighting the significance of precisely timed spikes in individual neurons."
elife-05334-v2,"The research explores how bacteria can become resistant to the antibiotic vancomycin. The study focuses on a specific mutation in a gene called waaL, which makes bacteria more resistant to vancomycin. This mutation leads to the creation of a new form of lipopolysaccharide (LPS), a molecule found on the surface of bacteria. The new LPS form, called LPS*, has additional sugars and peptide fragments attached to it, which can bind to vancomycin. This binding effectively traps the antibiotic outside the bacterial cell, preventing it from reaching its target inside the cell. The researchers found that this mechanism works by increasing the number of binding sites for vancomycin on the bacterial surface, thereby reducing the antibiotic's effectiveness. This discovery highlights a new way bacteria can develop resistance to antibiotics, which is crucial for understanding and combating antibiotic resistance."
elife-04207-v1,"The study investigates how the protein FOXL2 influences gene activity in ovarian cells, particularly focusing on its interaction with estrogen receptors (ESR1 and ESR2) and other nuclear receptors. The researchers wanted to understand how FOXL2 affects the expression of various genes and whether it works directly or indirectly. They used cultured ovarian cells and knocked down (reduced the activity of) FOXL2 and other genes to observe changes in gene expression. The findings showed that FOXL2 activates many genes and represses others. Interestingly, when FOXL2 is absent, the activity of estrogen receptors ESR2 and AR is significantly reduced, but another receptor, NR5A1, remains largely unaffected. The study also found that FOXL2 often binds within the gene regions (introns) rather than at the start of genes, suggesting it might regulate genes through these internal sites. Additionally, FOXL2 and ESR2 together repress the gene SOX9, which is important for male development, indicating their role in maintaining female characteristics in ovarian cells. This research helps to understand the complex interactions between FOXL2 and other proteins in regulating gene activity, which is crucial for ovarian function and female reproductive health."
elife-03868-v2,"The research explores how specific brain cells in fruit flies (Drosophila) influence sleep. Scientists focused on two types of neurons: DPM neurons and MB α’/β’ neurons. They found that activating DPM neurons increases sleep, while inhibiting them decreases sleep. This suggests that DPM neurons play a crucial role in promoting sleep. The study also showed that DPM neurons release chemicals like GABA and serotonin, which inhibit MB α’/β’ neurons, leading to sleep. When these chemicals are reduced, the flies sleep less. The findings highlight the importance of these neurons and their interactions in regulating sleep, providing insights into how sleep is controlled in the brain. This research could help in understanding sleep disorders and developing new treatments."
elife-10935-v2,"The research focuses on finding ways to prevent a type of protein misfolding that leads to a disease called systemic AL amyloidosis. This disease occurs when certain proteins, called variable light chains (VLs), form harmful clumps called amyloid fibrils. The researchers studied a specific VL called Mcg and found that it exists in two forms: as a pair (dimer) or as a single unit (monomer). The monomer form is more likely to form amyloid fibrils. The goal was to find molecules (ligands) that can bind to the VL dimer, stabilizing it and preventing it from breaking apart into monomers, which would reduce the formation of amyloid fibrils.

The researchers tested 27 different ligands and found that methylene blue and sulfasalazine were the most effective at preventing amyloid fibril formation. They used various techniques to understand how these ligands bind to the VL dimer. Methylene blue binds to one specific site on the dimer, while sulfasalazine binds to multiple sites. Both ligands stabilize the dimer form, reducing the amount of monomer available to form amyloid fibrils.

This research suggests that using ligands to stabilize VL dimers could be a promising strategy for treating systemic AL amyloidosis. By preventing the formation of harmful amyloid fibrils, these ligands might help mitigate the progression of the disease."
elife-40578-v2,"The research explored how muscle fatigue affects the learning of new motor skills. This is important because understanding this relationship can help improve training methods and rehabilitation strategies. The study involved several experiments with healthy participants learning a sequential pinch force task. In the first experiment, participants who were fatigued on the first day showed impaired skill learning on both days, even when they were not fatigued on the second day. Some participants needed extra days of training to catch up to the performance of non-fatigued participants. The second experiment showed that fatigue affected skill learning in both the fatigued and the untrained, unfatigued hand, suggesting a central rather than peripheral effect. The third experiment used a technique called repetitive transcranial magnetic stimulation (rTMS) to disrupt brain activity in the motor cortex, which partly alleviated the negative effects of fatigue on skill learning. The fourth experiment found that muscle fatigue did not affect the learning of a cognitive task that required minimal force control. Overall, the findings indicate that muscle fatigue can have long-lasting detrimental effects on motor skill learning, particularly for tasks that require precise force control. This research highlights the importance of considering fatigue in training and rehabilitation programs to optimize learning outcomes."
elife-04660-v2,"The research focused on understanding the different types of neurons in the dorsal root ganglia (DRG), which are clusters of nerve cells that transmit sensory information from the body to the spinal cord. The study used special mice to identify and separate three main groups of sensory neurons: those that bind a substance called IB4, those that do not bind IB4 but are labeled by a specific gene marker, and those labeled by another gene marker. The researchers then analyzed the genetic makeup of these neuron groups to see how they differ. They found that each group has unique genetic signatures, indicating that they have different functions in sensing touch, pain, and other sensations. For example, some genes related to pain sensation were more active in the IB4-binding neurons, while genes related to proprioception (sensing the position and movement of the body) were more active in the neurons labeled by the second gene marker. This research helps to map out the complex landscape of sensory neurons, which is crucial for understanding how we perceive the world through touch, pain, and other senses. The findings could lead to better treatments for conditions related to sensory processing, such as chronic pain or sensory disorders."
elife-19274-v1,"The research explores how molecules behave in a crowded cellular environment compared to a dilute solution. The study is important because cells are densely packed with molecules, and understanding how this crowding affects molecular behavior can help explain biological processes. The researchers used computer simulations to compare the movement and interactions of molecules in a crowded cellular environment (MGm1) with those in a dilute solution. They found that molecules move more slowly and interact more frequently in the crowded environment. Specifically, they observed that the diffusion of large molecules (macromolecules) and small molecules (metabolites) decreases with increasing molecular weight, but the effect is more pronounced for metabolites due to their interactions with macromolecules. The study also showed that the crowded environment can bring different parts of a molecule closer together, which might affect its function. Overall, the findings highlight the significant impact of molecular crowding on the behavior and interactions of molecules within cells, providing insights into how cells manage their complex internal environment."
elife-30872-v2,"The research explores how a specific protein complex changes its shape and function when activated by calcium. The complex involves three main components: AKAP79, PP2B, and CaM. In its inactive state, the complex is loosely structured and spread out. However, when calcium is introduced, the complex becomes more compact and globular, allowing it to function more efficiently. The study used various techniques, including electron microscopy and protein interaction assays, to map out the changes in the complex's structure and identify key interaction sites. They found that a specific region of AKAP79, known as the LKIP motif, plays a crucial role in stabilizing the active form of the complex. This motif interacts with PP2B in a way that enhances the phosphatase's activity. The findings suggest that the LKIP motif sets the stage for the complex's functional changes upon activation, providing insights into how protein complexes regulate cellular processes in response to calcium signals. This research is important because it sheds light on the molecular mechanisms underlying signal transduction, which is essential for understanding various biological processes and diseases."
elife-51150-v2,"The research explores how a protein called myosin-1 (Myo1) and two calmodulin proteins (Cam1 and Cam2) work together during cell processes like endocytosis and cell growth. Myo1 has a specific site that can be modified by adding a phosphate group, which changes how it interacts with actin, a key component of the cell's structure. The study found that Cam1 binds strongly to one part of Myo1 but not another, and this binding is affected by calcium levels in the cell. When Myo1 is modified by phosphorylation, it changes the shape of Myo1, affecting how Cam1 binds but not how strongly it binds. The researchers used fluorescent tags to observe these proteins in living cells and found that Cam1 and Myo1 arrive together at sites of endocytosis but Cam1 leaves about 3 seconds before Myo1. A modified version of Myo1 (Myo1S742A) that cannot be phosphorylated showed different dynamics, with Cam1 and Myo1 leaving the site at the same time but earlier than in normal cells. The study also showed that Cam2 has different dynamics compared to Cam1 and Myo1, and its recruitment to endocytic sites is increased in the absence of Myo1. During cell division, the dynamics of these proteins change, with Myo1 and Cam1 foci lasting longer and endocytosis being reduced. The phosphorylation of Myo1 is crucial for the proper interaction with Cam2, affecting the dynamics of these proteins during cell division. Overall, the research highlights the importance of phosphorylation and calcium levels in regulating the interactions between Myo1, Cam1, and Cam2, which are essential for cell processes like endocytosis and growth."
elife-16691-v2,"The research explores how cells remember past experiences to respond more quickly to future events. Specifically, it looks at a gene called INO1 in yeast, which helps the cell produce inositol when needed. When the cell is starved of inositol, the INO1 gene becomes active, but when inositol is abundant, the gene is turned off. The study found that even after the gene is turned off, certain marks on the DNA (like H3K4me2) remain, helping the gene to reactivate more quickly if inositol is needed again. This ""memory"" of past activity is crucial for the cell's efficient response. The researchers identified several factors, including proteins like Sfl1, Set3, and components of the Mediator complex, that are essential for maintaining this memory. They showed that removing these factors disrupts the cell's ability to remember and quickly reactivate the INO1 gene. This research highlights the importance of epigenetic memory in cellular responses and could have implications for understanding similar processes in more complex organisms, including humans."
elife-00333-v1,"The research investigates how the influenza virus fuses with a host cell's membrane, a crucial step for the virus to infect the cell. The study focuses on the hemagglutinin (HA) protein on the virus's surface, which undergoes specific changes to facilitate fusion. The researchers found that the fusion process involves three to four HA trimers working together. These trimers independently change shape and insert their fusion peptides into the host cell's membrane, anchoring the virus. This anchoring, or ""arrest,"" is a necessary step before the membranes can merge, a process called hemifusion. The study also showed that the time it takes for these steps depends on the pH level, with lower pH speeds up the process. Different strains of the influenza virus have slightly different fusion kinetics, but the overall mechanism remains the same. The findings help understand how the influenza virus infects cells and could aid in developing better antiviral treatments. The research used advanced techniques to observe single virus particles, providing detailed insights into the fusion process."
elife-48051-v2,"The research paper explores the immune cell composition in multiple sclerosis (MS) lesions, focusing on different types of immune cells and their locations within these lesions. MS is a disease where the immune system attacks the protective covering of nerve fibers, leading to various symptoms. The study used a technique called Imaging Mass Cytometry (IMC) to analyze brain tissue samples from a patient with severe MS activity after stopping a medication called natalizumab (NTZ). IMC allows for the simultaneous visualization of many different markers on a single tissue section, providing a detailed map of immune cell types and their activities. The researchers found that different immune cells, such as T cells, B cells, microglia, and macrophages, are present in various stages of MS lesions. They observed that microglia and macrophages in active lesions show signs of activation and phagocytosis, while in inactive lesion cores, these cells reduce their activity. The study also noted the presence of both CD4+ and CD8+ T cells, with CD8+ T cells being more prevalent. B cells were found in lower numbers and were often located near blood vessels. The findings confirm previous studies using traditional methods and highlight the potential of IMC for detailed immune cell analysis in MS. This research helps in understanding the complex immune responses in MS, which could lead to better treatments and management strategies for the disease."
elife-13087-v1,"Researchers wanted to understand why certain regions of the genome are more prone to structural variations (SVs) in childhood acute lymphoblastic leukemia (ALL). They focused on areas called topologically associating domains (TADs), which are segments of the genome that interact with each other more frequently than with other regions. The study analyzed transcription activity in these TADs using data from leukemia patients and cell lines. They found that TADs with higher frequencies of SVs also had higher levels of transcription activity. This activity included features like convergent transcription (where two genes are transcribed towards each other) and RNA polymerase II stalling (where the enzyme that reads DNA to make RNA pauses). These features were often found near breakpoints, suggesting that active transcription might contribute to genetic instability in these regions. The researchers also noted that many of these active regions did not contain known genes but showed signs of non-coding RNA transcription, which might play a role in leukemia development. Overall, the study highlights the importance of transcription activity in understanding genetic changes in leukemia and suggests that targeting these active regions could be a potential strategy for treatment."
elife-18659-v1,"The research paper discusses the development and advantages of a new type of microscope lens called the Mesolens. The main issue addressed is the difficulty in achieving high-resolution images of large biological samples, such as mouse embryos, using traditional low-magnification lenses. These lenses have a low numerical aperture, which limits their ability to provide clear, detailed images, especially in thicker samples.

The Mesolens was designed to overcome these limitations by combining high magnification with a large numerical aperture. This allows for sub-cellular resolution across a large field of view, enabling detailed imaging of entire specimens. The researchers compared the Mesolens with standard low-magnification lenses and demonstrated its superior performance in terms of resolution and optical sectioning.

The findings show that the Mesolens can provide high-resolution images throughout the entire thickness of a sample, such as a 10-day-old mouse embryo. This capability is crucial for studying the intricate details of biological structures without the need for multiple, smaller images stitched together. The Mesolens represents a significant advancement in microscope technology, offering the potential to transform how scientists study large tissue specimens at the sub-cellular level."
elife-21137-v1,"The research explores how certain mutations in the FGFR2 kinase, a protein involved in cell signaling, affect its structure and activity. FGFR2 is crucial for normal cell function, and mutations in this protein can lead to diseases like cancer. The study used advanced techniques like crystallography and NMR to examine the effects of these mutations. The researchers found that some mutations stabilize the active conformation of the protein, making it more likely to be active even without the usual signals. This is important because it helps explain how these mutations can cause diseases. The findings suggest that understanding these structural changes could lead to better treatments for conditions caused by FGFR2 mutations. The study highlights the complexity of protein regulation and the potential for targeting specific mutations to develop more effective therapies."
elife-41266-v1,"The research paper explores how genes are turned on and off in the early development of fruit flies, focusing on a specific gene called ""hunchback"" (hb). The hb gene is crucial for setting up the front-to-back pattern in the fly embryo. The researchers wanted to understand how a protein called Bicoid (Bcd) helps activate the hb gene in a specific region of the embryo.

The traditional view is that Bcd binds to specific sites on the hb gene's DNA, and these bindings work together to turn on the gene sharply in a particular area. The researchers tested this idea by removing Bcd binding sites from the hb gene and observing the effects. They found that even when all known Bcd binding sites were removed, the hb gene still produced some expression, indicating that other factors or binding sites are involved.

The study also showed that the shape and position of the hb gene's activation pattern depend not just on Bcd but also on other proteins and DNA sequences. For example, adding specific DNA sequences around Bcd binding sites significantly increased the gene's activity. The researchers created a synthetic version of the hb gene's control region with only Bcd binding sites and found that it still produced a sharp activation pattern, but the position and steepness of this pattern could be influenced by other factors.

Overall, the research suggests that the activation of the hb gene is more complex than previously thought, involving multiple interactions and factors beyond just Bcd binding to specific sites. This complexity helps ensure that the gene is turned on precisely where and when it is needed during development."
elife-10113-v2,"The research paper explores how a specific mutation in tubulin, a protein that forms microtubules, affects the dynamics of these structures. Microtubules are essential for various cellular processes, including cell division and intracellular transport. The study focuses on a mutation called β:T238A in the β-tubulin subunit. This mutation makes microtubules more stable, reducing the frequency of catastrophic events where microtubules rapidly shrink. The researchers found that the mutation affects the conformation of tubulin, making it less likely to adopt a curved shape that is typically associated with microtubule disassembly. This results in slower shrinking rates and fewer catastrophic events. The findings suggest that the mutation weakens the coupling between the conformational changes and the nucleotide cycle in tubulin, which is crucial for microtubule dynamics. Understanding these mechanisms can provide insights into how microtubules are regulated and how disruptions in this process might contribute to diseases."
elife-59018-v1,"The research paper investigates how a specific antibody, called mAb 3D11, interacts with a protein called PbCSP, which is found on the surface of malaria parasites. The study aims to understand how this antibody can prevent malaria infection by binding to PbCSP. The researchers used various techniques to analyze the structure and binding properties of mAb 3D11 with PbCSP. They found that mAb 3D11 can bind to multiple parts of PbCSP simultaneously, forming a spiral-like structure. This binding is very strong and involves specific interactions between the antibody and the protein. The findings suggest that mAb 3D11 recognizes PbCSP in a way that is similar to how some of the most effective human antibodies recognize a related protein in another type of malaria parasite. This research is important because it provides insights into how antibodies can be designed to effectively neutralize malaria parasites, which could lead to better vaccines and treatments for malaria."
elife-03416-v2,"The study investigates how a treatment called peptide-induced tolerance (PIT) affects immune cells, specifically a type of T cell called Tg4 cells, in mice. The researchers wanted to understand if PIT could make these T cells less active, potentially reducing their ability to cause autoimmune diseases. They found that PIT increased the expression of a protein called PD-1 on Tg4 cells, which seemed to help in making these cells less active. When they blocked PD-1, the cells regained their ability to produce inflammatory signals. The study also showed that PIT did not convert these T cells into regulatory T cells, which are usually involved in controlling immune responses. Instead, PIT seemed to directly suppress the activity of the Tg4 cells through PD-1. This finding is important because it suggests that PD-1 could be a key target for developing new treatments for autoimmune diseases, where the immune system mistakenly attacks the body's own tissues. The researchers also noted that the effects of PIT were long-lasting, as the PD-1 expression and the suppressed state of the T cells persisted even when the cells were transferred to new hosts that had not received PIT. This indicates that PIT might have a durable impact on immune regulation."
elife-49826-v1,"The research focuses on understanding how moths detect the pheromones released by females to attract males. Female moths release specific chemical blends that males can sense from far away. Most moth families use a type of pheromone called type I, and scientists have identified many receptors in moths that detect these pheromones. However, the receptor for the major pheromone component in the Egyptian cotton leafworm moth (Spodoptera littoralis) was unknown. The researchers found a receptor called SlitOR5, which is highly expressed in male antennae but does not belong to the typical group of pheromone receptors. They confirmed that SlitOR5 detects the major pheromone component of S. littoralis. This discovery suggests that pheromone receptors in moths may have evolved multiple times independently. The findings also indicate that there might be a new group of pheromone receptors in moths, challenging the previous understanding of how these receptors evolved. This research helps in understanding the complex chemical communication in moths and could have implications for pest control, as disrupting pheromone communication can interfere with moth reproduction."
elife-73869-v1,"Researchers wanted to understand how raising aquatic animals like carp, crabs, and turtles alongside rice can benefit rice paddies. They conducted several experiments over four years to see how these animals affect rice yield, soil fertility, and the use of nutrients like nitrogen. They found that rice yields were significantly higher when grown with these animals compared to rice grown alone. The animals helped reduce weeds and improved the efficiency of nitrogen use, which is crucial for plant growth. Additionally, the soil's nitrogen content remained stable, indicating that the system is sustainable. The study suggests that integrating aquatic animals into rice paddies can increase food production, reduce the need for fertilizers and pesticides, and potentially boost farmers' income. However, it's important to manage these systems carefully to avoid negative environmental impacts, such as excess nitrogen in the soil. Overall, this approach could help make rice farming more sustainable and productive."
elife-00012-v1,"The research explores how neurons in the brain can change their responses to visual stimuli through a process called spike-timing-dependent plasticity (STDP). This process involves pairing a neuron's electrical activity with visual input to see if the neuron's response can be altered. The study found that by pairing a single electrical spike with a visual stimulus about 40 times, they could turn a neuron that didn't respond to the stimulus into one that did, or change how it responded. This change depended on the timing of the electrical spike relative to the visual stimulus. If the spike came before the stimulus, the neuron's response decreased; if it came after, the response increased. The study also showed that these changes were specific to the paired stimulus and could affect nearby stimuli as well. This research helps us understand how the brain adapts to sensory input and how neurons can learn to respond to specific stimuli. The findings suggest that STDP can be a powerful tool for modifying neural activity and could have implications for understanding learning and plasticity in the brain."
elife-03563-v2,"The research paper explores how telomerase, an enzyme crucial for maintaining the ends of chromosomes (telomeres), is recruited to telomeres. Telomerase is essential for cell longevity and preventing cellular aging. The study focuses on the interaction between telomerase and a protein complex called shelterin, specifically the TPP1 component. Previous work suggested that TPP1 helps bring telomerase to telomeres, but it was unclear whether this interaction was direct or mediated by another component. The researchers identified specific mutations in the TEN-domain of telomerase and the TEL-patch of TPP1 that affect their interaction. They found that certain mutations in telomerase (K78E and R132E) reduced its ability to localize to telomeres and elongate them, despite having normal enzymatic activity. Interestingly, a compensatory mutation in TPP1 (E215K) could rescue the defective telomerase, indicating a direct interaction between these two components. This direct interaction is crucial for telomerase to be recruited to telomeres and maintain their length, which is vital for cellular health and preventing diseases like cancer. The findings highlight the importance of this direct interaction in telomere maintenance and provide insights into how telomerase is regulated."
elife-03164-v1,"The study investigates how cells respond to heat stress, focusing on a protein called eEF1A1. When cells are exposed to high temperatures, they produce heat shock proteins (HSPs) like HSP70 to protect themselves. The researchers found that eEF1A1 plays a crucial role in this process. When eEF1A1 is reduced, cells produce less HSP70 mRNA, which means they make fewer HSP70 proteins. This reduction happens because eEF1A1 helps in the transcription of HSP70 mRNA and its export from the nucleus to the cytoplasm, where it can be translated into protein. Additionally, eEF1A1 helps stabilize HSP70 mRNA and aids in loading it onto ribosomes for translation. The findings highlight the importance of eEF1A1 in the cell's stress response, showing that it is essential for the proper production and stability of HSP70, which is vital for cell survival under heat stress."
elife-00324-v1,"The study investigated how reducing a specific protein, sFLT-1, in the eye affects the growth of new blood vessels in the retina and choroid, which are layers of the eye. This is important because uncontrolled blood vessel growth can lead to vision problems, such as age-related macular degeneration. The researchers used mice to test what happens when sFLT-1 is suppressed. They found that reducing sFLT-1 increased levels of another protein, VEGF-A, which promotes blood vessel growth. This led to the formation of new, unwanted blood vessels in the retina and choroid. The study showed that sFLT-1 normally helps keep these areas free of blood vessels, and when it is reduced, VEGF-A can cause harmful blood vessel growth. This finding is significant because it helps explain how certain eye diseases develop and suggests potential targets for new treatments. The researchers also confirmed that the effects were due to the reduction of sFLT-1 and not other factors, by using different methods to suppress sFLT-1 and observing consistent results."
elife-60474-v2,"This study looked into how certain DNA sequences, called transposable elements (TEs), behave in different yeast species and their hybrids. TEs are bits of DNA that can move around within a genome, creating copies of themselves. The researchers wanted to understand if these TEs become more active when different yeast species mate and produce hybrid offspring. They studied various yeast species, including some natural hybrids, and found that TEs did not become more active in the hybrids compared to their parent species. Instead, the number of TEs in the hybrids seemed to be inherited from their parents. The study also showed that the environment and the efficiency of natural selection did not significantly affect the number of TEs in these yeast species. Overall, the findings suggest that the activity of TEs in hybrids is not easily predicted by the genetic differences between the parent species. This research helps us understand how genomes evolve, especially when different species interbreed."
elife-65228-v2,"The study investigates how cocaine affects the brain's gene activity, particularly focusing on a gene called Egr2 in a region known as the ventrolateral striatum (VLS). The researchers wanted to understand how repeated cocaine use changes brain activity and behavior, specifically the desire to seek more cocaine. They found that Egr2 is strongly activated by cocaine in the VLS, and this activation is crucial for developing a preference for cocaine. By inhibiting the activity of Egr2-expressing neurons in the VLS, the researchers could reduce the mice's preference for cocaine. This suggests that Egr2 and the neurons it activates in the VLS play a significant role in the brain's response to cocaine and the development of cocaine-seeking behavior. The study highlights the importance of understanding specific gene activities and brain regions in addiction, which could lead to new treatments for substance abuse."
elife-12790-v2,"The research explores how a specific protein, GCC185, helps transport vesicles move to the Golgi apparatus, a key part of the cell responsible for packaging and shipping proteins. The study focuses on the N-terminal end of GCC185, which is crucial for its function. The researchers found that this end can bind to transport vesicles, confirming its role in tethering these vesicles to the Golgi. They also discovered that the N-terminal end of GCC185 is often splayed, or spread out, which might help it capture vesicles more effectively. The study suggests that GCC185 acts like a flexible tether, using its N-terminal end to grab vesicles and bring them close to the Golgi for proper delivery. This research helps us understand how cells manage the complex task of moving proteins around, which is essential for their survival and function. The findings also highlight the importance of the N-terminal end of GCC185 in this process, providing new insights into how this protein works."
elife-58949-v1,"The research explored how a protein called LCN2 changes in the blood after eating and how it relates to feelings of hunger. The study involved several groups of people with different body weights and also included experiments with monkeys. The main finding was that in people with normal weight, LCN2 levels in the blood increased after eating and this increase was linked to a decrease in hunger. However, in overweight or obese individuals, LCN2 levels often decreased after eating, and this decrease was not strongly linked to hunger levels. The researchers also found that giving LCN2 to monkeys reduced their food intake and body weight, suggesting that LCN2 might play a role in controlling appetite. These findings could be important for understanding how the body regulates hunger and for developing new treatments for obesity. The study highlights the need for more research to fully understand how LCN2 works and how it might be used to help people manage their weight."
elife-44558-v2,"The research explores how certain genes affect the internal clock, or circadian rhythm, in plants. The circadian clock helps plants regulate growth, development, and responses to environmental changes. The study focused on identifying genes that influence the clock's function, particularly those involved in protein degradation, known as E3 ubiquitin ligases. The researchers used a technique called the decoy library to introduce mutations in these genes and observe their effects on the plant's circadian rhythm. They found that many genes had minor effects on the clock's timing, while a few had more significant impacts. Notably, they identified several new genes, such as ACF1, ACF2, and PUB30, that play roles in regulating the clock's period and phase. The study also highlighted the importance of gene splicing in clock function, showing that mutations in genes like MAC3A and MAC3B affect the splicing of key clock genes, leading to changes in the circadian rhythm. Overall, the research provides new insights into the genetic mechanisms underlying the plant circadian clock and demonstrates the value of using reverse genetic strategies to uncover these mechanisms. This understanding can help in developing plants that are better adapted to changing environmental conditions, such as those caused by climate change."
elife-07178-v2,"The research explores the differences in early development between finch and chicken embryos, focusing on the stage at which they are laid and their potential for pluripotency, which is the ability of cells to develop into many different cell types. The study is important because it helps understand how different species develop and could aid in creating stem cells for medical research. The researchers compared finch and chicken embryos at the time they are laid, finding that finch embryos are at an earlier developmental stage, similar to mouse embryos from which stem cells can be easily derived. Finch embryos also showed higher expression of genes associated with pluripotency. When cultured, finch cells maintained these pluripotent markers, unlike chicken cells. This suggests that finch embryos at the time of laying are in a ""naive"" state, similar to mouse embryos, making them a promising source for deriving stem cells. The findings highlight the differences in early development between finch and chicken embryos and their potential for stem cell research."
elife-17978-v1,"[END]

Researchers studied how yeast cells can overcome a natural process called glucose repression, which prevents them from using certain sugars when glucose is present. They found that yeast cells can acquire a state called [GAR+], which allows them to use a wider range of carbohydrates, absorb nutrients better, and live longer. This [GAR+] state can be induced by lactic acid, a substance produced by many bacteria. The study showed that lactic acid can trigger the [GAR+] state in yeast, making them grow better on media that normally wouldn't support their growth. This induction is similar to how bacteria naturally induce this state in yeast. The researchers also found that the strength of the [GAR+] state depends on the concentration of lactic acid. Higher concentrations lead to a stronger [GAR+] state, which is more robust in overcoming glucose repression. This discovery is important because it shows how bacteria can influence yeast metabolism through chemical signals, which could have implications for understanding microbial interactions in various environments, including industrial and medical settings."
elife-40045-v2,"The research paper explores the differences between two similar proteins, DLL1 and DLL4, which are involved in activating Notch receptors, crucial for various developmental processes. Despite their similarities, these proteins have distinct roles in different biological contexts. The study aims to understand why DLL1 and DLL4 function differently, focusing on their extracellular domains. Researchers created mice with chimeric versions of these proteins, swapping parts between DLL1 and DLL4, to see how these changes affect their functions. They found that the extracellular domains of these proteins are key to their different functions during development, particularly in the formation of somites, which are segments of the body plan in embryos. The study also showed that DLL1 and DLL4 can distinguish between different Notch receptors, with DLL4 being more effective at activating Notch1 and DLL1 being better at activating Notch2. Surprisingly, swapping specific contact points between the proteins did not change their receptor preferences, suggesting that other parts of the proteins are responsible for their functional differences. This research highlights the complexity of how these proteins interact with Notch receptors and how small differences can lead to significant changes in biological outcomes. Understanding these differences is important for developing therapies that target Notch signaling, which is involved in various diseases, including cancer."
elife-38198-v2,"The research focuses on understanding how cells position their spindles during cell division, specifically in the worm C. elegans. The spindle is a structure that separates chromosomes into new cells. Proper spindle positioning is crucial for correct cell division and development. The study investigates a protein complex that includes Gα, GPR-1/2, and LIN-5, which helps position the spindle by generating pulling forces at the cell's edge. The researchers found that Gα and GPR-1/2 can be replaced with a light-activated membrane anchor, showing that Gα is not essential for generating these forces. Instead, LIN-5 is crucial for activating the motor protein dynein, which creates the necessary pulling forces. The study also shows that LIN-5 can activate dynein even in the absence of Gα and GPR-1/2, indicating that LIN-5 is the key player in this process. This finding is significant because it helps clarify the molecular mechanisms behind spindle positioning, which is fundamental for understanding cell division and development. The results suggest that LIN-5 acts as an essential adapter and activator of dynein, ensuring that the spindle is correctly positioned during cell division. This understanding could have broader implications for studying similar processes in other organisms, including humans."
elife-03145-v1,"The research paper investigates the structure and function of a protein called AcrB, which is part of a system that helps bacteria pump out harmful substances. The study focuses on how AcrB changes shape to perform its job, specifically looking at a part of the protein called the transmembrane (TM) domain. The researchers found that the TM domain cycles through three different shapes, and identified key parts of the protein that help it switch between these shapes. These parts include specific amino acids that can gain or lose protons (a type of charged particle), which helps drive the shape changes. The study also looked at how mutations in these key amino acids affect the protein's ability to change shape and function. The findings suggest that the protein's shape changes are tightly linked to its ability to pump out substances, and that understanding these changes could help in developing new ways to combat bacterial resistance to antibiotics."
elife-04437-v2,"The research investigates the role of the EGFR (Epidermal Growth Factor Receptor) pathway in follicle stem cells (FSCs) and their daughter cells, called prefollicle cells, in the ovaries of fruit flies. The study aims to understand how EGFR signaling affects cell polarity, which is crucial for the proper organization and function of cells. The researchers found that EGFR signaling is active in FSCs but is turned down in prefollicle cells as they move away from the stem cell niche. When EGFR signaling is disrupted in FSCs, the cells lose their polarity and exhibit severe morphological defects. However, prefollicle cells that have already moved away from the niche do not show these polarity defects even when EGFR signaling is disrupted. This suggests that EGFR signaling is essential for establishing cell polarity in FSCs but not for maintaining it in prefollicle cells. The study also found that constitutively active EGFR signaling in prefollicle cells prevents them from forming proper apical domains, indicating that the downregulation of EGFR signaling is necessary for the differentiation of prefollicle cells. Overall, the research highlights the critical role of EGFR signaling in the early stages of cell polarity establishment in FSCs and its subsequent downregulation for proper cell differentiation."
elife-38689-v2,"The research explores how certain channels in the walls of tiny blood vessels, called capillaries, are controlled. These channels, known as TRPV4, are important for allowing calcium to enter the cells. The study found that under normal conditions, these channels are mostly inactive because they are suppressed by a molecule called PIP2. However, when certain signals (like those from prostaglandin E2, or PGE2) activate the cells, PIP2 levels drop, allowing the TRPV4 channels to become active. This activation leads to changes in the electrical signals within the capillaries, which can affect blood flow. The findings suggest that controlling PIP2 levels could be a way to regulate blood flow in the brain, potentially helping to treat conditions like stroke or dementia. The research also highlights the complex interplay between different signaling pathways in the body, showing how small changes in molecular levels can have significant effects on physiological processes."
elife-15161-v1,"The research investigates how the protein MYC binds to DNA in cells, specifically looking at how this binding changes when MYC levels are increased. MYC is known to regulate many genes involved in cell growth and division, and its abnormal activity is linked to cancer. The study found that at normal levels, MYC binds strongly to a few hundred specific sites on DNA, particularly those with a sequence called an E-box. When MYC levels are increased, it binds to many more sites, including those that were weakly bound or not bound at all. This suggests that at high levels, MYC can saturate most of its binding sites on DNA. The researchers also found that the presence of another protein, WDR5, significantly increases MYC's ability to bind to these sites. Additionally, genes that are strongly regulated by MYC at normal levels tend to have high-affinity binding sites for MYC, while genes regulated at high MYC levels have lower-affinity sites. This study helps to understand how MYC functions in both normal and cancerous cells, and how its activity can be modulated."
elife-05166-v1,"The study investigates how different strains of the bacterium that causes tuberculosis (TB) spread and cause disease. TB strains are grouped into lineages, and previous research has shown mixed results on how these lineages affect disease spread and severity. Some lineages, like Lineage-2 (Beijing), are linked to increased drug resistance and spread in certain areas but not others. The study uses advanced genetic sequencing to track TB transmission over time in a high-prevalence area. They found that transmission of TB has decreased over time and that different lineages of the bacterium behave differently. For example, Lineage-1 forms smaller clusters and is less likely to cause recent infections, while Lineage-2 forms larger clusters and is more transmissible. However, despite its higher transmissibility, Lineage-2 did not increase in prevalence over the study period. The researchers also noted that HIV infection did not significantly affect the likelihood of recent TB infection or transmissibility. This research helps understand how different TB strains spread, which is crucial for developing targeted control strategies."
elife-22345-v2,"The research investigates how the Stella protein affects early embryo development in mice. Specifically, it looks at the transition from maternal to zygotic control, which is crucial for proper development. The study found that embryos lacking Stella fail to properly activate certain genes needed for this transition. These genes are involved in processes like ribosome and RNA processing. Additionally, the study discovered that Stella helps regulate certain repetitive DNA sequences called transposable elements (TEs), which are more active in the absence of Stella. This misregulation of TEs can disrupt the normal expression of nearby genes. The researchers also showed that reducing the activity of a specific type of TE, called MuERV-L, can hinder embryo development. Overall, the findings highlight the importance of Stella in controlling gene expression and TE activity during early embryo development, which is essential for successful progression to later stages."
elife-40039-v2,"A study investigated how a protein from a plant pathogen, PsAvh52, interacts with a plant protein, GmTAP1, to make plants more susceptible to infection. The researchers found that PsAvh52 can move GmTAP1 from the cytoplasm into the nucleus of plant cells. This relocation increases the acetylation of certain histones, which are proteins that package DNA. Higher histone acetylation levels make plants more vulnerable to infection by altering gene expression. The study showed that when GmTAP1 is in the nucleus, it promotes infection, but when it stays in the cytoplasm, it does not. This interaction is specific to GmTAP1 and does not occur with a similar protein, GmTAP2. The findings suggest that PsAvh52 uses GmTAP1 to modify the plant's DNA packaging, making it easier for the pathogen to infect the plant. This research highlights a new way that plant pathogens can manipulate their hosts to increase their chances of successful infection."
elife-22219-v1,"The research investigates how a protein called GNU (GIANT NUCLEI) is regulated during the maturation of egg cells (oocytes) in fruit flies. The study focuses on the role of CDK1, an enzyme that adds phosphate groups to proteins, in controlling GNU's activity. The researchers found that when CDK1 adds phosphate groups to GNU, it prevents GNU from activating another protein complex called PNG (PAN GU). This inhibition is crucial because it ensures that the PNG complex is ready but not active during the early stages of oocyte maturation. Once the egg is activated, CDK1's activity decreases, allowing GNU to be dephosphorylated (remove phosphate groups). This dephosphorylation enables GNU to activate the PNG complex, which is essential for the proper progression of meiosis (the process that reduces the number of chromosomes in the egg cell). The study also showed that a form of GNU that cannot be phosphorylated by CDK1 leads to premature activation of the PNG complex, highlighting the importance of this regulatory mechanism. Understanding these processes can provide insights into how cell division is controlled during early development."
elife-16843-v1,"The study investigates how fruit flies choose their food based on their nutritional needs and how this affects their lifespan. The researchers found that starved flies prefer protein-rich food over sugar-rich food, especially if they have been feeding a lot. This preference is not just about calories but about the type of nutrients needed. The study also shows that serotonin, a chemical in the brain, plays a crucial role in this food choice. When serotonin signaling is disrupted, flies lose their preference for protein, even when they are starved. Interestingly, flies with disrupted serotonin signaling live longer when they can choose their food, suggesting that the way they value and balance their nutrients affects their aging process. This research highlights the importance of nutrient balance in diet and how it can influence health and lifespan."
elife-00481-v1,"The research investigates the role of mast cells (MCs) in dengue virus (DENV) infections, focusing on how these cells contribute to vascular leakage, a severe symptom of dengue fever. MCs are versatile detectors of infection that respond to DENV both directly and indirectly. The study found that MCs promote vascular permeability, allowing immune cells and factors to reach infection sites. Using mouse models, researchers showed that DENV infection leads to MC activation and vascular changes. Mice lacking MCs did not exhibit increased vascular permeability, indicating that MCs are crucial for this process. Drugs that stabilize MCs or target their products reduced vascular leakage in infected mice. Human studies also showed elevated levels of MC products in dengue patients, correlating with disease severity. The findings suggest that targeting MCs could be a potential therapeutic strategy for managing severe dengue infections. This research highlights the significant role of MCs in dengue pathology and opens avenues for developing treatments to mitigate vascular complications associated with the disease."
elife-03528-v2,"The research paper investigates the translation of small open reading frames (smORFs) in Drosophila S2 cells. SmORFs are short sequences that can produce small peptides, but they are often overlooked because they are hard to detect with traditional methods. The study uses a technique called Poly-Ribo-Seq to identify actively translating smORFs. This method focuses on small polysomes, which are clusters of ribosomes that are more likely to be translating smORFs. The researchers found that many smORFs are indeed translated, including some that are located in non-coding regions of the genome. They identified 228 smORFs that are translated in S2 cells, which is nearly four times more than previously known. These smORFs are translated at similar levels to standard protein-coding genes. The study also suggests that some non-coding RNAs might actually contain smORFs that produce functional peptides. This research highlights the importance of smORFs in gene expression and opens up new avenues for understanding how small peptides contribute to cellular functions."
elife-14315-v2,"The research explores how blood flow in the brain changes in response to sensory stimuli and the activation of specific brain cells called inhibitory neurons (INs). Understanding this is crucial because proper blood flow is essential for brain function and health. The study used advanced techniques to stimulate INs and observe blood vessel responses in the brain's cortex. They found that stimulating INs can cause blood vessels to either widen (dilate) or narrow (constrict), similar to what happens during sensory stimulation. This effect depends on the type of INs activated. The researchers also discovered that the dilation starts deeper in the brain and that the constriction phase is specific to INs, not other types of neurons. These findings help us understand the complex relationship between brain activity and blood flow, which is important for studying brain diseases and developing new treatments."
elife-51581-v1,"The research explores how bones grow and develop in different animals, focusing on the process called endochondral ossification, where cartilage is replaced by bone. This process is crucial for the elongation of long bones, like those in limbs. In most animals, this happens through the formation of columns of hypertrophic cartilage cells that are then replaced by bone. However, in some animals like urodeles (a type of salamander), the process is different. Instead of columns, they form globular structures called globuli ossei, which create a light, reticular mesh rather than a dense, longitudinal network. The study also looks at fossil records to understand how this process evolved. They found that early tetrapods (four-legged animals) had a fan-like arrangement of trabeculae, indicating a columnar pattern of bone growth similar to modern amniotes (reptiles, birds, and mammals). In contrast, some early amphibians like Apateon showed a different pattern with globuli ossei, suggesting a slower bone growth process. The research concludes that the columnar pattern of bone growth is primitive and widespread among tetrapods, while the globuli ossei pattern is more restricted to certain amphibians. This understanding helps in reconstructing the evolutionary history of bone development in vertebrates."
elife-11835-v1,"The study investigates how proteins called SH2 domains interact with phosphorylated proteins in cells, particularly after stimulation with a growth factor called EGF. The researchers wanted to understand how quickly and efficiently these interactions happen, which is crucial for understanding cell signaling processes. They used various methods, including far-Western blots and live-cell imaging, to track the binding of SH2 domains to phosphorylated proteins over time. The key finding is that the creation of binding sites for SH2 domains is not as straightforward as previously thought. The clustering of phosphorylation sites on proteins significantly affects how quickly SH2 domains can bind. This clustering slows down the binding process, meaning that the actual recruitment of SH2 domains to the cell membrane lags behind the creation of binding sites. This discovery highlights the complexity of cell signaling and suggests that the dynamics of protein interactions are more nuanced than simple on-off switches. Understanding these dynamics can help in developing better therapies for diseases where cell signaling goes awry, such as cancer."
elife-12559-v2,"The research investigates how mice use their whiskers to navigate through environments, focusing on the role of the barrel cortex in the brain. The barrel cortex processes sensory information from the whiskers, and the study found that specific neurons in this region respond to the distance and direction of objects touched by the whiskers. When these neurons were artificially activated using light, the mice behaved as if they were navigating a corridor with walls, even when no walls were present. This suggests that the barrel cortex plays a crucial role in interpreting whisker sensations to guide movement. The study also showed that different layers of the barrel cortex have neurons that respond in various ways to the proximity of walls, providing a detailed map of how distance is encoded. This research helps understand how sensory information is processed and used for navigation, which could have implications for developing better sensory prosthetics or understanding sensory processing disorders."
elife-33125-v2,"The research paper discusses a method called Spot-On, which is designed to analyze the movement of individual molecules within living cells. This is important because understanding how molecules move can reveal insights into cellular processes, such as how proteins interact with DNA. The study focuses on correcting biases that arise when tracking fast-moving molecules within the 3D environment of a cell nucleus. These biases can lead to inaccurate conclusions if not properly addressed. The researchers developed Spot-On to overcome these issues by accounting for factors like motion blur and defocalization, which occur when molecules move out of the focus of the microscope. They tested Spot-On using simulated data and found that it accurately estimates the movement patterns of molecules, outperforming other methods. Additionally, they validated Spot-On with experimental data, showing that it can reliably infer molecular dynamics even under constant illumination. The study concludes that Spot-On provides a comprehensive, open-source framework for analyzing single-molecule tracking data, helping researchers to draw more accurate conclusions about molecular behavior within cells."
elife-45311-v2,"The research investigates how the protein SsrB in Salmonella bacteria responds to changes in acidity, particularly how it binds to DNA and activates gene transcription. SsrB is crucial for the bacteria's ability to survive and cause infection, especially within host cells where the environment is acidic. The study found that SsrB's binding to DNA increases significantly in acidic conditions, which enhances its ability to activate genes necessary for the bacteria's survival. This binding does not require phosphorylation, a common regulatory mechanism in proteins. The researchers used advanced imaging techniques to observe SsrB's behavior in live bacteria, showing that SsrB levels and DNA binding are higher in acidic environments. This increased binding helps Salmonella adapt to the acidic conditions it encounters inside host cells, making it more effective at causing infection. The findings highlight the importance of environmental factors like pH in regulating bacterial behavior and could inform the development of new strategies to combat bacterial infections."
elife-02996-v1,"The research paper investigates a specific modification of histone H3, a protein crucial for DNA packaging in cells. Histones can have various chemical tags, known as post-translational modifications (PTMs), that influence gene activity. The study focuses on H3K23me3, a particular tag found on histone H3 in the germline cells of Tetrahymena, a single-celled organism. The researchers discovered that H3K23me3 is highly enriched during early stages of meiosis, a process essential for sexual reproduction. This tag is linked to another modification, H3K27me3, and both are important for maintaining the structure of DNA in the germline. The study also found that without H3K23me3, meiotic processes are disrupted, leading to misplaced DNA breaks and reduced viability of offspring. This research highlights the importance of H3K23me3 in ensuring proper meiosis and genetic stability, with potential implications for understanding similar processes in more complex organisms, including humans."
elife-53072-v2,"The research explores how the lung's blood vessels, specifically endothelial cells (ECs), respond to injury from influenza. The study aims to understand how these cells help the lung regenerate after damage. Using advanced techniques to analyze individual cells, the researchers found that after influenza injury, a unique group of highly proliferative ECs emerges. These cells are related to a specific type of EC found in the lung's tiny air sacs, called microvascular endothelial cells (miECs), but they likely come from various EC populations. The study also identified a distinct population of ECs in the lung that has a unique genetic signature, suggesting they play a special role in lung function and repair. The researchers observed that after influenza injury, these Car4-high ECs and other ECs increase in number and change their gene expression, indicating they are actively involved in the regeneration process. The findings suggest that both Car4-high ECs and other ECs contribute to the lung's ability to repair itself after injury, but their roles may not be as straightforward as previously thought. This research provides new insights into how the lung heals and could lead to better treatments for lung injuries and diseases."
elife-70317-v1,"This research explored how larvae learn to associate certain stimuli with rewards, focusing on their response to carbon dioxide (CO2). The study found that larvae can learn to become indifferent to CO2 when it is paired with a reward, but this learning is all-or-none, meaning it happens suddenly rather than gradually. The researchers also discovered that repeated exposure to CO2 without a reward can erase the learned association. They tested different training methods, such as rewarding larvae before or after CO2 exposure, and found that the timing of the reward matters. The study showed that larvae can form a memory of the association that lasts overnight, but this memory can be easily reversed by subsequent exposure to unrewarded CO2. The findings suggest that learning in larvae is quite flexible and can be quickly modified by new experiences. This research helps us understand the basic mechanisms of learning and memory, which could have implications for studying similar processes in more complex organisms, including humans."
elife-25818-v1,"Drugs often have side effects that aren't discovered until after they hit the market. This is because clinical trials can't test every possible combination of drugs or account for every patient's unique health situation. The FDA's Adverse Event Reporting System (FAERS) collects reports of these side effects, but it has its own problems. For example, the same drug can have many different names, making it hard to track side effects accurately. Also, some side effects might be caused by the condition the drug is treating, not the drug itself. Researchers looked at FAERS data from 1997 to 2015 to find ways to improve how we detect and understand drug side effects. They found that by grouping different names for the same drug and considering the timing of reports, they could get a clearer picture of which drugs are linked to which side effects. This is important because it helps identify dangerous drugs faster and reduces the number of serious side effects that occur each year. The study also showed that the quality of reporting improved over time, likely due to better guidelines from the FDA. Overall, this research highlights the need for better tools to analyze FAERS data and improve patient safety."
elife-39856-v2,"The research paper explores the role of genetics in determining human lifespan. Scientists have long debated how much of our lifespan is influenced by our genes, with estimates ranging from 16% to 25%. To better understand this, researchers conducted a large-scale study using data from over a million individuals, focusing on the lifespans of parents. They identified 12 genetic variants that significantly affect lifespan, many of which are linked to diseases like heart disease, autoimmune disorders, and smoking-related illnesses. Interestingly, they found fewer associations with cancer, except when it also affects heart disease. The study also revealed that genetic factors influencing extreme longevity (living to a very old age) overlap significantly with those affecting overall lifespan, but not completely. This suggests that while some genetic factors influence both, there might be unique genetic factors specifically related to extreme longevity. The findings highlight the complex interplay between genetics and lifespan, indicating that while genetics play a role, environmental factors and lifestyle choices are also crucial. The research provides valuable insights into the genetic basis of human lifespan and could pave the way for future studies aimed at understanding and potentially extending healthy human life."
elife-20420-v1,"The research explores how bacteria can develop resistance to antibiotics, specifically focusing on a type of antibiotic called fluoroquinolones. The study is important because antibiotic resistance is a growing problem, making infections harder to treat. The researchers looked at how bacteria survive and adapt when exposed to low levels of these antibiotics. They found that some bacteria can develop mutations in their ribosomes, which are the structures that make proteins. These mutations allow the bacteria to survive longer under antibiotic stress, giving them more time to develop additional mutations that make them highly resistant to the antibiotics. The study also showed that these ribosomal mutations can make bacteria resistant to multiple antibiotics, not just fluoroquinolones. This means that the bacteria can become more resilient and harder to treat with different types of antibiotics. The findings suggest that even low levels of antibiotic resistance can help bacteria survive and evolve to become more resistant over time. This highlights the importance of using antibiotics carefully to prevent the development of resistant bacteria."
elife-18554-v1,"The research focused on improving brain-computer interfaces (BCIs) for people with physical disabilities, specifically those affecting movement. BCIs allow users to control computers or other devices using only their thoughts. The study aimed to enhance the speed and accuracy of typing using a BCI, which is crucial for communication and independence. Researchers conducted experiments with three participants who had severe motor impairments. They used an optimized keyboard layout to minimize the distance the cursor had to travel, making typing faster. The participants were asked to type responses to questions at their own pace, simulating a real conversation. The results showed significant improvements in typing speeds compared to previous studies. One participant, T6, achieved the highest typing rate ever recorded for someone with a physical disability using a BCI. The study also found that the participants preferred the BCI system over other assistive devices, highlighting its potential to improve quality of life. Overall, the research demonstrates that BCIs can be a practical and effective tool for communication, offering hope for greater independence for those with severe motor impairments."
elife-18295-v5,"The research explores the early development of blood cells in fruit flies, specifically focusing on the first instar larval stage. The main question is whether there are true blood stem cells (HSCs) in the early larval lymph gland, and if so, how they develop and are maintained. Previous studies had conflicting results, so the researchers used various genetic markers and techniques to track cell development. They found a small group of cells near the larval heart that expressed specific markers, including Notch, but not others typically found in blood progenitors. These cells were larger and divided asymmetrically, characteristics of stem cells. The researchers traced these cells over time and found that they gave rise to all types of blood cells in the lymph gland. They also identified that a signal called Dpp, released by the hematopoietic niche, is crucial for maintaining these stem cells. The findings suggest that these Notch-expressing cells are indeed the founding blood stem cells in the early larval lymph gland, and they are transient, existing only for about 20 hours before differentiating into other blood cell types. This research provides new insights into how blood cells develop and are maintained in fruit flies, which can help understand similar processes in other organisms, including humans."
elife-57595-v2,"The research paper explores how our eyes move in response to visual stimuli, specifically focusing on a phenomenon called ocular position drift. This drift is a small, transient movement of the eyes that occurs shortly after seeing a visual pattern. The study used monkeys as subjects and tracked their eye movements using precise techniques. The researchers found that this drift response happens in both eyes simultaneously and is not related to convergence movements, where the eyes move inward to focus on a nearby object. The drift response was sensitive to the specifics of the visual stimulus, such as its spatial frequency and orientation. Interestingly, the drift occurred regardless of the starting position of the eyes or the timing of small, involuntary eye movements called microsaccades. The findings suggest that this eye movement is an early response to visual input, potentially involving lower brainstem visual responses. Understanding these subtle eye movements can help us learn more about how the brain processes visual information and controls eye movements."
elife-65074-v3,"The research paper discusses a new method for estimating parameters in complex models, particularly those used in cognitive neuroscience. Traditional methods for estimating these parameters can be computationally expensive and inflexible. The authors propose using neural networks to approximate the likelihood functions of these models, making the estimation process faster and more versatile. They demonstrate that their approach can handle various inference scenarios, including hierarchical models and those with multiple conditions. The method significantly speeds up the estimation process, reducing the time from hours to minutes compared to traditional approaches. Additionally, it allows for more confident estimation of parameters that are typically difficult to estimate. The authors also highlight potential improvements and limitations of their method, such as the need for further refinement of the neural network architecture and the reliance on empirical likelihoods for training. Overall, the research presents a promising new tool for parameter estimation in complex models, with wide-ranging applications in cognitive neuroscience and beyond."
elife-10382-v1,"The research explored how the brain's sleep-wake cycle is regulated, specifically focusing on the role of cholinergic fibers and GABAergic neurons in the thalamus. The study found that stimulating cholinergic fibers in the thalamus can induce brain waves associated with sleep, known as spindle oscillations, and promote the onset of sleep. This effect was mediated by a specific type of receptor, α7-nAChRs, on GABAergic neurons. When these receptors were blocked, the sleep-promoting effects were inhibited. Additionally, directly stimulating the GABAergic neurons in the thalamus had similar sleep-inducing effects, suggesting that these neurons play a crucial role in regulating sleep. The findings highlight the importance of cholinergic input and GABAergic activity in the thalamus for sleep regulation, offering potential targets for sleep disorders."
elife-07296-v1,"[START] The research paper investigates the structural dynamics of a protein called apoSOD1, which is involved in a neurodegenerative disease called amyotrophic lateral sclerosis (ALS). The study focuses on understanding how the protein's structure changes and how these changes might contribute to disease. The researchers used advanced techniques to analyze the protein's behavior in different states. They found that certain parts of the protein become disordered while others remain rigid. This suggests that the protein can exist in multiple conformations, some of which resemble its mature, functional form. The study also identified different processes that affect the protein's structure, including dimerization (where two protein molecules join together) and local folding. These processes are independent of metal ions, which are often involved in protein function. The findings provide insights into how apoSOD1 might misfold and aggregate, contributing to ALS. Understanding these structural dynamics is crucial for developing therapies that can prevent or reverse the misfolding of apoSOD1, potentially slowing or stopping the progression of ALS. [END]"
elife-17331-v1,"The study by Lorteije et al. (2015) investigated how the brain makes decisions in a hierarchical manner, using tasks where monkeys had to navigate through decision trees with visual information. The researchers wanted to understand if decisions are made in a step-by-step (serial) way or all at once (parallel). They found that monkeys' decisions were influenced by the earliest visual information, ruling out certain models that suggest decisions are made in a serial manner. The study also rejected models that propose a 'flat' competition between all possible choices, as these models predicted that the difficulty of the first decision would affect the accuracy of the second decision, which was not observed in the monkeys. The researchers argued that the brain uses a hierarchical decision-making process, where evidence is integrated separately for each level of the decision tree. This process allows for flexibility, adapting to the task's structure and the subject's capacity for parallel decision-making. The findings suggest that the brain can switch between parallel and serial decision-making strategies depending on the complexity of the task. Future research could explore the neural mechanisms behind this flexibility and how the brain improves decision-making with practice."
elife-09269-v2,"The research paper investigates how certain proteins, specifically BRM and SYD, interact with another protein called MP to regulate flower development in plants. The study is important because understanding these interactions can help improve plant breeding and agricultural practices. The researchers used various genetic techniques to manipulate the activity of BRM, SYD, and MP in plants. They found that when BRM and SYD are both reduced, the plants have severe defects in flower formation, similar to when MP is completely missing. This suggests that BRM and SYD work together with MP to activate genes necessary for flower development. The study also showed that auxin, a plant hormone, plays a crucial role in this process by helping MP recruit BRM and SYD to the right places in the plant's DNA. Overall, the findings highlight the importance of these protein interactions in regulating flower development and provide insights into how plants control gene expression during growth."
elife-22900-v3,"The research paper investigates how the proteins XRCC4 and XLF work together to repair DNA damage. These proteins are crucial for a process called non-homologous end joining (NHEJ), which is a way cells fix broken DNA strands. The study focuses on the disordered tails at the ends of these proteins, which can be modified by adding phosphate groups (a process called phosphorylation). The researchers created versions of XRCC4 and XLF with altered phosphorylation sites to see how this affects their ability to interact with DNA and each other. They found that when these sites are mimicked to be constantly phosphorylated (using aspartate), the proteins bind to DNA but release it more quickly, reducing their ability to bridge and repair DNA breaks. However, when these sites are blocked from phosphorylation (using alanine), the proteins form more stable complexes with DNA, enhancing their repair activity. This suggests that the phosphorylation state of XRCC4 and XLF regulates how well they can repair DNA damage. Understanding this process is important for developing treatments for diseases related to DNA repair, such as cancer."
elife-00078-v1,"The research explores how DNA is packaged in a type of single-celled organism called archaea, specifically Haloferax volcanii. DNA in cells is wrapped around proteins called histones to form structures called nucleosomes, which help control gene activity. The study found that archaea have shorter nucleosomes compared to more complex organisms like humans. This means that archaea pack their DNA more tightly. The researchers also discovered that the way DNA is organized around these nucleosomes is similar between archaea and more complex life forms, suggesting that this method of DNA packaging is very ancient. They observed that there are specific regions where nucleosomes are absent, particularly at the start and end of genes, which is important for gene regulation. This finding helps us understand the basic principles of how genes are controlled and how life has evolved over time. The study used advanced techniques to map out where nucleosomes are located on the DNA and to identify active genes, providing a detailed look at the genome of Haloferax volcanii."
elife-19695-v1,"The study explores how brain networks generate variability in neural responses, which is crucial for understanding how the brain processes information. Previous models relied on external noise to create correlations, but this study found that internal mechanisms within the brain can also generate these fluctuations. The researchers developed a network model that combines spike-frequency adaptation with high excitatory connectivity. This model can produce large-scale fluctuations in neural activity without needing external noise. The key finding is that weak inhibition allows these fluctuations to dominate, leading to correlated variability in responses to stimuli. In contrast, strong inhibition suppresses these fluctuations, making the network respond more reliably to stimuli. The model was fitted to real neural recordings, showing that it can accurately reproduce the dynamics observed in the brain. This work highlights the importance of internal network dynamics in shaping neural responses and suggests that the strength of inhibition plays a critical role in determining the level of variability in neural activity. Understanding these mechanisms can help explain how the brain processes sensory information and adapts to changing environments."
elife-01273-v1,"The research investigated how people with one hand adapt to their condition by using their remaining arm or hand more. The study focused on individuals who either were born without a hand (congenital) or lost a hand later in life (acquired). The researchers wanted to understand how the brain adapts to these changes and how this adaptation affects daily activities. They used brain scans to measure activity in the brain's motor cortex, which controls movement. The study found that people born without a hand showed more brain activity in the area that would normally control the missing hand when they moved their remaining arm. Conversely, those who lost a hand later in life showed more brain activity in the same area when they moved their intact hand. This suggests that the brain can reorganize itself to better use the available limbs. The findings highlight the brain's ability to adapt and compensate for physical limitations, which can help in developing better rehabilitation strategies for people with limb loss."
elife-42078-v1,"The research focuses on understanding how specific genes control the timing and development of certain neurons in the worm C. elegans. The study looks at how mutations in genes like lin-28, let-7, and lin-41 affect the development of neurons that control movement and other behaviors. The researchers found that these genes are crucial for the proper timing of when neurons switch from using one type of chemical signal to another, which is important for the worm's behavior. For example, in males with mutations in lin-28, the neurons switch to using a different chemical signal too early. In contrast, mutations in let-7 prevent this switch from happening at all. The study also shows that the gene lin-29 is essential for this switch to occur correctly in males but not in females. Overall, the findings highlight the complex genetic pathways that control the development and function of neurons, which are vital for the worm's behavior and survival. This research helps us understand how genetic timing mechanisms work in simple organisms, which can provide insights into similar processes in more complex animals, including humans."
elife-08954-v1,"The research paper explores the role of Esrp1 and Esrp2, two proteins found in epithelial cells, which are crucial for the development and function of various organs. These proteins are essential for the proper formation of lungs and salivary glands, and their absence leads to severe developmental defects. The study focuses on the epidermis, the outermost layer of skin, to understand how the loss of these proteins affects gene splicing, a process where different versions of a gene are created. The researchers found that the loss of Esrp1 and Esrp2 leads to significant changes in gene splicing, with some genes being more sensitive to the loss of one protein over the other. This sensitivity varies, with some genes showing immediate changes when Esrp1 is lost, while others only change when both proteins are absent. The study also reveals that the loss of these proteins results in a barrier defect in the skin, highlighting their importance in maintaining the skin's protective function. Overall, the research underscores the critical role of Esrp1 and Esrp2 in epithelial cell function and organ development, and how their absence can lead to severe developmental and functional issues."
elife-22962-v3,"The research explores how different distributions of a specific type of ion channel, called H-channels, affect the firing patterns of neurons in response to rhythmic inputs. These channels are crucial for generating brain rhythms, particularly in the theta frequency range, which is important for memory and navigation. The study used computer models of neurons to simulate how these channels work in different parts of the neuron—either just in the cell body (somatic) or throughout the cell body and branches (somatodendritic). The findings show that neurons with somatodendritic H-channels can follow higher frequency inputs more effectively than those with only somatic H-channels. When the H-channels were blocked, the neurons' ability to synchronize with inputs was impaired, especially for somatodendritic H-channels. Additionally, the study found that modifying the channels with a molecule called cAMP shifted the neurons' preferred firing frequencies, enhancing their response to higher theta frequencies. This research helps understand how neurons process rhythmic information, which is vital for cognitive functions like memory and spatial navigation."
elife-59709-v2,"The research explored how alcohol exposure affects stress responses in mice, focusing on a specific brain region called the BNST and a signaling system involving dynorphin and kappa opioid receptors (KORs). The study found that alcohol-exposed mice showed increased stress responses when faced with a predator odor, but these responses could be reduced by blocking KORs. The researchers also discovered that alcohol exposure increased the activity of certain neurons in the BNST, which are involved in stress and anxiety. Additionally, they found that the connection between another brain region, the prefrontal cortex, and the BNST was strengthened in alcohol-exposed mice, contributing to their heightened stress responses. The findings suggest that the dynorphin/KOR system in the BNST plays a crucial role in regulating stress and anxiety behaviors in individuals with a history of alcohol consumption. This research could help in developing targeted treatments for alcohol-related stress and anxiety disorders."
elife-04395-v2,"The research aims to understand which animal species might be responsible for spreading Ebola between outbreaks. Previous studies have used data from Ebola outbreaks to map areas where the virus might be transmitted from animals to humans. This study updates and improves these maps by including more recent outbreak data and records of Ebola in animals. The researchers found that 22.2 million people live in areas suitable for zoonotic transmission of Ebola, and the population in these areas has nearly tripled over the past 40 years. The study also highlights that rainforests are the primary environments where Ebola is likely to be transmitted from animals to humans. This information is crucial for identifying areas at risk of future Ebola outbreaks and for developing strategies to prevent them. The findings suggest that testing certain bat species in countries where Ebola has not been reported could help clarify the risk of outbreaks in these areas. Overall, the study provides a better understanding of where and how Ebola might spread from animals to humans, which is essential for public health planning and response."
elife-72619-v2,"The study investigated how well COVID-19 vaccines work in people who have never had the virus (infection-naïve) compared to those who have recovered from it (convalescent). The researchers looked at the immune response, specifically the T cells, which are crucial for fighting infections. They found that in infection-naïve individuals, the first vaccine dose primed a strong response in CD4+ T cells, which was further boosted by the second dose. This response was equally effective against different variants of the virus. In contrast, convalescent individuals showed a more varied response. Most had a weaker CD4+ T cell response after vaccination compared to infection-naïve individuals, although one outlier had a very strong response. The study also found that the T cells in convalescent individuals were more likely to be long-lived and might migrate to mucosal sites like the lungs, which could explain why their numbers in the blood were lower. Overall, the findings suggest that while vaccines are effective in both groups, the immune response differs based on prior infection status. This information is important for understanding how to optimize vaccine strategies for different populations."
elife-45204-v2,"The research focuses on footprints and other traces found in a cave called ""Grotta della Bàsura,"" which were left by humans and animals around 14,000 years ago. The study aims to understand the behavior and characteristics of the people who explored the cave during the Upper Paleolithic period. By analyzing the footprints, researchers identified five distinct types, suggesting at least five different individuals, including children, adolescents, and adults. The footprints reveal that the group was diverse in age and possibly gender, and they moved through the cave in various ways, sometimes kneeling and walking on different types of ground. The findings support the idea that cave exploration during this time was done by mixed groups, and the lack of outgoing footprints in one part of the cave indicates they likely exited through a higher, firmer corridor. The study also notes that the people's lower limbs were likely not covered with clothing, providing insights into their attire and behavior in the cave. Overall, the research paints a vivid picture of a small, diverse group of ancient humans exploring a cave, offering valuable information about their lives and movements."
elife-18146-v1,"The research investigated how spinal cord injuries affect movement and how a treatment called Neurotrophin-3 can help. Spinal cord injuries can cause spasticity, which is involuntary muscle contractions, and disrupt normal movement. The study found that rats with spinal cord injuries developed spasticity in their forelimbs within two weeks. This spasticity was linked to changes in how nerves communicate with muscles, making certain reflexes more active. The researchers then treated the injured rats with Neurotrophin-3, a protein that helps nerve cells grow and connect. They found that this treatment reduced spasticity and improved the rats' ability to move. Neurotrophin-3 normalized the overactive reflexes and helped restore normal nerve connections. This suggests that Neurotrophin-3 could be a promising treatment for people with spinal cord injuries, helping them regain better control over their movements. The findings highlight the importance of proper nerve-muscle communication for recovery after spinal cord injuries."
elife-55015-v2,"The research paper explores how proteins called DIX and DAX, which are parts of larger proteins involved in cell signaling, interact and form structures. DIX domains from proteins Axin and Dvl can form long, helical structures called filaments. The study found that in solution, these DIX filaments form an antiparallel double helix, unlike the single-stranded fibers seen in crystal structures. The researchers also discovered that DAX from Axin can disrupt these DIX filaments, reducing their size. This disruption is important because it affects how these proteins signal within cells. The study suggests that the interaction between DIX and DAX is weaker than the interaction between DIX molecules themselves, and that DAX can insert into the ends of DIX filaments, potentially capping or severing them. This has implications for understanding how these proteins function in cell signaling pathways, particularly in the Wnt signaling pathway, which is crucial for development and disease. The findings indicate that the formation of these filament structures is necessary for proper signaling, and that the interaction between DIX and DAX plays a key role in regulating this process."
elife-17903-v3,"The research paper explores how a specific mutation in histone proteins affects the formation of heterochromatin, a tightly packed form of DNA that plays a crucial role in gene regulation. Histones are proteins that help package DNA in cells, and their modification can influence gene activity. The study focuses on a mutation called H3K9M, which prevents the addition of methyl groups to a specific part of the histone protein (lysine 9 on histone H3). This methylation is normally essential for the assembly of heterochromatin.

The researchers found that introducing the H3K9M mutation into histone genes disrupted the normal methylation process, leading to a failure in heterochromatin formation. This disruption occurred even when other normal histone genes were present, indicating that the mutation had a dominant effect. The mutation traps a key enzyme, Clr4, which is responsible for adding methyl groups to histones, preventing it from spreading across the genome to form heterochromatin.

The study also showed that the interaction between the mutation and the Clr4 enzyme could be modulated by other modifications on the histone tail or by altering the levels of Clr4 and mutant histones. This suggests that the effects of the H3K9M mutation are due to a direct competition between the mutant and normal histones for the Clr4 enzyme.

Understanding how this mutation affects heterochromatin formation is important because it provides insights into the mechanisms of gene regulation and could have implications for diseases where gene regulation goes awry, such as cancer."
elife-33220-v2,"The study investigates sleep patterns in fruit fly larvae to understand the role of sleep during early development. Sleep is crucial for all animals, especially during growth phases. Fruit flies are commonly used in sleep research, but adult flies are not ideal for studying sleep during neural development because their brains are mostly developed. The researchers monitored the activity of fruit fly larvae over extended periods and found that younger larvae sleep more frequently and for longer durations. They also observed that larvae change their posture during sleep and can be easily awakened by strong stimuli but are less responsive to weaker ones. When larvae were deprived of sleep, they slept more and deeper afterward, showing that their sleep has homeostatic properties, meaning it regulates itself to maintain balance. Surprisingly, genetic mutations that cause severe sleep issues in adult flies did not affect larval sleep. Additionally, larval sleep did not predict adult sleep patterns. The study also found that the neurotransmitter octopamine, which promotes wakefulness in adults, has a similar role in larvae. The researchers suggest that sleep in larvae might be fragmented to allow for frequent feeding, which is necessary for rapid growth. This work highlights the unique aspects of sleep during development and sets the stage for further exploration of sleep's role in early neural development."
elife-42816-v1,"The study investigated how the brain processes numbers and rewards in similar ways. Researchers found that when people see numbers, the brain's activity patterns change smoothly based on the number's value. For example, the brain's response to the number 3 is more similar to 4 than to 5. This suggests that the brain has a continuous scale for understanding numerical values. The researchers also looked at how the brain responds to different rewards, or ""bandits,"" which pay out money with varying probabilities. They found that the brain's activity patterns for these rewards also change smoothly based on their value, similar to how it does for numbers. Interestingly, the brain's response to the number 6 was similar to the most valuable reward, and the number 1 was similar to the least valuable reward. This suggests that the brain uses a similar system to understand both numbers and rewards. The study also found that people tend to overvalue larger numbers, and this tendency is reflected in the brain's activity patterns. Overall, the findings suggest that the brain has a flexible system for understanding and comparing different types of values, whether they are numbers or rewards. This could have implications for understanding how people make decisions and process information in various contexts."
elife-10781-v2,"The research investigates how brain activity patterns change between being awake and during deep sleep, specifically slow-wave sleep (SWS). Previous studies have shown that certain brain networks remain consistent across these states. However, this study focuses on the timing of brain activity, known as propagation, using a new analysis method. The researchers found that during SWS, the timing of brain activity shifts significantly compared to when awake. For instance, the cortex (the outer layer of the brain) becomes more active earlier than subcortical structures (deeper brain regions) during SWS. This reversal in activity timing suggests that the brain's communication patterns change dramatically during deep sleep. The study also shows that while individual brain networks maintain their internal activity patterns, the coordination between different networks breaks down. This finding supports the idea that during deep sleep, the brain segregates into distinct functional modules, which may contribute to reduced awareness and consciousness. Understanding these changes in brain activity could provide insights into sleep disorders and consciousness."
elife-07253-v2,"The research paper investigates a family of proteins in yeast called StART-like proteins, which are involved in transporting lipids, specifically sterols, between different parts of the cell. The study focuses on four of these proteins: Ysp1p, Ysp2p, Sip3p, and Lam4p. These proteins are anchored in the endoplasmic reticulum (ER) at points where it comes into close contact with the plasma membrane (PM). The researchers found that Ysp2p and Lam4p have domains that specifically bind to sterols, indicating their role in sterol transport. They also discovered that these proteins localize to specific punctate structures in the ER, suggesting they define a unique type of ER-PM contact site. The study further shows that deleting these proteins makes yeast cells sensitive to a drug called amphotericin B, which can be rescued by expressing parts of these proteins, highlighting their importance in sterol transport. The research suggests that these StART-like proteins play a crucial role in maintaining sterol balance within the cell, which is essential for cell survival and function. Understanding these proteins could provide insights into similar processes in human cells, potentially leading to new treatments for diseases related to lipid transport."
elife-26875-v1,"The research paper explores how the influenza virus evolves within individual patients. The study focuses on mutations that reach at least 5% frequency in the virus's genetic material during an infection. The researchers found that certain mutations occur repeatedly in different patients, suggesting that these changes might be beneficial for the virus. For example, they identified nine specific sites in the influenza genome where the same mutations arose independently in multiple patients. This parallel evolution indicates that the virus faces similar challenges within different hosts, leading to similar evolutionary responses. The study also compared these within-host mutations to global influenza variations, finding that some mutations seen in individual patients are also common worldwide. This suggests that the evolutionary pressures acting on the virus within a single infection can mirror those acting on a global scale. The findings highlight the complex dynamics of viral evolution and the potential for within-host studies to inform our understanding of global viral spread and adaptation."
elife-52168-v3,"The research focused on understanding how the human cytomegalovirus (HCMV) establishes latency in immune cells, specifically in hematopoietic stem and progenitor cells (HSPCs) and monocytes. The study found that latently infected cells have a weaker immune response, which is crucial for the virus to express its genes and reactivate. By analyzing over 7,500 infected HSPCs, the researchers discovered that viral transcripts were only detected in cells expressing monocyte lineage markers, such as CD14. Importantly, higher viral transcript levels were linked to lower expression of CD74 and reduced immune response gene signatures in these cells. This indicates that the virus preferentially infects or alters cells that are less responsive to immune signals, allowing it to maintain latency and reactivate more efficiently. The findings suggest that CD74 can be used as a marker to identify cells with higher viral loads and greater potential for reactivation. This research highlights the importance of understanding the specific cell types and conditions that support HCMV latency, which could lead to new strategies for controlling the virus."
elife-05981-v2,"The research investigates how different versions of a protein called rhodopsin affect the way cells in the eye respond to light. Rhodopsin is crucial for vision, as it helps detect single photons of light. The study compares the normal version of rhodopsin with two modified versions, S → A and T → A, to understand how changes in rhodopsin affect the cell's response to light. The researchers found that the T → A version of rhodopsin produces responses that plateau and then abruptly end, unlike the normal and S → A versions. This suggests that the T → A version has a prolonged desensitization process, making the responses more variable. The study also shows that reducing the amount of a protein called arrestin-1 slows down the desensitization of T → A rhodopsin, further supporting the idea that the timing of rhodopsin desensitization is crucial for the cell's response to light. Overall, the findings highlight the importance of rhodopsin's desensitization process in shaping how cells in the eye respond to light, which is essential for vision."
elife-07839-v2,"The research investigates how a specific genetic deletion affects blood cell production in mice, which can help understand a human blood disorder called myelodysplastic syndromes (MDS). MDS is a group of disorders where the bone marrow doesn't produce enough healthy blood cells. The study focuses on a deletion in a region of chromosome 7, which is often found in MDS patients. The researchers created mice with a similar deletion in a corresponding region of their genome and observed changes in their blood cell production. They found that these mice had an increased number of certain types of stem cells and progenitor cells, which are early-stage cells that develop into different types of blood cells. However, these stem cells had a reduced ability to produce lymphoid cells, which are important for the immune system. The study also looked at how these changes affect the mice's ability to repopulate blood cells after transplantation. The findings suggest that the deletion in chromosome 7 plays a significant role in the development of MDS by altering the behavior of stem cells and progenitor cells. This research could lead to better understanding and potential treatments for MDS."
elife-36491-v1,"The research paper compares two related parasites, Toxoplasma gondii (T. gondii) and Hammondia hammondi (H. hammondi), to understand their growth and development in laboratory conditions. T. gondii is known for causing toxoplasmosis, a disease that can be severe in immunocompromised individuals, while H. hammondi is less studied and generally considered less harmful. The study found that H. hammondi grows more slowly and forms cysts more quickly than T. gondii when cultured in the lab. These cysts are infectious only to the definitive host, typically cats. The researchers used advanced genetic techniques to compare the gene activity of both parasites over time. They discovered that H. hammondi has a more rigid developmental program, converting almost entirely into cysts and stopping growth much earlier than T. gondii. This difference in behavior suggests that H. hammondi might be less likely to cause recurrent infections compared to T. gondii. The findings highlight the distinct life cycles and genetic responses of these parasites, which could inform future studies on their biology and potential treatments."
elife-17600-v2,"The research paper investigates the enzymatic activity of a protein domain called NUDT9H, which is part of the TRPM2 channel. The TRPM2 channel is known to be activated by a molecule called ADPR, and it was previously thought that NUDT9H might also break down ADPR. The study created different versions of the NUDT9H domain by mixing it with parts of a similar protein called NUDT9, which is known to break down ADPR. The researchers found that only the versions containing the active part of NUDT9 could break down ADPR, while the versions with the NUDT9H part did not show this activity. They also discovered that the apparent activity seen in previous studies was due to the natural breakdown of ADPR at high pH levels, not because of the protein's action. This finding suggests that the TRPM2 channel's activation by ADPR does not depend on NUDT9H breaking down ADPR, challenging the idea that NUDT9H has a significant enzymatic role in this process. The study highlights the importance of careful experimental conditions to avoid misinterpreting results due to the natural instability of certain molecules."
elife-07597-v2,"Understanding how plant roots grow and respond to their environment is crucial for improving crop yields and sustainability. Roots play a vital role in absorbing water and nutrients, and their architecture can significantly impact a plant's ability to thrive in various soil conditions. Researchers developed a new imaging platform called GLO-Roots to study root systems in soil-grown plants. This platform allows for the detailed observation of root growth, gene expression, and interactions with soil properties over time. The GLO-Roots system includes specialized growth vessels and luminescent reporters that track different aspects of root biology. The researchers also created an ImageJ plugin called GLO-RIA to automatically analyze root system traits such as depth, width, area, and directionality. They tested the system on different plant species, including Arabidopsis and Brachypodium, and found that it could effectively capture variations in root architecture and gene expression. The study demonstrated that the GLO-Roots platform is a powerful tool for studying root systems in a more holistic and environmentally relevant manner. This could lead to better understanding of how roots adapt to different soil conditions, ultimately aiding in the development of more resilient and productive crops."
elife-61288-v2,"The research introduces a new tool called Artistoo, which is designed to make it easier to share and interact with complex biological simulations. These simulations, known as cellular Potts models, are used to study how cells behave and interact in various biological processes, such as tumor growth or blood vessel development. Traditionally, these simulations require specialized software and significant computational resources, making them difficult to share and use widely. Artistoo, however, is built using JavaScript, allowing simulations to run directly in a web browser without needing any additional software. This makes it much easier for researchers, students, and the general public to access and interact with these simulations. The researchers found that Artistoo performs just as well as existing tools, despite being built with a language typically considered less efficient. They demonstrated its capabilities through various examples and highlighted how it can be particularly useful for teaching, research, and science communication. By making these complex simulations more accessible, Artistoo opens up new possibilities for sharing and understanding biological research."
elife-00334-v1,"The research paper investigates how a molecular motor called XPD helicase unwinds DNA. This process is crucial for understanding how cells repair damaged DNA and replicate genetic material. The study used advanced techniques to observe the helicase in action at the single-molecule level. Researchers found that XPD helicase unwinds DNA in steps of one base pair at a time, but it also frequently takes backward steps, especially when encountering difficult sequences. These backward steps are about five base pairs long and occur when the helicase encounters a stable section of DNA that is hard to unwind. The study also showed that multiple helicases working together can unwind more DNA, but the speed of unwinding remains the same. This research helps clarify how helicases function at the molecular level, which is important for developing treatments for genetic diseases and understanding basic cellular processes."
elife-68388-v3,"The study investigated how preexisting memory CD4 T cells in individuals affect their immune response to the hepatitis B (HB) vaccine. Memory CD4 T cells are a type of immune cell that remembers past infections or vaccines, helping the body respond more quickly to future encounters. The researchers found that people who had certain memory CD4 T cells specific to the vaccine before getting it developed antibodies faster and had a stronger immune response. They analyzed the T cell receptors (TCRs) of these memory cells, which are like unique identifiers for each T cell. The study showed that the breadth of vaccine-specific TCRs increased after vaccination, but this was not due to the expansion of preexisting TCRs. Instead, new TCRs were recruited. Individuals with a higher number of these vaccine-specific TCRs before vaccination tended to have an earlier and more robust immune response. The researchers also identified a subset of regulatory T cells that might suppress the immune response in some individuals, leading to a delayed reaction. Overall, the study suggests that preexisting memory CD4 T cells play a significant role in how well people respond to the HB vaccine and that analyzing TCRs before vaccination could help predict immune responses. This could lead to more personalized vaccination strategies."
elife-18857-v2,"The study focused on understanding the structure and behavior of a protein called FliD, which is crucial for the function of bacterial flagella—the tail-like structures that help bacteria move. The researchers modified FliD by removing certain parts to make it easier to study its structure. They found that FliD has a stable head region and a flexible leg region. When they looked at how FliD assembles, they discovered that it forms hexamers (groups of six) in crystals and can form dodecamers (groups of twelve) under certain conditions. However, the full-length FliD typically forms hexamers in solution, which is likely its natural state. To stabilize this hexameric form, they introduced specific mutations that allowed the protein to form stable hexamers. The study also revealed that different parts of FliD interact with each other to maintain its structure and function. This research helps us understand how bacteria move and could lead to new ways to control bacterial infections by targeting these movement structures."
elife-52125-v2,"The research investigates how a protein called Ocr interacts with the host's RNA polymerase (RNAP), which is crucial for gene transcription. The study confirms that Ocr can bind to RNAP and inhibit transcription, both in test tubes and in living E. coli cells. Using advanced techniques, the researchers showed that Ocr competes with sigma factors, which are essential for RNAP to start transcription. Ocr binds to the same site on RNAP where sigma factors and DNA bind, effectively blocking the transcription process. This finding is significant because it explains how Ocr can shut down the host's gene expression, which is a strategy used by viruses like T7 to take over the host's machinery for their own replication. The study also provides detailed structural insights into how Ocr interacts with RNAP, showing that it mimics the shape and charge of DNA, allowing it to fit into the RNAP's DNA-binding channel. This research helps us understand the molecular mechanisms of viral infection and host takeover, which could lead to new strategies for combating viral infections."
elife-22474-v1,"The study investigates how a protein called Activin triggers complex changes in gene expression. Activin is known to influence various biological processes, and understanding its mechanism can help in fields like developmental biology and disease research. The researchers used advanced techniques to map where and how Activin's signaling protein, SMAD2, binds to DNA and affects gene activity. They found that SMAD2 binds to regions far from the start of genes, often within 100 kilobases. Interestingly, SMAD2 binding did not always correlate with immediate gene activation. Instead, it sometimes led to gene repression over time, suggesting that SMAD2 recruits different proteins to either activate or repress genes. The study also showed that Activin signaling changes the chromatin structure, making it more accessible for gene activation. This research highlights the dynamic nature of gene regulation by Activin and SMAD2, providing insights into how cells control gene expression in response to external signals."
elife-00067-v1,"The research paper investigates how RecA, a protein involved in DNA repair and recombination, interacts with DNA. Specifically, it looks at whether RecA filaments can slide along DNA to find matching sequences, a process crucial for DNA repair. The study uses a technique called single molecule FRET, which allows scientists to observe these interactions at a very high resolution. They found that non-matching DNA can briefly attach to RecA filaments, showing rapid changes in distance, suggesting sliding. Longer DNA sequences stayed attached longer, likely due to more contact points. The researchers also designed experiments to test if RecA filaments could recognize matching sequences while sliding. They found that RecA filaments can indeed slide and recognize matching sequences, which is important for efficient DNA repair. This sliding behavior helps RecA filaments quickly find and repair damaged DNA, highlighting its significance in maintaining genetic stability."
elife-41129-v2,"The research paper explores how the bacterium Mycobacterium tuberculosis (M. tuberculosis) uses different nitrogen sources to grow and survive. Previous studies mainly focused on ammonium (NH4+) as the nitrogen source, but recent findings show that host amino acids like L-aspartate and L-asparagine are crucial during infection. The study investigated how M. tuberculosis utilizes various amino acids as nitrogen sources compared to NH4+. They found that amino acids like glutamate, glutamine, aspartate, asparagine, and alanine are preferred nitrogen sources, leading to faster growth and higher biomass. The bacterium can take up and metabolize these amino acids efficiently, even when multiple nitrogen sources are available. Interestingly, alanine seems to act as a quick storage form for nitrogen. The research also revealed that M. tuberculosis does not synthesize asparagine but instead relies on a different pathway. Overall, the findings suggest that M. tuberculosis is highly adapted to use host amino acids as nitrogen sources, which has implications for understanding its metabolism and potentially developing new treatments. This research highlights the importance of considering multiple nitrogen sources when studying M. tuberculosis metabolism, as relying solely on NH4+ may not reflect the conditions within the host."
elife-04637-v2,"The research paper discusses the study of non-crossover (NCO) events during meiosis, which is the process that creates sperm and egg cells. These events involve genetic changes where pieces of DNA are swapped between chromosomes without crossing over, unlike typical crossover events. The study identified 103 sites affected by NCO events, most of which involved a single genetic marker. The researchers found that these NCO events occur more frequently in certain regions of the chromosomes, particularly near the ends (telomeres). They also noted that NCO events tend to favor the transmission of GC alleles over AT alleles, a phenomenon known as GC bias. The study suggests that NCO events are quite common, with an estimated 228 events occurring in each generation. Understanding these events is important because they can influence genetic diversity and the inheritance of traits. The findings highlight the complexity of genetic recombination and its role in shaping the human genome."
elife-23130-v4,"The research investigates how male fruit flies balance their need for sleep with their drive to mate. When male flies are with females, they spend less time sleeping and more time courting. This behavior is driven by a specific group of neurons called MS1 neurons, which suppress sleep when the male is sexually aroused. The study found that when these MS1 neurons are activated, males stay awake and engage in courtship behaviors. Conversely, when these neurons are silenced, males sleep more and court less. The researchers also discovered that MS1 neurons work in conjunction with another set of neurons, FRU neurons, which are involved in processing sensory information about the presence of females. Together, these neurons help male flies prioritize mating over sleep. This balance is crucial for the flies' reproductive success, as males with inhibited MS1 neurons are less successful in competing for mates. The findings highlight the complex interplay between sleep and sexual behavior in male fruit flies and provide insights into how these behaviors are regulated at the neuronal level."
elife-74005-v3,"In this study, researchers investigated the proteins found in the shared bodily fluids of ants and bees, known as trophallactic fluid. This fluid is crucial for distributing food and maintaining connections within the colony. The study found that the composition of this fluid changes based on the social environment and the role of the individual ant or bee. For instance, foragers had fewer proteins in their fluid compared to nurses, and colonies that had been in the lab for over a year showed less variation in their protein profiles than newer colonies. The researchers identified 519 proteins in total and found significant differences in protein abundance between young and mature colonies, as well as between field and lab environments. They also noted that certain proteins were more abundant in nurses, who are closer to the brood and queen. This suggests that the regulation of larval development might occur through the social network of ants. The study highlights the importance of understanding not just gene expression but also where and how these genes act within the colony, especially for species that share bodily fluids. This research provides insights into how social insects maintain their colonies and could have implications for understanding social behaviors and health in other organisms, including humans."
elife-15292-v2,"The research explores how the brain's representation of a missing hand changes after amputation. It is known that the brain maps different body parts, and these maps can change with experience. For example, frequently used body parts have more detailed maps. The study looked at amputees who could still feel and move their phantom limbs—the sensation of having a missing limb still present. The researchers asked amputees to move their phantom digits while in a brain scanner. They found that the brain areas responsible for the missing hand still showed a clear layout of the hand's digits, even decades after the amputation. This layout was similar to that seen in people with both hands intact. The study also showed that this layout existed even when there was no communication between the residual arm and the brain, suggesting that the brain's map of the hand is maintained internally, not just by signals from the body. This finding challenges the idea that the brain's maps are solely shaped by daily experiences and peripheral inputs. Instead, it suggests that the brain has an inherent way of organizing these maps, which can persist even without the usual sensory feedback. This research could help in developing better treatments for phantom limb pain and improving prosthetic limb control."
elife-06638-v1,"The research paper investigates a specific type of protein called TEDs, which are found in various species. These proteins have a unique chemical structure that allows them to form strong bonds with other molecules. The study focuses on how TEDs from certain bacteria interact with a human protein called fibrinogen, which is crucial for blood clotting. The researchers found that specific TEDs can form permanent, covalent bonds with fibrinogen, particularly at a site called Lys100. This bonding is dependent on a chemical feature called a thioester, which is essential for the interaction. The study also shows that these TEDs can pull fibrinogen out of complex mixtures like blood plasma, indicating their potential role in bacterial infections. The findings suggest that these TEDs might help bacteria evade the immune system or cause inflammation by targeting fibrinogen. Understanding this interaction could lead to new ways to combat bacterial infections that target the bloodstream."
elife-67681-v3,"The research investigates how the parasite Toxoplasma gondii interacts with neurons in the brain. The study found that Toxoplasma affects many more neurons than it infects, with these affected neurons, called Toxoplasma-injected neurons (TINs), being most common in the cortex and striatum regions of the brain. The parasite does not seem to target specific types of neurons but interacts with the most abundant types in each region. The study also discovered that TINs have abnormal electrical activity, suggesting they are sick or dying. This abnormal activity is not seen in nearby neurons that were not affected by the parasite, indicating that the changes are specific to neurons directly interacting with Toxoplasma. The findings suggest that the brain might remove these abnormal neurons to maintain overall brain function. This research is important because it sheds light on how parasites can affect the brain and may help in understanding neurological conditions related to infections."
elife-54508-v2,"The research investigates how a protein called Spen interacts with RNA to silence genes on the X chromosome, a process known as X-chromosome inactivation (XCI). This process is crucial for equalizing gene expression between males and females. The study found that Spen binds to a specific region of the Xist RNA, which is essential for XCI. When Spen is inactivated, genes on the X chromosome are not silenced properly. The researchers also discovered that Spen binds to repetitive elements in the genome, known as ERVKs, which are remnants of ancient viruses. These ERVKs are similar to the region of Xist that Spen binds to, suggesting that Xist might have evolved to recruit Spen through these viral elements. The study provides evidence that Spen's ability to bind to these viral elements is crucial for its role in XCI. This finding sheds light on the evolutionary origins of Xist and its interaction with Spen, highlighting the importance of ancient viral elements in gene regulation."
elife-34085-v1,"The research focuses on a new method to study membrane proteins, which are crucial for many biological processes but are challenging to work with due to their hydrophobic nature. Traditional methods often lead to low efficiency or protein aggregation. The study introduces a technique using a peptide called NSPr to encapsulate membrane proteins, forming structures called peptidiscs. These peptidiscs keep the proteins soluble and stable without needing additional lipids, unlike other methods. The researchers tested this approach with various membrane proteins and found that it works well, maintaining the proteins' stability and functionality. They also developed efficient ways to prepare these peptidiscs, such as the 'on-bead' method, which simplifies the process and reduces waste. This new technique could make studying membrane proteins easier and more reliable, potentially leading to better understanding and treatments for related diseases."
elife-01426-v1,"The research paper discusses the study of gene conversion events during meiosis in plants, specifically focusing on non-crossover gene conversions (NCO-GCs). Gene conversion is a process where genetic information is copied from one DNA molecule to another, leading to changes in the genetic sequence. The study aimed to understand the frequency and characteristics of these gene conversion events, which are crucial for genetic diversity and evolution.

The researchers sequenced the genomes of plant offspring from meiotic tetrads and doubled haploid lines, which allowed them to analyze genetic variations in detail. They found that NCO-GCs occur at a frequency of about 3.6 x 10^-6 per site per meiosis, which is significantly higher than the spontaneous mutation rate. This means that gene conversion is a more common process than previously thought, contributing significantly to genetic variation.

The study also revealed that gene conversion events are influenced by sequence similarity and the presence of specific DNA motifs. Regions with high sequence similarity and certain DNA motifs were more likely to undergo gene conversion. Additionally, the researchers identified issues with misaligned reads and copy number variations that can lead to false gene conversion calls, highlighting the importance of accurate sequencing and data analysis.

Overall, the findings provide valuable insights into the mechanisms of genetic recombination during meiosis, which is essential for understanding how genetic diversity is generated and maintained in plant populations. This knowledge can be applied to improve plant breeding and genetic engineering techniques."
elife-08752-v1,"The research investigates the role of the Wfs1 gene in stress-related depression. The Wfs1 gene is important for normal brain function, particularly in the prefrontal cortex, a region crucial for managing stress and emotional responses. The study used mice with the Wfs1 gene deleted in specific brain regions to observe how this affects their behavior under stress. The findings show that mice without Wfs1 in their prefrontal cortex exhibit increased depressive behaviors when exposed to stress, such as increased immobility and reduced preference for sucrose. This suggests that Wfs1 is essential for maintaining normal stress responses. Additionally, the study found that deleting Wfs1 leads to hyperactivation of the hypothalamic-pituitary-adrenal (HPA) axis, which is responsible for the body's stress response. This hyperactivation results in higher levels of the stress hormone corticosterone. The research concludes that dysfunction in Wfs1-expressing neurons in the prefrontal cortex may contribute to major depressive disorder (MDD) by making individuals more susceptible to stress. Understanding this gene's role could lead to better treatments for stress-related mental health issues."
elife-11190-v1,"The research explores how the hormone ghrelin, known for stimulating appetite, affects feeding behavior through specific brain regions. The study focuses on the ventral hippocampus (vHP) and the lateral hypothalamus area (LHA), which contains orexin-producing neurons that are activated by food-related cues. The researchers hypothesized that ghrelin in the vHP activates neurons that then stimulate orexin neurons in the LHA, leading to increased appetite and feeding. They found that blocking ghrelin receptors in the vHP reduced food intake in rats that were conditioned to eat at specific times. However, blocking these receptors in the LHA had no effect on food intake, suggesting that the vHP is a unique region for conditioned feeding behavior. The study also showed that disrupting the connection between the vHP and LHA blocked the appetite-stimulating effects of ghrelin. Overall, the findings indicate that ghrelin signaling in the vHP is crucial for learned feeding behaviors, highlighting a specific neural pathway that controls appetite. This research could help in understanding and potentially treating eating disorders by targeting these brain regions and their interactions."
