id,summary
elife-32963-v1,"The research explores how certain proteins, called transcription factors (TFs), can bind to two different DNA sequences with similar strength. This is surprising because TFs are usually thought to have a specific sequence they bind to. The study focused on four TFs: MYF6, BARHL2, CDX1, and HOXB13. By analyzing how these TFs interact with DNA, the researchers found that the binding strength comes from a balance of two factors: enthalpy (energy released or absorbed) and entropy (disorder or randomness). For example, HOXB13 binds to one sequence mainly through energy changes, while it binds to another sequence by reducing disorder. This dual mechanism allows TFs to bind to multiple sequences effectively. The findings suggest that many TFs might have this ability, challenging the traditional view that TFs bind to only one specific DNA sequence. This discovery could change how we understand gene regulation and the design of drugs that target these proteins."
elife-45257-v2,"The research investigates the process of engulfment in bacterial spores, specifically focusing on the role of the peptidoglycan (PG) layer. The main question is whether the septal PG is completely degraded during the engulfment process or if it remains partially intact. This matters because understanding this process can help in developing new antibiotics or treatments for bacterial infections. The researchers used advanced imaging techniques to observe the engulfment process in real-time. They found that a thin layer of PG remains between the mother cell and the forespore membranes throughout engulfment, suggesting that the septal PG is not completely degraded. Instead, it gets slightly thinner as the forespore grows. The study also showed that certain protein complexes are essential for the membrane to move around the forespore, forming tiny finger-like projections. These findings indicate that the PG layer plays a crucial role in maintaining the flexibility of the septum, allowing the forespore to grow into the mother cell. This research provides new insights into the bacterial spore formation process, which could lead to better strategies for combating bacterial infections."
elife-10382-v1,"The study explored how stimulating specific brain cells can affect sleep. Researchers wanted to understand if activating certain nerve fibers in the brain could help people fall asleep faster and sleep longer. They used light pulses to stimulate these fibers in mice and found that it indeed helped the mice fall asleep quicker and increased their total sleep time. The study also showed that this effect was due to the release of a chemical called acetylcholine, which activates specific receptors in the brain. Additionally, they found that directly stimulating the brain cells that release a different chemical, GABA, also promoted sleep. This research suggests that targeting these brain pathways could potentially lead to new treatments for sleep disorders."
elife-60351-v1,"The research investigates how alcohol exposure during pregnancy can cause a birth defect called holoprosencephaly (HPE), which affects the development of the brain and face. The study focuses on mice with a specific genetic mutation (Cdon-/-) and how alcohol affects them during early embryonic development. The researchers found that alcohol exposure during a critical window (before embryonic day 7.5) interferes with a signaling pathway called Nodal, which is essential for proper brain and face development. This interference reduces the expression of certain genes that are crucial for this development. The study also shows that removing one copy of a gene called Tdgf1 makes the embryos more sensitive to alcohol-induced HPE, while removing one copy of Lefty2 reduces this sensitivity. This suggests that these genes play a role in how alcohol affects development. The findings highlight the importance of avoiding alcohol during early pregnancy, as it can disrupt critical signaling pathways and lead to severe birth defects."
elife-02963-v2,"The research focuses on a protein called SYCP3, which plays a crucial role in organizing chromosomes during cell division. The study aimed to understand how SYCP3 forms structures that help in this process. Scientists found that SYCP3 forms a specific shape, a tetramer, which is like a rod about 20 nanometers long. This structure is made up of four identical parts that fit together in a precise way. The researchers also discovered that SYCP3 can bind to DNA at both ends of this rod-like structure, suggesting it can hold two DNA molecules apart. This ability is important because it helps in compacting chromosomes, making them easier to manage during cell division. The study further showed that SYCP3 can self-assemble into larger structures, forming a kind of scaffold that organizes the chromosome axis. This scaffold helps in shortening the chromosome axis and lengthening the loops of DNA that flank it, which is essential for proper chromosome organization and segregation during cell division. Overall, the findings provide insights into how SYCP3 contributes to the structural integrity and organization of chromosomes, which is vital for successful cell division."
elife-33101-v2,"This research focuses on understanding the structure of a protein complex called mTORC2, which is crucial for various cellular processes. The study aimed to provide a detailed view of mTORC2's structure, which had previously been elusive due to its instability. Researchers used advanced techniques like cryo-electron microscopy (cryo-EM) to capture high-resolution images of the complex. They found that mTORC2 has a similar overall structure to another related complex, mTORC1, but with some unique features. The study revealed that mTORC2 consists of a core made up of mTOR and mLST8 proteins, with additional proteins like Rictor and SIN1 attached to it. These additional proteins play important roles in the complex's function. The research provides valuable insights into how mTORC2 is assembled and how it might work within cells, which could be important for understanding diseases related to mTORC2 dysfunction, such as cancer and metabolic disorders."
elife-10453-v1,"The research investigates how the absence of a specific protein, ERα, in different parts of the female reproductive system affects fertilization and early embryo development in mice. The study found that when ERα is missing in the epithelial cells of the oviduct (the tube where fertilization occurs), there are fewer fertilized eggs and the surviving embryos do not develop properly. This is because sperm have difficulty reaching the eggs, and the environment in the oviduct is harmful to the fertilized eggs. However, when ERα is missing in the mesenchymal cells (supporting cells), fertilization and embryo development are normal. The researchers also discovered that the oviduct environment in these mice affects the structure of the egg's protective layer and the integrity of the fertilized egg's membrane. This study highlights the crucial role of ERα in the epithelial cells of the oviduct for successful fertilization and early embryo development. Understanding these processes can provide insights into human fertility and potential treatments for infertility."
elife-16349-v1,"The research paper explores how a specific protein, AMPK, affects the behavior of tiny worms called C. elegans when they are hungry. The study focuses on how AMPK influences the activity of certain neurons in the worms' brains, particularly those involved in movement and sensing their environment. The researchers found that when AMPK is not working properly, the worms have trouble moving around and exploring their surroundings when they are starved. This is because the neurons involved in these behaviors become overactive due to an increase in certain receptors, GLR-1 and MGL-1. The study shows that fixing these receptors can help the worms move normally again. This research is important because it helps us understand how basic biological processes, like sensing hunger and moving in response to it, work at the level of neurons and proteins. It also provides insights that could be relevant to understanding similar processes in more complex animals, including humans."
elife-06974-v1,"The research explores the evolution of a group of parasites called apicomplexans, which includes organisms like the malaria-causing Plasmodium. The study aims to understand how these parasites have evolved over time, particularly focusing on the changes in their genes. The researchers analyzed the genetic makeup of 26 different species, including both apicomplexans and their close relatives. They found that the common ancestor of apicomplexans already had most of the genes present in modern-day parasites, indicating that there was not much gene gain during the evolution of these parasites. Instead, the evolution seems to have involved the loss of genes and the modification of existing ones. The study also identified specific genes that were gained early in the evolution of apicomplexans and have been conserved across different species, suggesting they play important roles in the parasites' biology. Additionally, the researchers found that some genes involved in the parasites' ability to invade host cells have been conserved and are likely crucial for their survival. This research helps us understand the evolutionary history of these harmful parasites and may provide insights into developing new treatments for the diseases they cause."
elife-32481-v2,"The research paper discusses the structure of a protein complex called KATP, which plays a crucial role in regulating the flow of potassium ions in cells. The study focuses on understanding how different parts of the KATP complex interact and change shape. The researchers used advanced imaging techniques to observe the complex in two different forms: the ""propeller"" and the ""quatrefoil"" forms. They found that in the propeller form, a part of the complex called the lasso extension helps to keep the complex stable by attaching to the potassium channel. In the quatrefoil form, this attachment is released, allowing the complex to change shape. The study also identified a new interaction site between the SUR1 and Kir6.2 parts of the complex, which could be important for how the complex functions. Overall, the findings provide detailed insights into the structural dynamics of the KATP complex, which could help in understanding its role in various biological processes and potentially in developing new treatments for related diseases."
elife-03025-v1,"The research investigates how mice detect specific signals in urine, particularly those related to gender and reproductive status. This is important because it helps us understand how animals communicate and recognize each other through scent. The study focused on identifying neurons in the vomeronasal organ (VNO) that respond to different urinary cues. They found that certain neurons are activated by signals indicating the gender or estrus (reproductive cycle) status of other mice. Specifically, they identified two groups of receptors, V1rj and V1re, that are responsible for detecting these signals. V1rj receptors respond to estrus-related cues, while V1re receptors detect gender-specific signals. This means that mice can distinguish between male and female urine and also determine if a female is in estrus. The findings suggest that these receptors work together to process complex scent information, allowing mice to make informed decisions based on the chemical signals they detect. This research provides insights into the intricate ways animals use scent to navigate their social and reproductive lives."
elife-08996-v2,"The research paper investigates the role of a protein called Hif-3α2 in zebrafish. The study aims to understand how this protein affects certain biological processes, particularly those involving gene expression and signaling pathways. The researchers found that Hif-3α2 can increase the activity of specific genes and influence the Wnt/β-catenin signaling pathway, which is crucial for development and cell growth. They also discovered that Hif-3α2 can reduce the levels of certain proteins involved in this signaling pathway, suggesting it plays a regulatory role. The findings indicate that Hif-3α2 has unique functions compared to other similar proteins, like Hif-3α1 and Hif-1α. This research is important because it sheds light on the complex interactions within cells and how they contribute to development and disease. Understanding these processes can help in developing treatments for conditions related to abnormal cell growth and signaling."
elife-12559-v2,"This research explores how mice use their whiskers to navigate through a winding corridor. The study is important because it helps us understand how animals process sensory information to guide their movements. The researchers used a combination of techniques, including optogenetics (a method to control neurons with light) and two-photon microscopy (a method to observe brain activity in living animals). They found that when specific parts of the brain were activated, mice behaved as if they were avoiding a wall, even when there was none. This suggests that the brain interprets increased neural activity as a signal to turn away from a nearby wall. The study also showed that different layers of the brain's barrel cortex (the area that processes whisker information) respond to different distances of the wall, creating a kind of map of the environment. This means that mice can use their whiskers to sense the distance to a wall and adjust their movements accordingly. The findings highlight the complexity of sensory processing and how it guides behavior, providing insights into how animals navigate their surroundings."
elife-21130-v1,"The research investigates the role of the protein YAP in lung development. YAP is active throughout the lung epithelium, and its absence leads to significant developmental issues. When YAP is removed from lung cells, the cells fail to develop properly, leading to defects in lung branching and the formation of cysts. The study found that YAP is crucial for cell proliferation and the production of mechanical forces necessary for lung development. Without YAP, cell proliferation decreases, and the mechanical forces that drive lung branching are compromised. This research highlights the importance of YAP in ensuring that lung cells develop correctly and form the necessary structures for proper lung function. Understanding YAP's role could lead to better treatments for lung diseases and developmental disorders."
elife-01273-v1,"The research explores how the brain adapts when a person is born with one hand or loses one later in life. The main question is how the brain changes to compensate for the missing limb. This matters because understanding these changes can help in developing better treatments for people with limb loss. The study used brain scans to compare brain activity in people born with one hand, those who lost a hand later in life, and people with two hands. They found that people born with one hand use their remaining arm more and show increased brain activity in the area that would normally control the missing hand. In contrast, people who lost a hand later in life use their intact hand more and show increased brain activity in the area that would normally control the intact hand. The study also found that the brain area that would normally control the missing hand becomes more active when the remaining limb is used, showing that the brain can adapt and reassign functions to compensate for the loss. This research highlights the brain's remarkable ability to adapt and could lead to new ways to help people with limb loss regain function."
elife-30789-v2,"This research investigates how certain proteins, known as ZHP proteins, play a crucial role in the process of meiosis, which is how cells divide to produce eggs and sperm. During meiosis, chromosomes exchange pieces of DNA, a process essential for creating genetic diversity. The study found that ZHP proteins help stabilize specific sites on chromosomes where this exchange, called crossover, occurs. Without ZHP proteins, the sites for crossover are abundant but weak, leading to fewer successful crossovers and improper chromosome separation. The researchers also discovered that ZHP proteins work together and are interdependent for their proper function. When certain ZHP proteins are missing, others cannot localize correctly on the chromosomes, disrupting the crossover process. This research highlights the importance of ZHP proteins in ensuring that meiosis proceeds correctly, which is vital for producing healthy eggs and sperm. Understanding these processes can provide insights into infertility and genetic disorders."
elife-21137-v1,"The research focuses on understanding how certain mutations in a protein called FGFR2 affect its activity. FGFR2 is involved in cell signaling and growth, and mutations in this protein can lead to diseases like cancer. The study used advanced techniques like crystallography and NMR to analyze the structure and behavior of FGFR2 with different mutations. The researchers found that specific mutations can stabilize the active form of FGFR2 by introducing new interactions within the protein. For example, the D650V mutation strengthens certain connections, making the protein more active. This discovery helps explain how these mutations can lead to overactive signaling, contributing to disease. Understanding these mechanisms is crucial for developing targeted therapies that can correct these mutations and potentially treat related diseases."
elife-55015-v2,"This research investigates how certain proteins interact and form structures, which is crucial for understanding cellular processes related to the Wnt signaling pathway. The study focuses on two specific protein domains, DIX and DAX, which are parts of larger proteins called Dishevelled (Dvl) and Axin, respectively. These proteins play key roles in transmitting signals within cells. The researchers found that Dvl2 DIX domains form filaments in a double helix structure in solution, unlike previous observations in crystals. Interestingly, when Axin DAX is added, it disrupts these filaments, reducing their size significantly. This interaction is important because it suggests that Axin can regulate the formation of Dvl filaments, which is likely crucial for proper Wnt signaling. The study also notes that the interaction between DIX and DAX is relatively weak, which might explain why some Dvl filaments persist even in the presence of Axin. Overall, the findings highlight the dynamic nature of these protein interactions and their potential impact on cellular signaling, providing insights into how cells might control these processes."
elife-02046-v1,"The research explores how a protein called WDR5 interacts with certain types of RNA in living cells. WDR5 is important for maintaining the identity of stem cells, which can turn into many different cell types. The study found that WDR5 binds to a large number of RNAs, including some that help regulate genes crucial for stem cell function. By using specific mutations in WDR5, the researchers showed that the ability of WDR5 to bind RNA is essential for its proper function in the cell nucleus and on chromatin, the material that makes up chromosomes. When WDR5 cannot bind RNA, it leads to a significant reduction in a specific modification of histone proteins, which are crucial for gene regulation. This finding suggests that RNA plays a critical role in recruiting WDR5 to specific locations in the genome, influencing gene expression and stem cell behavior. The study expands our understanding of how RNA and proteins work together to control gene activity, which is fundamental for maintaining stem cell properties and could have implications for regenerative medicine and understanding diseases related to gene regulation."
elife-47789-v2,"The research focuses on a specific protein, GFAP, which is found in brain cells called astrocytes. In a condition called Alexander disease (AxD), GFAP forms harmful clumps in these cells. The study found that a specific change in GFAP, called phosphorylation, happens more in AxD patients. This change makes GFAP clump together and is a marker for these harmful clumps. The researchers used lab-grown brain cells and brain tissue from AxD patients to study this. They found that the clumps in AxD cells have more of this changed GFAP and a specific enzyme, caspase-6, which cuts GFAP. This cutting seems to make the clumps worse. The study also found that younger AxD patients have more of this changed and cut GFAP. This research helps understand how AxD affects brain cells and might lead to new ways to treat or diagnose this disease."
elife-22900-v3,"The research explores how two proteins, XRCC4 and XLF, work together to repair damaged DNA. These proteins form complexes that help bring together broken DNA ends, making it easier for another protein, DNA ligase, to seal the breaks. The study found that the tails of these proteins play a crucial role in this process. When these tails are modified to mimic phosphorylation, the complexes form but dissociate from DNA more quickly, reducing their ability to hold DNA ends together. This suggests that the tails help stabilize the DNA-protein complexes, which is essential for efficient DNA repair. The findings also indicate that these complexes do not promote a type of DNA repair that is less accurate, known as alternative non-homologous end joining (a-NHEJ). Overall, the research provides insights into the molecular mechanisms of DNA repair, which is vital for maintaining genetic stability and preventing diseases like cancer."
elife-09960-v2,"The research paper discusses a database called Hippocampome.org, which aims to organize and make accessible detailed information about different types of neurons in the hippocampus, a part of the brain crucial for memory and learning. The hippocampus is divided into specific regions, and neurons within these regions have unique structures and functions. The database categorizes neurons based on where their axons (nerve fibers that transmit signals) and dendrites (nerve fibers that receive signals) are located within these regions. It also includes information on neurotransmitters (chemicals that transmit signals between neurons), molecular markers, and electrophysiological properties (how neurons generate and transmit electrical signals). The database is designed to be user-friendly, allowing researchers to easily find and verify information about specific neuron types. This is important because it helps scientists understand the complex network of neurons in the hippocampus, which is essential for studying brain function and diseases like Alzheimer's and epilepsy. The database provides a comprehensive and organized way to access a wealth of data, making it easier for researchers to conduct studies and develop new treatments."
elife-17331-v1,"The study explores how decisions are made in complex tasks, focusing on whether decisions are made in a flat (simultaneous) or hierarchical (step-by-step) manner. The researchers wanted to understand this because it affects how we process information and make choices. They analyzed data from previous studies and tested different models to see which one best explained the decision-making process. The findings showed that decisions are often made hierarchically, with evidence being integrated in parallel for different levels of decisions. This means that people can consider multiple pieces of information at once but still make decisions in a structured way. The study also found that flat models, which assume all decisions are made simultaneously, do not accurately explain the observed behavior. This research helps us understand how the brain processes complex information and makes decisions, which is crucial for fields like psychology, neuroscience, and artificial intelligence."
elife-01623-v1,"The research paper explores how a specific part of a protein, called the switch II glutamine, affects the activation and deactivation of another protein called Rab. Rabs are crucial for moving materials within cells. The study found that the role of this switch II glutamine varies depending on the specific Rab protein and the other proteins it interacts with. For some Rabs, like Rab1, this glutamine is important for both turning the Rab on and off. For others, like Rab5, it mainly affects how quickly the Rab turns off. The findings suggest that mutations in this part of the protein can significantly alter how Rabs function, which could have implications for understanding and treating diseases related to cellular transport issues. This research helps clarify the complex process of Rab activation and deactivation, highlighting the importance of specific interactions within these proteins."
elife-08848-v2,"The research paper investigates the role of a protein called KDM1A in early mouse development. The study aims to understand if KDM1A is crucial for the successful development of embryos after fertilization. The researchers created mice with altered KDM1A levels and observed the outcomes. They found that embryos from mothers with reduced or no KDM1A often failed to develop properly, showing increased fragmentation and degradation. Specifically, these embryos struggled to activate their own genes after fertilization, a process known as the maternal-to-zygotic transition (MZT). This failure led to poor embryo survival. The findings highlight the importance of KDM1A in early embryonic development, suggesting that it plays a key role in ensuring that embryos can properly activate their genes and develop normally. This research could have implications for understanding fertility issues and early developmental problems in humans."
elife-01524-v1,"The research paper investigates the role of a protein called synaptotagmin 7 (syt 7) in the brain's neurons, specifically in how it affects the release of neurotransmitters, which are chemicals that allow neurons to communicate with each other. The study found that syt 7 is crucial for the replenishment of neurotransmitters after they have been released, a process known as synaptic vesicle (SV) replenishment. When syt 7 is missing, this replenishment process is significantly slowed down, leading to reduced neurotransmitter release. The researchers also discovered that syt 7 acts as a calcium sensor, meaning it helps detect the presence of calcium, which is essential for triggering the release of neurotransmitters. This finding is important because it sheds light on the molecular mechanisms behind neurotransmitter release, which is fundamental to understanding how the brain functions and how neurological disorders might arise. The study used various techniques, including electrophysiological recordings and imaging, to observe the behavior of neurons with and without syt 7. The results highlight the specific role of syt 7 in maintaining efficient neurotransmission, which is vital for proper brain function."
elife-05154-v1,"The study investigates whether handshakes serve a purpose in social communication through smell. The researchers observed that people often bring their hands to their nose and sniff after shaking hands, especially with someone of the same gender. This behavior suggests that handshakes might help people gather information about others through scent. The study found that people are more likely to sniff the hand they used to shake hands, indicating that they might be trying to detect smells from the other person. The findings imply that handshakes could play a role in social interactions by allowing people to exchange and detect chemical signals, which might help in recognizing or evaluating others. This research sheds light on the potential importance of smell in human social behavior, even if we are not always aware of it."
elife-00481-v1,"The research investigates how dengue virus (DENV) infection affects blood vessels, specifically focusing on the role of mast cells (MCs). Mast cells are immune cells that release substances that can increase the permeability of blood vessels, allowing immune cells and other factors to reach infected tissues. The study used mice to understand this process better. They found that when mice were infected with DENV, their blood vessels became more permeable, and this effect was dependent on mast cells. The researchers also observed that treating the mice with a drug that stabilizes mast cells reduced the vascular permeability caused by DENV. Additionally, they found that mast cells release various substances, such as leukotrienes and proteases, which contribute to the increased permeability of blood vessels. The findings were further supported by examining human clinical samples, which showed that mast cells are activated during DENV infection. This research highlights the significant role of mast cells in the vascular complications associated with severe dengue infections, suggesting that targeting mast cells could be a potential therapeutic strategy."
elife-15161-v1,"The research investigates how the protein MYC binds to DNA in cells, specifically in U2OS cells, and how this binding changes when MYC levels are increased. MYC is a crucial protein involved in cell growth and division, and understanding its behavior is important for cancer research. The study found that at normal levels, MYC binds to about 5,500 promoters in the DNA. When MYC levels are artificially increased using doxycycline, this number rises to about 8,400. The researchers also discovered that MYC preferentially binds to high-affinity sites first, and as its levels increase, it starts binding to lower-affinity sites as well. This means that at normal levels, MYC regulates genes with the strongest binding affinity, but when overexpressed, it can regulate a broader range of genes, including those with weaker binding sites. The findings highlight the importance of MYC concentration in determining which genes it regulates, which is crucial for understanding how MYC drives cancer cell growth."
elife-40578-v2,"The research explores how muscle fatigue affects learning new motor skills. This is important because it helps us understand how fatigue might impact our ability to learn and perform tasks that require physical effort. The study involved several experiments with healthy participants. In one experiment, participants learned a task involving precise finger movements over two days. Those who were fatigued on the first day showed impaired learning on both days, even when they were not fatigued on the second day. Another experiment showed that fatigue did not affect learning a task that was more cognitive and required less physical effort. The researchers also found that fatigue specifically impacted the learning process, not just the immediate performance. This suggests that muscle fatigue can have lasting effects on how well we learn new motor skills, but these effects might be specific to tasks that require precise physical control. Understanding this can help in designing better training programs and rehabilitation strategies that account for the impact of fatigue on learning."
elife-41266-v1,"The research investigates how a specific gene, HbP2, is activated in the early development of fruit flies. The gene's activation creates a sharp boundary of expression along the front-to-back axis of the embryo, which is crucial for proper development. The study focuses on the role of a protein called Bcd, which binds to specific sites on the DNA to activate HbP2. The researchers created synthetic versions of HbP2 with varying numbers of Bcd binding sites to understand their contribution to the gene's activation pattern. They found that removing Bcd binding sites shifts the expression boundary toward the front of the embryo and reduces the sharpness of the boundary. However, even when all known Bcd binding sites are removed, the gene still shows a sharp activation pattern, suggesting that other proteins and factors also play a role. The study concludes that the simple model of Bcd binding to DNA sites is not enough to explain the sharp activation of HbP2, and that additional factors, such as other proteins and DNA accessibility, are necessary to fully understand this process. This research helps to uncover the complex mechanisms that control gene activation during early development."
elife-13087-v1,"This research investigates how structural variations (SVs) in the genome, which are common in childhood acute lymphoblastic leukemia (ALL), relate to transcription activity. The study focuses on specific regions of the genome where these SVs frequently occur, known as breakpoints. The researchers analyzed data from leukemia patients and found that these breakpoints often coincide with areas of high transcription activity. They identified specific features, such as convergent transcription (convT) and RNA polymerase II stalling, which are common at these breakpoints. The study also found that these features are present in regions without known genes, suggesting the presence of long non-coding RNAs. The findings indicate that transcription activity and certain DNA features play a significant role in the location of SVs in childhood ALL, which could help in understanding the disease's progression and developing targeted treatments."
elife-14730-v3,"The research paper investigates a specific genetic alteration in breast cancer cells that leads to the production of a shortened version of a protein called MAGI3. This shortened protein is created through a process called premature polyadenylation, where the cell mistakenly adds a tail to the RNA message too early, resulting in a truncated protein. The study found that this event is common in breast cancer tumors but rare in normal cells. The researchers also discovered that this truncated MAGI3 protein interferes with the normal function of the full-length MAGI3 protein, which is supposed to regulate another protein called YAP. YAP is known to play a role in cancer development. By disrupting the interaction between MAGI3 and YAP, the truncated MAGI3 protein may contribute to the growth and spread of cancer cells. This finding suggests that targeting this genetic alteration could be a potential strategy for developing new treatments for breast cancer. The study highlights the importance of understanding how genetic changes in cancer cells can lead to the production of abnormal proteins that drive cancer progression."
elife-00334-v1,"The research paper discusses the behavior of a protein called XPD, which is involved in unwinding DNA. The study aimed to understand how XPD works at a single-molecule level, focusing on the steps it takes to unwind DNA and how it handles obstacles. The researchers found that XPD unwinds DNA in steps of one base pair at a time, but it also occasionally takes larger steps backward and forward. These larger steps are not due to temporary DNA looping, as seen in other proteins. The study also showed that the rate of unwinding depends on the concentration of XPD and the sequence of the DNA. The findings help explain how XPD navigates through DNA, which is crucial for understanding its role in DNA repair and replication. This knowledge could be important for developing treatments for diseases related to DNA damage, such as cancer."
elife-14315-v2,"The research explores how stimulating specific brain cells, called inhibitory neurons (INs), affects blood flow in the brain. This is important because understanding this relationship can help us learn more about how the brain regulates its own blood supply, which is crucial for its proper functioning. The study used a technique called optogenetics to activate INs in mice and observed the resulting changes in blood vessels. They found that stimulating INs can cause blood vessels to either widen or narrow, depending on the type of IN activated. This effect was more pronounced with longer stimulation periods. The researchers also noted that the dilation initiated deeper in the brain than where the light stimulus was applied, suggesting that the signals might travel through the neurons' axons. Additionally, they compared the blood vessel responses to sensory stimuli and optogenetic stimulation, finding similar patterns. The findings support the idea that different types of INs mediate dilation and constriction of blood vessels, which is consistent with previous studies. Overall, this research provides insights into how the brain's blood supply is regulated, which could have implications for understanding and treating conditions related to brain blood flow."
elife-08752-v1,"The research investigates how a specific gene, Wfs1, affects behavior and stress responses in mice. The gene is found in various brain regions linked to stress and depression, such as the prefrontal cortex and hippocampus. The study shows that when Wfs1 is removed from these brain regions, mice exhibit increased depressive behaviors when exposed to stress. This suggests that Wfs1 plays a crucial role in helping the brain respond normally to stressful situations. The findings highlight the importance of this gene in maintaining mental health and could potentially lead to new treatments for stress-related disorders. The research also indicates that the prefrontal cortex, a key area for emotional regulation, is particularly sensitive to the loss of Wfs1, further emphasizing its role in stress resilience."
elife-40045-v2,"This research explores how two proteins, DLL1 and DLL4, interact with the Notch signaling pathway, which is crucial for various developmental processes in the body. The study aims to understand why these proteins, despite having similar structures, function differently in activating Notch receptors. Previous studies suggested that the differences lie in the intracellular parts of the proteins, but this research found that the extracellular parts are more important. The scientists created genetically modified mice with chimeric versions of these proteins, swapping parts between DLL1 and DLL4. They observed that the extracellular domain of DLL1 is essential for its specific function during the development of the body's segments, known as somites. Additionally, they found that DLL1 and DLL4 activate different Notch receptors with varying efficiencies, and this difference is also determined by their extracellular domains. The findings highlight the importance of the extracellular regions of these proteins in determining their functional roles in development, providing insights into how subtle differences in protein structure can lead to significant biological outcomes."
elife-05166-v1,"The research explores how tuberculosis (TB) spreads within a community by analyzing the genetic differences between TB strains in patients. In areas with high TB prevalence, it's challenging to trace the spread of the disease because many people can be potential sources of infection. The study used whole genome sequencing to track TB transmission by looking at small genetic differences, called single nucleotide polymorphisms (SNPs), between patients. They found that patients with up to 10 SNP differences were likely to be part of the same transmission chain. The study also identified that certain genetic lineages of TB were more likely to cause new infections than others. This research helps in understanding how TB spreads and can aid in developing better strategies to control and prevent the disease. By identifying which strains are more transmissible, public health efforts can be better targeted to reduce the spread of TB."
elife-37443-v3,"The research explores how the brain learns and produces sequences of movements, specifically focusing on the cerebellum's role in learning and executing multiple conditioned responses (CRs) in a sequence. The study is important because understanding how the brain coordinates complex movements can help in developing treatments for movement disorders. The researchers trained subjects to produce a sequence of eyelid movements using a specific stimulus. They then tested whether the second movement in the sequence was driven by feedback from the first movement or by the initial stimulus. The findings showed that the second CR was indeed driven by feedback from the first CR, not by the initial stimulus. This means that the cerebellum uses information from the first movement to generate the subsequent movements in a sequence. The implications are significant for understanding how the brain learns and executes complex motor sequences, which could lead to better therapies for conditions affecting motor control."
elife-03145-v1,"The research paper delves into the structural and functional dynamics of a protein called AcrB, which is crucial for bacteria to expel toxins and antibiotics. The study focuses on how specific parts of the protein change shape and interact with protons (positively charged hydrogen atoms) to facilitate this expulsion process. The researchers found that certain amino acids within the protein act as a relay system for protons, switching between different states to allow protons to enter and exit the protein. This switching mechanism is essential for the protein's function, as it helps to efficiently transport substances out of the bacterial cell. The study also examined how mutations in these key amino acids affect the protein's structure and function, providing insights into how bacteria might develop resistance to antibiotics. Overall, understanding these molecular details can help in designing better strategies to combat antibiotic-resistant bacteria."
elife-00178-v1,"This research explores how a protein called NOVA affects the levels of certain messages (transcripts) in the brain. These messages are instructions for making proteins, and their levels can influence brain function. Previous studies had shown that NOVA binds to specific sites near alternative exons and poly(A) sites, but it wasn't clear if NOVA also regulates the overall amount of these messages. The researchers found that NOVA can both increase and decrease the levels of specific transcripts. They identified 14 transcripts where NOVA significantly affects their steady-state levels, meaning the amount present in the cell at any given time. One of these transcripts, Dlg3, showed the most significant change. The researchers discovered that NOVA not only binds to Dlg3 but also regulates its splicing, which is the process of removing non-coding parts of the transcript. This regulation involves a mechanism called nonsense-mediated decay (NMD), which degrades faulty messages. The study also found that NOVA's effects on these messages can change in response to seizures, suggesting that NOVA plays a dynamic role in maintaining proper transcript levels in the brain. This research highlights the importance of NOVA in regulating gene expression and its potential impact on brain function and disorders."
elife-10115-v2,"The research paper explores the role of a protein called GWL in cancer cell behavior. The study found that when GWL is overactive, it promotes cancer cell growth, movement, and invasion. This is significant because understanding how GWL works could help in developing new cancer treatments. The researchers conducted experiments by altering GWL levels in various cell lines. They discovered that high GWL activity increases a process called AKT phosphorylation, which is crucial for cell survival and growth. When they inhibited AKT, the harmful effects of high GWL were reduced. This suggests that targeting AKT could be a strategy to counteract the effects of overactive GWL in cancer. The findings highlight the importance of GWL in cancer progression and point to potential therapeutic targets for treating aggressive tumors."
elife-36688-v3,"The study explores how to make macrophages, a type of immune cell, more effective at targeting and engulfing cancer cells. Macrophages naturally engulf and digest debris and pathogens, but they often struggle with cancer cells due to signals that tell them not to attack. Researchers engineered macrophages to express special receptors called CAR-Ps, which help them recognize and engulf cancer cells marked with specific proteins like CD19. They found that certain CAR-Ps, particularly those with Megf10 or FcRɣ domains, significantly improved the macrophages' ability to engulf cancer cells. These modified macrophages could specifically target and engulf cancer cells, even when the cells were larger or had protective signals. The study also showed that these engineered macrophages could reduce the number of cancer cells over time. This research suggests a promising approach to enhancing the immune system's ability to fight cancer by making macrophages more effective at targeting and destroying cancer cells."
elife-48916-v1,"The research investigates how cancer cells spread to lymph nodes, focusing on a specific type of immune cell called macrophages. These macrophages, found in the lymph nodes, express a protein called Siglec1. The study shows that cancer cells use these Siglec1-expressing macrophages as a foothold to establish themselves in the lymph nodes. When the researchers reduced the amount of Siglec1 in these macrophages, cancer cells had a harder time surviving and growing. They also found that a specific gene, St3gal3, helps cancer cells stick to these macrophages, aiding their spread. Without this gene, cancer cells couldn't form stable colonies in the lymph nodes. This research highlights the importance of Siglec1 and St3gal3 in cancer metastasis, suggesting potential targets for new treatments to stop cancer from spreading."
elife-66609-v2,"The research explores how the brain regulates the release of a hormone called vasopressin (AVP), which helps control water balance in the body. Specifically, it looks at how different brain regions and neurons influence AVP neurons before and after drinking water. The study found that certain excitatory and inhibitory neurons in the brain's MnPO/OVLT region play crucial roles in adjusting AVP neuron activity in response to water cues and drinking. Excitatory neurons from the MnPO/OVLT and another region called the SFO help reduce AVP neuron activity before drinking, while inhibitory neurons from the MnPO/OVLT are important for the drop in activity after drinking. This research helps us understand how the brain manages water balance and thirst, which is vital for maintaining overall health. The findings suggest that these brain regions work together to fine-tune the body's water regulation, ensuring that we drink enough water and maintain proper hydration."
elife-36491-v1,"The research paper compares two parasites, H. hammondi and T. gondii, focusing on their growth and gene expression in laboratory cultures. H. hammondi grows more slowly and forms cysts more readily than T. gondii. The study used RNA sequencing to analyze the genes active in both parasites at different times in their life cycles. They found that H. hammondi has a unique gene expression pattern, especially early in its development, which makes it more similar to certain stages of T. gondii that are rarely seen. This discovery is important because it identifies a specific window where H. hammondi can be effectively cultured, which could help in studying this less-understood parasite. The findings also suggest that H. hammondi might have different strategies for surviving and replicating compared to T. gondii, which could lead to new insights into how these parasites cause disease."
elife-07178-v2,"The research explores the development of bird embryos, specifically comparing finch and chicken embryos, to understand the early stages of cell differentiation. The study is important because it helps scientists understand how different species develop and how early cells become specialized. The researchers found that finch embryos are laid at an earlier stage of development compared to chicken embryos, and they are more similar to mouse embryos from which stem cells can be derived. This means that finch embryos might be a better model for studying early cell development. The study also showed that key markers of pluripotency, which are important for stem cell research, are present in finch embryos at the time they are laid. This suggests that finch embryos could be useful for creating stem cells that can develop into many different cell types. Overall, the findings highlight the potential of finch embryos for advancing stem cell research and understanding early development in birds."
elife-65074-v3,"The research paper discusses a method to estimate parameters in complex models more efficiently. Traditional methods often struggle with models that are too complicated to calculate directly, leading to slow and inefficient processes. The authors propose using neural networks (a type of artificial intelligence) to approximate the likelihood of different parameters, making the estimation process faster and more reliable. They tested this approach on various models and found that it works well, even for parameters that are typically hard to estimate. However, the method has some limitations, such as not enforcing that the estimated likelihoods are valid probability distributions, which could affect the accuracy of tail probabilities. The authors suggest that future work could address these issues by using more advanced techniques, like invertible flows or mixture density networks. Overall, this research offers a promising way to handle complex models more efficiently, which could be useful in many fields, from economics to neuroscience."
elife-06901-v2,"This research explores the role of a protein called ANO6 in cell membranes. The study aims to understand how ANO6 helps cells move certain lipids around, a process known as phospholipid scrambling (PLS). This process is crucial for various cellular functions, including cell death and blood clotting. The researchers found that ANO6 can trigger PLS when calcium levels inside the cell are high. They also discovered that the electrical currents associated with ANO6 seem to occur at the same time as PLS, suggesting that these currents might be a result of the lipid movement rather than a separate function. The study further shows that specific parts of the ANO6 protein are essential for both PLS and the associated currents, indicating that these processes are closely linked. This research helps clarify how ANO6 works and its importance in cellular processes, potentially leading to better understanding and treatment of related diseases."
elife-73869-v1,"The study investigated how growing rice alongside aquatic animals like carp, crabs, and turtles affects rice production and soil health. The researchers found that this method, called coculturing, increased rice yields and the efficiency of nitrogen use, which is crucial for plant growth. It also helped maintain soil nitrogen levels compared to growing rice alone. Additionally, the study showed that farmers could produce an average of 0.52 to 2.57 tons of aquatic animals per hectare, providing an extra income source. The prices for both rice and aquatic animal products were higher in these coculture systems. However, the study also noted that while coculturing has benefits, it's important to manage feed inputs carefully to avoid negative environmental impacts like nitrogen pollution. Overall, the findings suggest that coculturing rice with aquatic animals can be a sustainable and profitable approach for farmers."
elife-04395-v2,"The research aims to understand which animal species might be responsible for spreading Ebola between outbreaks. Over the past decade, scientists have narrowed down the list of potential animal hosts. The study maps areas in Africa where the environment is suitable for Ebola to spread from animals to humans. They found that all countries with known Ebola cases have these suitable areas, and they predicted similar risks in 15 other countries where Ebola has not been reported. The study also looked at how travel patterns have changed, showing increases in passenger volumes, which could affect the spread of the disease. By identifying these high-risk areas, the research helps in focusing efforts to prevent Ebola outbreaks and understand how the disease might spread in the future. This information is crucial for public health planning and preparedness, especially in regions where Ebola has not yet been detected but where the conditions for transmission exist."
elife-22219-v1,"The research explores how a protein called GNU is regulated during the maturation of egg cells (oocytes) in fruit flies. The study focuses on understanding the role of phosphorylation, a process where small molecules are added to proteins to change their activity, in controlling GNU's function. The researchers found that GNU is phosphorylated by an enzyme called CDK1 during oocyte maturation, which prevents GNU from activating another complex called PNG. This phosphorylation ensures that the PNG complex is ready for action but not prematurely activated. When the researchers created a version of GNU that couldn't be phosphorylated, it led to early activation of the PNG complex and affected the normal progression of cell division in the oocytes. This suggests that the phosphorylation of GNU by CDK1 is crucial for timing the activation of the PNG complex, which is essential for proper egg cell development and division. The findings highlight the importance of precise timing in biological processes and how small changes in protein regulation can have significant effects on cell behavior."
elife-08440-v2,"The study investigates how brain changes in Parkinson's disease (PD) relate to normal brain connections. Researchers compared brain scans of people with PD to those of healthy individuals, focusing on areas where the brain shrinks (atrophy) as the disease progresses. They found that the regions affected by PD atrophy overlap with specific brain networks that are normally active in healthy brains. This suggests that PD-related brain changes follow patterns of natural brain connectivity. The study also showed that the severity of atrophy in different brain regions is linked to how connected those regions are to a specific brain area called the substantia nigra, which is crucial in PD. This finding could help in understanding how PD spreads in the brain and in developing better ways to track the disease's progression."
elife-26414-v2,"This research focuses on improving the process of identifying synapses in the brain, which are the connections between neurons. Synapses are crucial for understanding how the brain works, but detecting them manually is time-consuming and expensive. The study introduces a new method called SynEM, which automates the detection of synapses and their connections. SynEM significantly speeds up the annotation process, reducing the time needed by about eight times compared to manual methods. The researchers trained SynEM using labeled data from mouse brain samples and tested its accuracy. They found that SynEM can detect synapses with high precision and recall, meaning it correctly identifies most synapses and has few false positives. This advancement is important because it makes large-scale brain mapping more feasible and cost-effective, helping scientists better understand brain connectivity and function. The method also shows promise for improving the detection of inhibitory synapses, which are less common but play a vital role in brain activity. Overall, SynEM represents a significant step forward in the field of connectomics, the study of brain connections."
elife-31200-v2,"The research explores how well people can perceive the orientation of edges using their sense of touch, particularly when the edges are short, as in tasks like buttoning. Previous studies showed that people can detect the orientation of longer edges quite accurately, but struggle with shorter ones. The researchers conducted an experiment where participants had to align a dial based on the orientation of a tactile edge they felt with their fingertip. They found that participants could align the dial quite accurately, even with very short edges, suggesting they use tactile information in a continuous way rather than trying to categorize specific orientations. The study also compared tactile and visual tasks, finding that tactile processing takes about 130 milliseconds longer. The findings highlight the importance of tactile feedback in fine motor tasks and suggest that the sense of touch is more sensitive to edge orientation than previously thought. This research is significant because it sheds light on how our sense of touch helps us perform precise movements, which is crucial for activities like surgery, crafting, and everyday tasks."
elife-09668-v3,"This study looked into how our brains process and store mental frameworks, or schemas, that help us understand and remember information. The researchers wanted to see how these schemas are formed and used over time. They conducted experiments over two days, measuring brain activity while participants retrieved information based on different schemas. On the first day, participants had trouble applying a non-spatial schema, showing slower reaction times and less confidence. However, after a 24-hour delay, their performance improved, suggesting that the brain needs time to consolidate these schemas. The study found that a specific brain region, the angular gyrus, plays a crucial role in combining different parts of a schema after this consolidation period. This means that our brains need time to organize and integrate new information into existing mental frameworks, which helps us remember and apply this information more effectively later on. The findings highlight the importance of sleep and time for learning and memory, showing that immediate retrieval isn't always the best indicator of long-term understanding."
elife-22978-v2,"The study looked at how brain activity in the hippocampus, a part of the brain important for memory, relates to the buildup of amyloid plaques, which are linked to Alzheimer's disease. Researchers found that higher hippocampal activity at the start of the study was associated with a faster increase in amyloid plaques over time. This relationship was specific to the hippocampus and not seen in other brain regions. The findings suggest that increased hippocampal activity might be an early sign of Alzheimer's disease progression, even before significant memory decline. This could help in identifying people at risk earlier and potentially developing better treatments. The study also showed that the initial levels of amyloid plaques did not solely drive these findings, indicating a more complex relationship between brain activity and amyloid buildup. Future research should track individuals with low initial amyloid levels to see if they eventually show increased hippocampal activity followed by amyloid deposition."
elife-22170-v2,"The research explores the role of a gene called Otp in the development of specific brain cells in zebrafish. These cells produce a hormone called oxytocin, which is important for social behavior and stress responses. The study found that in zebrafish with a mutation in the Otp gene, a new group of oxytocin-producing cells appeared in a different part of the brain. This discovery led researchers to investigate whether these cells also exist in normal zebrafish but are usually suppressed. They found that these cells do exist and that the Otp gene helps regulate their activity. The study also showed that these cells play a specific role in social behavior, as removing them affected the zebrafish's preference for being with others. This research helps us understand how genes influence brain development and behavior, particularly in relation to social interactions and stress responses."
elife-52125-v2,"The research investigates how a protein called Ocr can stop the process of transcription, which is how cells make RNA from DNA. This process is crucial for gene expression and protein production. The study found that Ocr binds to the RNA polymerase (RNAP), the enzyme responsible for transcription, and blocks it from interacting with other proteins called sigma factors that are needed to start transcription. By using advanced techniques like structural biology, the researchers showed that Ocr fits into the part of RNAP where sigma factors and DNA bind, effectively preventing transcription from starting. They also found that Ocr can displace sigma factors from RNAP, further inhibiting transcription. The findings suggest that Ocr can significantly reduce the activity of RNAP on various promoters, depending on the DNA's shape and structure. This research helps understand how transcription can be regulated and potentially controlled in cells, which is important for developing new treatments for diseases related to gene expression."
elife-05981-v2,"The research paper explores how different types of rhodopsin, a protein in the eye that helps detect light, affect the responses of rod cells in the retina. Rod cells are crucial for low-light vision. The study focuses on three types of rhodopsin: wild-type (WT), S → A, and T → A. The researchers found that T → A rhodopsin causes rod cells to have longer and more variable responses to light, with a distinctive plateau followed by a sudden recovery. This variability suggests that a single step in the desensitization process of T → A rhodopsin is prolonged. In contrast, WT and S → A rhodopsin responses are more similar and predictable. The study also shows that reducing the levels of certain proteins involved in rhodopsin regulation, like arrestin-1 and GRK1, affects the duration of these responses. Overall, the findings highlight how changes in rhodopsin can significantly alter the way rod cells respond to light, which is important for understanding vision and potential visual disorders."
elife-00067-v1,"This research explores how a protein called RecA interacts with DNA. RecA is crucial for repairing damaged DNA and ensuring genetic stability. The study investigates how RecA binds to single-stranded DNA (ssDNA) and then interacts with double-stranded DNA (dsDNA). Using advanced techniques, the researchers observed that when dsDNA docks onto a RecA filament formed on ssDNA, there are significant changes in the distance between the DNA strands, indicating dynamic interactions. They found that these interactions involve the dsDNA sliding along the RecA filament without being disrupted by homology recognition events, which means the dsDNA can move along the RecA filament without stopping to check for matching sequences. This sliding behavior is important because it suggests that RecA can scan DNA for matching sequences efficiently, which is vital for DNA repair processes. The findings help us understand the molecular mechanisms behind DNA repair and genetic stability, which are fundamental to maintaining healthy cells."
elife-50990-v2,"The research investigates how to reduce inflammation by targeting specific proteins called ErbBs. Inflammation is a natural response to injury or infection, but sometimes it can become chronic and harmful. Neutrophils, a type of white blood cell, play a key role in inflammation. The study found that inhibiting ErbBs can accelerate the death of neutrophils, which helps to resolve inflammation. The researchers used various models, including zebrafish, mice, and human cells, to show that ErbB inhibitors can reduce the number of neutrophils at the site of injury and promote their apoptosis, or programmed cell death. This finding is significant because it suggests that ErbB inhibitors could be a potential therapeutic strategy for treating inflammatory diseases. The study also showed that ErbB inhibitors can work even in the presence of inflammatory stimuli, making them a promising target for conditions where inflammation is persistent and difficult to control. Overall, the research provides evidence that targeting ErbBs can help to resolve inflammation by promoting neutrophil apoptosis, offering a new approach to treating inflammatory diseases."
elife-18853-v2,"The research investigates how certain proteins influence the structure and function of mitochondria, specifically focusing on the inner membrane and its cristae, which are folds that increase the surface area for energy production. The study looks at proteins like Mgm1, Mic60, and Dnm1 to understand their roles in maintaining mitochondrial structure and function. The researchers found that Mgm1 is crucial for forming and maintaining lamellar cristae, which are sheet-like structures. Without Mgm1, mitochondria produce more tubular cristae and lose the ability to maintain mitochondrial DNA, which is essential for energy production. The study also shows that other proteins, like Mic60 and Dnm1, play roles in shaping the inner mitochondrial membrane, but their absence leads to different structural defects. Overall, the findings highlight the importance of these proteins in ensuring that mitochondria can produce energy efficiently. This research is significant because it helps us understand how mitochondrial structure is maintained and how disruptions in this process can lead to diseases."
elife-70317-v1,"The research explores how larvae change their behavior in response to carbon dioxide (CO2) over time. The study found that after 20 training sessions, larvae no longer avoided CO2 but also did not seek it out. This indifference was not affected by prior exposure to CO2 without reward. The researchers also discovered that the effects of training could be reversed if larvae were exposed to CO2 without reward during the testing period. Interestingly, larvae trained with just two cycles showed immediate changes in behavior but reverted to their initial avoidance of CO2 the next day. This suggests that the training effects are not permanent and can be influenced by subsequent experiences. The findings highlight the dynamic nature of larval behavior and the importance of context in shaping their responses to environmental cues."
elife-03164-v1,"This research investigates how a protein called eEF1A1 affects the production and movement of heat shock proteins (HSPs), which are crucial for cell survival under stress. HSPs help cells cope with high temperatures by repairing damaged proteins. The study found that when eEF1A1 is reduced, the production of HSP70 mRNA (a type of HSP) decreases, and the mRNA that is produced accumulates in the nucleus instead of moving to the cytoplasm where it can be used to make proteins. This suggests that eEF1A1 is essential for the proper export of HSP70 mRNA from the nucleus to the cytoplasm. The research also shows that eEF1A1 binds directly to the HSP70 mRNA, particularly at its 3' end, during heat shock. This binding is important for the efficient export of HSP70 mRNA. The findings highlight the critical role of eEF1A1 in the cell's response to heat stress, ensuring that HSPs are produced and transported correctly to protect the cell."
elife-53392-v2,"The research explores how a protein called ZCWPW1 interacts with another protein, PRDM9, during a process called meiosis, which is crucial for reproduction. PRDM9 helps to initiate breaks in DNA, which are essential for genetic recombination, a process that creates genetic diversity. The study found that ZCWPW1 is recruited to the same sites on the DNA where PRDM9 binds, but ZCWPW1 is not necessary for PRDM9 to initiate these DNA breaks. Instead, ZCWPW1 seems to play a role in helping to repair these breaks more efficiently, especially when the DNA breaks occur at sites where PRDM9 is strongly bound. The research also shows that ZCWPW1 can bind to DNA independently of PRDM9, but its binding is strengthened when PRDM9 is present. This interaction is important because it helps to ensure that DNA breaks are repaired correctly, which is vital for the production of healthy eggs and sperm. The findings suggest that ZCWPW1 is a key player in the process of meiosis, working alongside PRDM9 to maintain genetic diversity and reproductive health."
elife-65715-v3,"The research paper investigates how DNA methylation, a process that can change how genes are expressed, differs in people with Paget's disease of bone (PDB) compared to those without it. PDB is a condition that affects bone remodeling. The study found that certain areas of DNA are more methylated in PDB patients, and these changes were consistent across different sets of data. The researchers also identified specific gene regions that showed significant methylation differences. They found that many of these methylation changes in blood samples correlated with changes in bone tissue, suggesting that blood samples could be used to study PDB. The study highlights genes related to immune cell function, which are important in PDB. However, the researchers note that more work is needed to understand how these methylation changes affect gene expression in PDB patients, particularly in the cells directly involved in the disease. This research could help in developing better ways to diagnose and treat PDB by understanding the underlying genetic changes."
elife-10450-v2,"The research explores how the brain processes touch information from two types of nerve fibers: rapidly adapting (RA) and Pacinian (PC) fibers. These fibers send signals to the brain's somatosensory cortex, which is responsible for touch perception. The study found that RA fibers have a stronger influence on the overall firing rates of neurons in the somatosensory cortex. This means that RA fibers are crucial for determining how often these neurons fire in response to touch. On the other hand, PC fibers play a significant role in the precise timing of these neural responses, especially at high frequencies. This precise timing is important for tasks that require fine touch discrimination. The research also showed that the brain integrates information from both types of fibers differently, with RA fibers providing a more consistent and less frequency-dependent signal. This balance helps explain why our touch perception remains stable across different frequencies and amplitudes of touch stimuli. Overall, the study highlights the complementary roles of RA and PC fibers in touch perception, with RA fibers driving the overall activity and PC fibers fine-tuning the timing of neural responses."
elife-02996-v1,"The study focused on understanding a specific modification in histone proteins, which are crucial for DNA packaging and gene regulation. Histones can have various chemical tags, known as post-translational modifications (PTMs), that influence how genes are expressed. The researchers looked at a particular tag, H3K23me3, in the organism Tetrahymena. They found that this tag is highly present during the early stages of meiosis, a type of cell division for sexual reproduction. The tag is specific to the germline, the cells that produce eggs and sperm. Interestingly, the tag is linked to another modification, H3K27me3, and both are found together on a specific form of histone H3. The study also showed that removing H3K23me3 leads to changes in DNA breaks during meiosis, suggesting it plays a role in maintaining genome stability. Overall, the research highlights the importance of these histone modifications in regulating gene expression and ensuring proper cell division."
elife-16691-v2,"The research explores how cells remember how to turn on certain genes quickly when needed, a process called transcriptional memory. This is important because it helps cells respond efficiently to repeated stresses, like low inositol levels or salt stress. The study focuses on a gene called INO1 in yeast, which is involved in inositol synthesis. The researchers found that a specific modification on histone proteins, called H3K4 dimethylation, is crucial for this memory. This modification helps recruit a complex called SET3C to the INO1 gene, which in turn helps RNA polymerase (RNAPII) bind to the gene's promoter region during memory conditions. The study also shows that other factors, like Sfl1 and the Mediator complex, are involved in this process. When these factors are removed, the cell loses its memory of how to quickly activate the INO1 gene. This research provides insights into how cells maintain and use transcriptional memory to respond to environmental changes efficiently."
elife-09373-v2,"The research paper investigates the development of tracheal structures in fruit fly embryos, focusing on the relationship between actin bundles, taenidial folds, and chitin structures. These components are crucial for the proper formation and function of the tracheal system, which is essential for the fly's breathing. The study examines how mutations in specific genes affect the organization and alignment of these structures. In wild-type embryos, actin bundles and taenidial folds are properly aligned and co-localized, ensuring the correct formation of the tracheal tubes. However, in mutant embryos with disrupted genes like tal/pri, DAAM, Btk29A, Blimp-1, and kkv, these structures are misaligned or absent, leading to improper tracheal development. The findings highlight the importance of these genes and their products in maintaining the correct organization of actin bundles and taenidial folds, which are essential for the proper development of the tracheal system. This research provides insights into the molecular mechanisms underlying tracheal morphogenesis and could have implications for understanding similar processes in other organisms, including humans."
elife-17600-v2,"The research paper investigates the activity of various proteins, specifically focusing on their ability to break down a molecule called ADPR. The study is important because understanding how these proteins work can help in developing treatments for diseases where ADPR plays a role, such as certain types of inflammation and cell death. The researchers created different versions of these proteins, including a new one called Chi4, and tested their activity under various conditions. They found that some proteins, like NUDT9 and Chi2, are very effective at breaking down ADPR, especially in basic environments. However, Chi4 and another version called NUDT9H did not show significant activity, likely due to changes in their structure. The findings suggest that the environment's pH and the protein's structure greatly influence their ability to function. This research helps clarify how these proteins work and could lead to better therapeutic strategies for related diseases."
elife-51150-v2,"The research investigates how specific proteins, Myo1 and Cam1, interact during the process of endocytosis, which is how cells absorb molecules from their environment. The study found that Cam1 binds to Myo1 at low calcium levels and that this interaction is crucial for the proper functioning of endocytic patches, which are sites where endocytosis occurs. The researchers used advanced imaging techniques to observe these interactions in real-time. They discovered that Cam1 dissociates from Myo1 before Myo1 leaves the endocytic patch, and this process is regulated by the phosphorylation of Myo1 at a specific site (S742). The study also showed that another protein, Cam2, has different dynamics compared to Cam1 and Myo1 at endocytic foci. The findings suggest that the phosphorylation of Myo1 at S742 is essential for modulating the activity of endocytic proteins and ensuring proper endocytosis. This research provides insights into the molecular mechanisms underlying endocytosis, which is vital for cell function and survival."
elife-33125-v2,"The research paper discusses a new method called Spot-On, designed to analyze the movement of proteins within the nucleus of cells. The study addresses biases that can occur when tracking proteins that move quickly in a three-dimensional space, which can lead to inaccurate results. Spot-On corrects for these biases, particularly the issue of proteins moving out of the focus of the microscope, which can make it seem like there are fewer fast-moving proteins than there actually are. The method was tested on simulated data and showed that it can accurately estimate the number of different types of protein movements and their speeds. Spot-On was also found to be robust, meaning it works well even with limited data or slight errors in the measurements. This tool is important because it provides a more accurate way to study how proteins move within the nucleus, which is crucial for understanding many cellular processes. The findings suggest that Spot-On can help researchers get more reliable data from experiments, leading to better insights into protein behavior and cellular functions."
elife-72976-v3,"The research explores how people in the Mesolithic period, around 9500 years ago, used plants for food in the Danube Gorges region. This period is important because it helps us understand the transition from hunter-gatherer lifestyles to agriculture. The study analyzed starch granules and phytoliths found in the dental calculus (plaque) of 12 individuals from this region. These tiny plant remnants can reveal what kinds of plants people ate. The findings showed that these early foragers consumed a variety of wild grains, including species from the Triticeae tribe, which includes modern wheat and barley. The presence of starch granules still lodged in their amyloplast suggests that these grains were partially processed, indicating early steps towards food preparation techniques. This research provides evidence that plant foods played a significant role in the diets of Mesolithic people, challenging the idea that they relied solely on hunting and gathering. It also highlights the importance of dental calculus analysis in understanding ancient diets."
elife-00333-v1,"The research focuses on understanding how the influenza virus fuses with host cells, a crucial step in infection. The study investigates the role of a protein called hemagglutinin (HA) in this process. HA undergoes specific changes to help the virus merge with the host cell membrane. The researchers found that, on average, three to four HA trimers are needed for successful fusion. These trimers work independently but must coordinate to create a continuous channel between the virus and the host cell. The study also showed that the fusion process involves an intermediate step where the virus temporarily attaches to the host cell before fully merging. This attachment is irreversible and requires the insertion of fusion peptides from multiple HA trimers. The findings help explain the mechanics of viral entry into host cells and could inform the development of new antiviral strategies."
elife-12790-v2,"The research paper explores the role of a protein called GCC185 in the cell's Golgi apparatus, which is crucial for sorting and packaging proteins. The main question is how GCC185 helps in capturing and tethering transport vesicles, which are small packages that move proteins within the cell. This is important because understanding this process can help in comprehending how cells manage protein traffic, which is essential for their proper functioning. The researchers conducted experiments to see which parts of the GCC185 protein are involved in binding to these vesicles. They found that the N-terminal part of GCC185, specifically the first 358 amino acids, is essential for capturing vesicles. This part of the protein can splay out, making it more effective at binding vesicles. The study suggests that GCC185 is anchored to the Golgi apparatus at its C-terminal end and uses its flexible N-terminal end to capture vesicles decorated with specific markers like Rab9 and AP-1. This flexibility allows GCC185 to bring vesicles close to the Golgi membrane, facilitating the transfer of proteins. The findings indicate that GCC185 does not act like a rigid structure but rather as a flexible tether, adapting to capture and position vesicles efficiently. This understanding can provide insights into cellular mechanisms and potential targets for therapeutic interventions in diseases related to protein trafficking."
elife-02848-v2,"This research explores how certain fatty acids, like oleic acid, affect the ability of proteins called MSI1 and MSI2 to bind to RNA. These proteins are important because they help regulate gene expression, which is crucial for many biological processes. The study found that oleic acid and a similar fatty acid, eicosenoic acid, can reduce the affinity of MSI1 and MSI2 for RNA. This means that these fatty acids can interfere with the proteins' normal function. The researchers used various techniques, including fluorescence measurements and molecular dynamics simulations, to understand how the fatty acids interact with the proteins. They discovered that oleic acid binds to a specific part of MSI1, changing its structure and making it less able to bind to RNA. This finding is significant because it shows that fatty acids can directly influence protein function, which could have implications for understanding diseases where gene regulation goes awry. The study also highlights the potential for developing therapies that target these interactions to correct faulty gene regulation."
elife-54898-v1,"The research paper investigates the frequency and distribution of errors in RNA transcripts, which are copies of DNA that cells use to make proteins. The study found that these transcript errors are much more common than genetic mutations. The errors were found to be randomly distributed across most genes, but there were a few exceptions. The error rates varied between different types of RNA, such as protein-coding RNA and non-coding RNA, depending on the organism. The majority of these errors would lead to changes in the resulting proteins if translated. Interestingly, the errors tended to increase towards the end of the RNA sequences, suggesting a higher frequency of nonsense errors that could disrupt protein production. The study also confirmed that these errors are not due to technical issues like sequencing mistakes. The findings highlight that transcript errors are a significant and widespread phenomenon, challenging the traditional focus on stop codon-related errors in RNA surveillance mechanisms. This research underscores the importance of understanding transcript errors for a comprehensive view of cellular processes and potential implications for genetic disorders."
elife-06587-v1,"The research investigates how two proteins, LLG1 and FER, work together in plants to control growth and development. The study found that plants lacking either LLG1 or FER show similar problems in growth and development, such as reduced bending of the seedling hook and issues with root hairs and trichomes. This suggests that both proteins are crucial for the same processes. The researchers also discovered that LLG1 helps FER to stay properly located on the cell membrane, which is essential for its function. When LLG1 is missing, FER ends up inside the cell instead of on the membrane, leading to various developmental issues. This work highlights the importance of these proteins in plant growth and development, and understanding their interactions could help in improving plant breeding and agriculture."
elife-37349-v1,"The research paper explores how neurons in the brain connect and communicate with each other. The main question is how strong and reliable these connections are, and how they change over time or under different conditions. This matters because understanding these connections can help us learn more about how the brain processes information and how it might go wrong in diseases like Alzheimer's or schizophrenia. The researchers used advanced techniques to record the electrical signals between neurons in both mouse and human brain tissue. They found that most connections are quite weak, with signals less than 0.5 millivolts. They also discovered that the strength and reliability of these connections can vary greatly, with some getting stronger with repeated use (facilitation) and others getting weaker (depression). The study highlights the challenges in measuring these connections accurately and suggests that future research should carefully consider these factors. Overall, the findings provide important insights into the complex and dynamic nature of brain connectivity."
elife-09214-v2,"The research focuses on a phenomenon called ""transcription read-through"" in clear cell renal cell carcinoma (ccRCC), a type of kidney cancer. This happens when the process of copying DNA into RNA doesn't stop at the right place, leading to extra RNA being produced. The study found that this read-through is common in ccRCC, especially in cases where a gene called SETD2 is mutated. The researchers looked at RNA data from many ccRCC samples and found that read-through occurs in hundreds of genes. They also discovered that this read-through can affect the genes next to the ones where it happens, sometimes even creating unusual RNA molecules. This is important because it shows that mutations in SETD2 can lead to widespread changes in how genes are expressed, which might contribute to cancer development and progression. Understanding this process could help in developing new treatments for ccRCC."
elife-22962-v3,"The research explores how different types of neurons respond to various frequencies of input signals. The study is important because it helps us understand how neurons process information, which is crucial for brain function. The researchers created models of neurons with different properties and tested how they reacted to inputs at different frequencies. They found that neurons with certain properties, called somatodendritic H models, could follow higher frequencies better than others. When a specific property, called H, was blocked, the neurons had trouble responding to their preferred frequencies, especially the somatodendritic H models. However, even with this block, the somatodendritic H models still maintained a broad range of responsiveness to theta frequencies. The study also showed that other properties, like Kdrs and KA, affected how well the neurons could follow high-frequency inputs. Overall, the findings suggest that the specific properties of neurons play a significant role in how they process and respond to different frequencies of input signals, which is essential for understanding brain function and potentially developing treatments for neurological disorders."
elife-34944-v3,"The research explores how certain chemicals, like serotonin (5-HT) and cocaine, interact with a protein called SERT, which is crucial for regulating serotonin levels in the brain. When these chemicals bind to SERT, they cause electrical changes in the cell membrane, which can be measured as currents and changes in capacitance. The study found that both 5-HT and cocaine cause a reduction in membrane capacitance, indicating that they bind to SERT in a similar way. Interestingly, the changes in capacitance were more pronounced at positive voltages, suggesting that SERT enters a different state at high voltages. The researchers also observed that another drug, desipramine, caused a biphasic change in capacitance, meaning it had different effects at low and high concentrations. These findings help us understand how SERT works and how different drugs interact with it, which is important for developing better treatments for conditions like depression and anxiety, where serotonin regulation is often disrupted. The study also highlights the importance of measuring capacitance changes to accurately determine how strongly drugs bind to SERT."
elife-48051-v2,"The research paper explores how immune cells behave in different types of brain lesions, particularly in multiple sclerosis (MS). MS is a disease where the immune system attacks the protective covering of nerve fibers, leading to various types of lesions in the brain. The study uses a technique called Imaging Mass Cytometry (IMC) to look at these lesions in detail. The researchers found that different types of immune cells, such as T cells and microglia, show specific patterns and behaviors in various stages of MS lesions. For example, they saw that microglia, which are immune cells in the brain, change their shape and activity depending on the type of lesion. They also found that B cells, another type of immune cell, are present in MS lesions but their exact role is still unclear. The study confirms previous findings about immune cell activity in MS lesions and suggests that further research is needed to fully understand the role of B cells in the disease. This work is important because it helps scientists better understand how the immune system contributes to MS, which could lead to new treatments."
elife-03528-v2,"The research paper explores the translation of small open reading frames (smORFs) in cells. SmORFs are short sequences of DNA that can produce small proteins, but their translation has been less studied compared to longer protein-coding sequences. The study uses a method called Poly-Ribo-Seq to detect and measure the translation of smORFs in Drosophila S2 cells. The findings show that a significant number of smORFs are translated, similar to the proportion of longer protein-coding sequences. The study also reveals that smORFs can be translated at levels comparable to longer ORFs, suggesting they play important roles in cellular processes. Additionally, the research identifies smORFs in non-coding RNAs and upstream open reading frames (uORFs), indicating that these short sequences might have functional roles previously overlooked. The study doubles the number of annotated smORFs with evidence of translation in Drosophila S2 cells, highlighting the potential importance of these small sequences in biology."
elife-17903-v3,"The research paper investigates how a specific mutation in histone H3, called H3K9M, affects gene silencing and heterochromatin assembly. Histones are proteins that package DNA in cells, and their modifications play crucial roles in regulating gene expression. The study found that the H3K9M mutation prevents the enzyme Clr4 from adding methyl groups to lysine 9 on histone H3, a process essential for gene silencing and the formation of heterochromatin, which is a tightly packed form of DNA. The mutation specifically traps Clr4, inhibiting its ability to spread and methylate adjacent nucleosomes. Interestingly, the interaction between Clr4 and H3K9M is regulated, and other modifications on histone H3 can alleviate this trapping. The findings suggest that the balance between Clr4 and histone H3 is critical for proper heterochromatin assembly. This research provides insights into how histone modifications and their interactions with enzymes regulate gene expression and chromatin structure, which are fundamental processes in biology."
elife-00078-v1,"The research paper investigates how DNA is packaged in a type of single-celled organism called archaea, specifically focusing on the species Haloferax volcanii. DNA in cells is often wrapped around proteins called histones to form structures called nucleosomes, which help control gene activity. The study found that archaea have shorter DNA segments wrapped around their histones compared to more complex organisms like humans. This shorter length affects how DNA is organized and accessed. The researchers created a detailed map of where these nucleosomes are located across the entire genome of Haloferax volcanii. They discovered that the regions where genes start and end have fewer nucleosomes, similar to what is seen in more complex organisms. This suggests that despite differences in DNA packaging, there are fundamental similarities in how genes are regulated across different types of life. The findings help us understand the basic principles of gene regulation and how life has evolved to manage its genetic information."
elife-28862-v1,"The research paper investigates how chloride and pH levels in lysosomes, which are small organelles inside cells, are affected by different genetic conditions and treatments. Lysosomes play a crucial role in breaking down waste materials and recycling cellular components. The study used specialized sensors to measure chloride and pH levels in lysosomes of coelomocytes, which are immune cells in worms. The researchers found that certain genetic modifications and treatments, such as the knockdown of specific genes or the use of chemicals like U18666A and NPPB, significantly altered the chloride and pH levels in lysosomes. For example, knocking down the snx-3 gene compromised lysosomal pH by 0.3 units, while knocking down the unc-32 gene compromised it by 0.2 units. The study also showed that varying doses of NPPB could selectively reduce lysosomal chloride without changing pH, which is important for understanding how these factors influence lysosomal function. These findings are crucial for understanding lysosomal storage diseases and developing targeted therapies."
elife-38992-v2,"The research explores how kidneys develop, specifically focusing on the relationship between the formation of nephrons (the functional units of the kidney) and the branching of the ureteric bud (UB), which forms the urine collecting system. The study challenges the idea that nephron formation influences the branching process or the behavior of cells involved in this development. Using advanced microscopy techniques, the researchers found that almost all UB tips have attached nephrons and that nephron formation does not precede or halt the branching process. They also observed that tips with attached nephrons continue to branch and proliferate. The findings suggest that nephron formation does not significantly impact the branching morphogenesis of the UB or the behavior of progenitor cells in the developing kidney. This research helps to better understand kidney development and may have implications for studying kidney diseases and regenerative medicine."
elife-33099-v2,"The research investigates how bacteria adapt to changing conditions during growth, focusing on the production of acetate and acetoin. When bacteria grow rapidly, they produce acetate, which can become toxic. The study found that some bacteria temporarily produce a protein called SucC to deal with acetate, while others produce AlsS to make acetoin, which neutralizes acidity. Using advanced techniques, the researchers observed that acetate production triggers a switch in bacteria to produce acetoin, helping them survive in acidic conditions. They also found that bacteria with the AlsS protein can create a better environment for other bacteria to grow. This research helps understand how bacteria adapt and survive in varying conditions, which is crucial for developing strategies to control bacterial growth and infections."
elife-02798-v1,"The study investigated how visual stimulation during movement affects the recovery of visual responses in mice after one eye has been deprived of vision for a prolonged period. The researchers used specific visual stimuli that activate most cells in the primary visual cortex and observed how these stimuli, combined with physical activity, influence the brain's ability to recover from visual deprivation. They found that mice that viewed visual stimuli while running showed significant improvement in the responses of the deprived eye, especially when the stimuli matched the type of visual experience during the activity. For example, mice that viewed moving patterns (gratings) while running had better recovery in responses to those patterns, while mice that viewed complex noise patterns had better recovery in responses to those noise patterns. This suggests that combining visual stimulation with physical activity can enhance the brain's ability to recover from visual deprivation, and the type of visual stimulus matters. The findings highlight the potential benefits of targeted visual and physical activities for recovering from visual impairments."
elife-67681-v3,"The research paper explores how the parasite Toxoplasma gondii interacts with different types of neurons in the brain. The study aims to understand if Toxoplasma targets specific neuron types or if it infects neurons randomly. The researchers used various techniques to map and analyze neurons infected with Toxoplasma in different brain regions, particularly the cortex and striatum. They found that Toxoplasma does not preferentially target specific neuron subtypes but instead infects neurons in proportion to their abundance in each region. The study also revealed that neurons infected with Toxoplasma, known as TINs, exhibit abnormal electrical activity, suggesting they may be sick or dying. Interestingly, neighboring uninfected neurons showed only minor changes in their electrical properties, indicating that the parasite's effects are more pronounced in directly infected neurons. This research helps to clarify how Toxoplasma interacts with the brain and could have implications for understanding how the parasite affects behavior and cognition in infected individuals."
elife-33220-v2,"The research paper explores sleep patterns in fruit fly larvae, specifically during the second instar stage. The study reveals that these larvae exhibit a structured sleep behavior, with more frequent and longer sleep periods early in this stage. The researchers found that larval sleep is reversible and can be defined as a state where the arousal threshold is higher than usual. After being deprived of sleep, the larvae showed increased sleep duration and deeper sleep, indicating a rebound effect. Interestingly, disrupting the circadian clock did not affect the larvae's sleep patterns, suggesting that sleep in these early stages is not regulated by the circadian system. The study also found that certain genetic mutations affecting adult sleep did not impact larval sleep, and there was no correlation between larval and adult sleep patterns. Additionally, stimulating specific neurons in the larvae reduced their sleep time, highlighting the role of these neurons in sleep regulation. Overall, the research provides insights into the developmental aspects of sleep and the underlying neural mechanisms in a simple model organism."
elife-11346-v2,"The study explores how specific brain cells in male fruit flies influence two behaviors: aggression and wing extension (a form of courtship). The researchers activated a small group of neurons called P1 neurons to see how this affected the flies' behavior. They found that activating these neurons increased aggression but did not significantly affect wing extension. This suggests that different behaviors might require different levels of neuron activation. When the researchers stimulated these neurons more intensely, they observed that aggression was suppressed during the stimulation but resumed quickly afterward, while wing extension decreased rapidly. This switch from wing extension to aggression seemed to depend on the presence of other male flies, as isolated flies continued wing extension even after the stimulation stopped. The findings indicate that the same set of neurons can control different behaviors depending on the context and the intensity of activation, highlighting the complexity of behavior regulation in the brain."
elife-00012-v1,"The research explores how the timing of neural activity can change how neurons respond to visual stimuli. This is important because it helps us understand how the brain learns and adapts to new information. The scientists used a technique called spike-timing-dependent plasticity (STDP) to pair neural activity with visual stimuli. They found that when a neuron's activity was timed to occur just after a visual stimulus, the neuron became more likely to fire in response to that stimulus. Conversely, when the neuron's activity was timed to occur just before the stimulus, it became less likely to fire. This effect was specific to the paired stimulus and did not affect responses to other stimuli. The study also showed that these changes in neural activity could rearrange how a neuron responds to stimuli presented at different locations. Overall, the findings suggest that STDP can significantly alter how neurons process sensory information, which has implications for understanding learning and plasticity in the brain."
elife-19993-v3,"The research paper explores a protein called GCNA, which is found in the germ cells of various organisms, including mice and humans. Germ cells are the cells that give rise to eggs and sperm. The study aims to understand the role and evolution of GCNA. The researchers found that GCNA is highly acidic and disordered in mice but has structured domains in other species, like humans. They discovered GCNA orthologs—similar versions of the protein—in over 200 different eukaryotic species, from animals to plants. Interestingly, these orthologs often have a large, disordered region at their N-terminus. The study also found that GCNA is specifically expressed in germ cells and not in other types of cells. This suggests that GCNA might play a crucial role in reproduction. The findings highlight the importance of disordered proteins in reproductive processes and open up new avenues for understanding how these proteins function in germ cells."
elife-57180-v1,"The research paper discusses a protein called Hsp90, which is important for many cellular processes. Hsp90 can switch between open and closed shapes, even without energy. The study found that certain conditions, like the presence of another protein called Aha1 or a crowded environment, make Hsp90 more likely to be in the closed shape. This shift towards the closed shape also increases the rate at which Hsp90 uses a molecule called ATP. The increase in ATP use doesn't directly match the increase in the closed shape, suggesting that the flexibility of Hsp90 is crucial for its function. The findings imply that Hsp90 needs help from other molecules to control its shape and function properly. Anything that makes Hsp90 more compact and less flexible can increase its activity, whether through specific interactions or general crowding. This highlights the importance of Hsp90's flexibility and its interactions with other molecules in regulating its activity."
elife-66590-v2,"The research explores how to predict future mortality rates in Europe, focusing on the impact of lifestyle factors like smoking, obesity, and alcohol. The study distinguishes between general mortality trends and those influenced by lifestyle factors. It finds that while general mortality trends are stable and can be extrapolated, lifestyle-related trends are more variable and require advanced projection techniques. The researchers project that lifestyle-attributable mortality will decline significantly by 2065, especially for women in countries with high current smoking rates. They also predict that differences in life expectancy between countries and sexes will decrease. The study suggests that using advanced methods to account for lifestyle factors results in more realistic and robust mortality projections compared to simple extrapolations. This approach indicates that life expectancy will continue to increase, challenging the idea of a fixed limit to human lifespan."
elife-54508-v2,"The research investigates how a protein called Spen interacts with certain genetic elements to regulate gene silencing, specifically during a process called X-chromosome inactivation (XCI). XCI is crucial for equalizing gene expression between males and females. The study found that Spen binds to specific regions of the X chromosome, including parts derived from ancient viruses, called ERVK elements. When Spen is removed, these ERVK elements become more active, suggesting that Spen helps to keep them turned off. The researchers also showed that Spen can bind to these ERVK elements in a similar way it binds to a key region of the Xist RNA, which is essential for XCI. To further understand this, they engineered cells to have multiple copies of an ERVK binding site on the X chromosome and found that Spen could still bind to this modified Xist RNA, leading to gene silencing. This work highlights the importance of Spen in maintaining proper gene regulation and suggests that ancient viral elements play a significant role in this process. The findings could have implications for understanding genetic disorders related to XCI and for developing new therapies."
elife-59885-v3,"The research explores how cells exit mitosis, a crucial phase in cell division. The study focuses on the roles of dephosphorylation (removing phosphate groups from proteins) and proteolysis (breaking down proteins) in this process. Previous work suggested that phosphatases, enzymes that remove phosphate groups, play a significant role in mitotic exit. The researchers found that even when protein degradation (proteolysis) and new protein synthesis were halted, cells could still exit mitosis properly. This indicates that dephosphorylation, rather than proteolysis, is key to coordinating the events of mitotic exit. The study also showed that certain proteins, like cyclin B, are degraded quickly, while others are degraded more slowly or not at all during this phase. The findings highlight the importance of phosphatases like PP1 and PP2A-B55 in ensuring that cells exit mitosis correctly, by dephosphorylating many substrates. This research helps us understand the molecular mechanisms that control cell division, which is essential for normal cell function and growth."
elife-10696-v1,"The research investigates how mice use their whiskers to sense their environment. Specifically, it looks at what information the brain uses from the whiskers to understand touch. The study found that the brain predicts whisker responses based on the rotational force (moment) acting on the whisker, rather than the angle of the whisker. When whiskers bend upon contact with an object, this bending is partially related to the whisker's angle and causes the brain to receive signals. The researchers used mathematical models to show that the bending moment is a better predictor of brain activity than the whisker's angle. This means that mice likely use the bending of their whiskers to determine the location and properties of objects they touch. Understanding this process can help in developing better sensors and robots that mimic animal senses."
elife-18816-v1,"The researchers wanted to understand how the brain's visual system develops in young rats. Specifically, they looked at the interactions between the lateral geniculate nucleus (LGN) and the primary visual cortex (VC) during a critical period of development. They recorded brain activity from these regions in young rats, both during and just after a phase called retinal waves, which are important for early visual system development. The study found that the VC plays a crucial role in shaping the activity patterns in the LGN during this developmental period. When the VC was silenced, the LGN's activity was significantly reduced, showing that the VC helps amplify and sustain the LGN's activity. Interestingly, this interaction changes over time. Early on, the VC mainly acts as an amplifier, but later, it becomes more involved in shaping the LGN's oscillations. As the rats matured, the VC's role shifted, and silencing it actually increased the LGN's activity, indicating a change in the feedback mechanism. The findings suggest that the VC and LGN work together in a complex way to develop the brain's visual processing abilities. This research helps us understand how the brain's visual system matures and how different brain regions interact during development."
elife-03563-v2,"The research focuses on understanding how telomerase, an enzyme crucial for maintaining the ends of chromosomes (telomeres), is recruited to these ends. Telomeres shorten with each cell division, and telomerase helps to lengthen them, which is vital for cell health and preventing aging. The study investigates the interaction between two key components: TPP1 and hTERT, which are parts of the telomerase complex. The researchers identified specific mutations in hTERT that affect its ability to interact with TPP1, thereby preventing telomerase from being recruited to telomeres. These mutations do not affect the enzyme's activity but rather its localization. The findings suggest that certain regions of hTERT and TPP1 directly interact through charge-based attractions. When these interactions are disrupted by mutations, telomerase cannot be properly recruited to telomeres, leading to telomere shortening. This research highlights the importance of these interactions in maintaining telomere length and could have implications for understanding aging and related diseases."
elife-09269-v2,"The research paper explores how certain genes interact to control flower development in plants. Specifically, it looks at the roles of the genes MP, BRM, and SYD. The study found that these genes work together to regulate other genes crucial for flower formation, such as LFY, ANT, FIL, and TMO3. The researchers used various techniques to show that MP helps BRM and SYD bind to these target genes, which is essential for proper flower development. They also discovered that the hormone auxin plays a role in this process by influencing the binding of these genes. The findings suggest that understanding these genetic interactions could help in manipulating flower development in plants, which could be useful in agriculture and horticulture."
elife-00324-v1,"The research investigates the role of a protein called soluble FLT-1 (sFLT-1) in preventing abnormal blood vessel growth in the eye, a condition known as choroidal neovascularization (CNV). CNV can lead to vision loss in diseases like age-related macular degeneration. The study found that reducing sFLT-1 levels in the eye increases the amount of another protein, VEGF-A, which promotes blood vessel growth. This increase in VEGF-A leads to the development of CNV. The researchers used various methods, including genetic modifications and antibody treatments, to suppress sFLT-1 and observed the resulting changes in VEGF-A levels and CNV formation. They confirmed that the CNV induced by sFLT-1 suppression is indeed due to the increase in VEGF-A. This research highlights the importance of sFLT-1 in maintaining healthy eye tissue by preventing unwanted blood vessel growth, and it suggests potential targets for treating CNV-related eye diseases."
elife-23130-v4,"The research explores how male fruit flies behave when paired with females, particularly focusing on their sleep patterns. The study found that male flies spend less time sleeping when they are with females because they are busy courting. This behavior is driven by specific neurons in the male flies' brains, called MS1 neurons. These neurons are activated by the presence of females and help keep the males awake so they can continue courting. The researchers also discovered that these MS1 neurons are part of a larger network that includes other neurons important for sexual behavior. This network ensures that males stay alert and engaged in courtship activities when females are present. The findings highlight the complex interplay between sleep and mating behaviors in male fruit flies, showing how their brains are wired to prioritize reproduction over sleep when the opportunity arises."
elife-42001-v2,"The research paper investigates how a molecular machine called DnaB unwinds DNA, which is crucial for processes like DNA replication. The study aims to understand the step size of DnaB during unwinding and how it handles obstacles like GC base pairs in an otherwise AT-rich DNA sequence. The researchers used a technique called FRET to monitor the unwinding process in real-time. They found that DnaB typically unwinds DNA in steps of about 4 base pairs, but it stalls when it encounters a GC base pair. This stall is temporary, and the helicase can resume unwinding after a short delay. The study also showed that the presence of another protein, DnaG, helps reduce the number of stalls during unwinding. Additionally, the researchers observed that DnaB can unwind DNA in single base pair steps under certain conditions, such as low ATP concentrations or the presence of ATPγS. This research provides insights into the mechanics of DNA unwinding, which is essential for understanding DNA replication and repair processes."
elife-43290-v2,"The research paper examines the impact of measles vaccination campaigns in India on child mortality rates from 2000 to 2013. Measles is a highly contagious disease that can be fatal, especially for young children. The study found that in states where measles vaccination campaigns were launched, the number of measles-related deaths among children aged 1-59 months significantly decreased. Specifically, measles mortality rates dropped by about 90% from 2000 to 2015 in India, and annual measles deaths fell from 62,000 to 24,000 from 2005 to 2013. The campaigns were particularly effective in reducing deaths among children aged 12-59 months, although the impact was less pronounced for infants aged 1-11 months. The study also noted that while the campaigns helped narrow the gender gap in measles mortality, girls still faced higher mortality rates compared to boys. Overall, the findings highlight the success of targeted vaccination campaigns in significantly reducing measles-related child deaths in India, demonstrating the importance of such public health interventions."
elife-11407-v3,"The research paper investigates how a protein called MgtA helps transport magnesium ions (Mg2+) into bacterial cells. Magnesium is crucial for many cellular processes, and understanding how MgtA works can help in developing new treatments for bacterial infections. The study found that MgtA's activity is highly sensitive to the concentration of free magnesium ions. At low concentrations, MgtA is very active, but as the concentration increases, its activity decreases. This suggests that MgtA is finely tuned to maintain the right amount of magnesium inside the cell. The researchers also found that MgtA works as a single unit (monomer) and that its activity is influenced by the presence of a specific type of lipid called cardiolipin. The findings indicate that MgtA plays a critical role in regulating magnesium levels within bacterial cells, which is essential for their survival and function. This knowledge could be used to develop drugs that disrupt magnesium transport, making bacteria more susceptible to antibiotics or other treatments."
elife-15598-v3,"The research explores how the protein SecA interacts with the SecY channel to control the movement of other proteins through cell membranes. The study is important because understanding this process can help in developing treatments for diseases caused by misfolded proteins or issues with protein transport. The researchers used advanced techniques like molecular dynamics simulations and single-molecule fluorescence measurements to observe the behavior of SecA and SecY. They found that SecA's binding to SecY causes the channel to open and close in response to different nucleotides (ATP and ADP). Specifically, ATP binding to SecA opens the channel, allowing proteins to pass through, while ADP binding closes it. The study also identified an intermediate state where the channel is partially open, suggesting a more complex regulation mechanism. Additionally, the researchers discovered that the 2-helix finger (2HF) of SecA acts as a sensor, detecting the passage of proteins and communicating this information back to SecA, influencing its nucleotide binding and release. This two-way communication ensures that the protein transport process is tightly regulated. The findings provide a deeper understanding of how cells manage protein transport, which is crucial for maintaining cellular health and function."
elife-58949-v1,"This research investigated how a substance called LCN2 in the blood changes after eating and how it affects hunger and food intake. The study is important because understanding these changes could help in developing new ways to manage weight and appetite. The researchers conducted several studies with young, healthy, lean women and found that LCN2 levels in the blood increased after eating a meal. Interestingly, higher LCN2 levels were linked to lower feelings of hunger. In another group of overweight and obese individuals, LCN2 levels decreased after eating. The researchers also found that giving LCN2 to monkeys reduced their food intake. This suggests that LCN2 might play a role in regulating appetite and could be a target for future treatments to help with weight management. The findings highlight the potential of LCN2 as a tool for understanding and controlling hunger, which could lead to new strategies for managing weight and related health issues."
elife-49826-v1,"The research focuses on understanding how moths detect their sex pheromones, which are crucial for mating. Scientists have identified many pheromone receptors in moths, but one key receptor for the major pheromone component in the Egyptian cotton leafworm (Spodoptera littoralis) had not been found. This receptor, SlitOR5, is highly expressed in male antennae but does not belong to the typical group of pheromone receptors. The study confirmed that SlitOR5 is indeed the receptor for the major pheromone component. This finding is significant because it shows that moths can use different types of receptors to detect pheromones, challenging the idea that all pheromone receptors belong to a single group. The research also suggests that similar receptors might exist in other moth species, highlighting the diversity and complexity of pheromone detection in insects. This understanding could help in developing better pest control methods by targeting these receptors."
elife-57127-v2,"The research paper explores how a specific enzyme, SMG1, interacts with and modifies another protein, UPF1. UPF1 is involved in a process called nonsense-mediated mRNA decay, which helps cells get rid of faulty messages that could lead to harmful proteins. The study focuses on how SMG1 recognizes and phosphorylates (adds a phosphate group to) specific sites on UPF1. Phosphorylation is a common way cells regulate protein activity. The researchers used advanced techniques like cryo-electron microscopy and mass spectrometry to understand this interaction at a molecular level. They found that SMG1 specifically targets a sequence in UPF1 known as LSQ, which includes a serine residue that gets phosphorylated. The structure of SMG1 helps position this serine correctly for phosphorylation. The study also showed that the presence of a glutamine right after the serine and a hydrophobic residue before it are crucial for efficient phosphorylation. This research helps us understand how cells regulate the activity of UPF1, which is important for maintaining proper gene expression and preventing diseases caused by faulty proteins."
elife-74005-v3,"The study examines the proteins found in the trophallactic fluid of ants, which is a substance exchanged among colony members. The researchers compared the proteins in this fluid between different types of ants and colonies. They found that forager ants had fewer identified proteins in their trophallactic fluid compared to nurse ants. The protein profiles tended to group by ant type, though not perfectly. The study identified specific proteins that differed significantly between young and mature colonies, between field and lab conditions, and between nurse and forager ants. Notably, proteins related to aging and metabolism were more abundant in nurse ants, which are closer to the brood and queen. The findings suggest that the trophallactic fluid's protein composition is influenced by the ant's role and the colony's environment, highlighting the complex social dynamics within ant colonies. This research helps understand how social interactions and environmental factors shape the biology of social insects."
elife-10781-v2,"The research explores how brain activity changes between wakefulness and slow-wave sleep (SWS). The study found that during SWS, certain areas of the brain, particularly in the cortex, become active earlier than other regions, such as the thalamus and brainstem, compared to when the person is awake. This shift in timing suggests that the brain's communication patterns change significantly during sleep. For example, the visual cortex becomes active earlier than the brainstem during SWS, and the paracentral lobule, a part of the brain involved in sensory and motor functions, shows reversed activity patterns compared to wakefulness. The researchers also noted that the range of activity timings is broader during SWS, indicating a slower propagation of brain signals. This reorganization of brain activity during SWS is thought to contribute to the reduced awareness experienced during sleep. The findings highlight how different brain networks interact differently during sleep versus wakefulness, leading to a state of ""network segregation"" where communication within specific brain modules is maintained, but communication between modules is altered. This research helps us understand the fundamental changes in brain function that occur during sleep, which is crucial for overall brain health and cognitive function."
elife-60474-v2,"The study investigates how genetic differences between species affect the activity of transposable elements (TEs), which are pieces of DNA that can move around within a genome. The researchers focused on yeast, which has a simple genome and reproduces quickly, making it ideal for this type of research. They found that the number of TEs varied significantly between different yeast lineages, but there was no evidence that these elements became more active in hybrid lineages, which are the result of crosses between different species. The study also showed that most TE insertions are either fixed in the population or present at very low frequencies, suggesting that natural selection efficiently removes harmful TE insertions. To further explore the effects of hybridization on TE activity, the researchers conducted a large-scale experiment where they created artificial hybrid yeasts and tracked changes in TE numbers over time. They found that the initial TE numbers in these hybrids were consistent with what would be expected from their parental strains, indicating no immediate increase in TE activity due to hybridization. Overall, the study suggests that while TEs can vary in number between different yeast lineages, hybridization does not necessarily lead to increased TE activity, and natural selection plays a significant role in controlling TE numbers."
elife-27854-v1,"The researchers wanted to find out if mobile phones could be used to identify different species of mosquitoes by their wingbeat sounds. This is important because mosquitoes spread diseases like malaria and dengue fever, and knowing where different species are can help control these diseases. The study involved recording the wingbeat sounds of mosquitoes using mobile phones and analyzing these sounds to see if they could be used to distinguish between species. The researchers found that the wingbeat frequencies of different mosquito species have distinct patterns, which can be captured by mobile phones. They also discovered that using additional information, like the time and place of the recording, can improve the accuracy of species identification. This means that mobile phones could be a useful tool for monitoring mosquito populations and helping to prevent the spread of mosquito-borne diseases. The study suggests that building local databases of mosquito wingbeat sounds can further enhance the accuracy of this method, making it a practical and accessible way to track mosquito species in different regions."
elife-51581-v1,"The research explores how bones develop and change in different types of animals, focusing on the structures within bones called trabeculae. In animals like urodeles (a type of salamander), bone formation involves the creation of small, round mineral structures called globuli ossei, which do not align in a specific direction. This results in a light, mesh-like bone structure. In contrast, other animals like Metoposaurus, Seymouria, and Discosauriscus show a different pattern where trabeculae form a fan-like structure with a clear orientation. The study also examines fossils to understand these processes in ancient animals. It finds that in some fossils, there are remnants of these mineral structures and patterns, indicating how bone formation and remodeling occurred in the past. This research helps scientists understand the evolution of bone structure and function across different species, providing insights into how bones adapt and change over time."
elife-19274-v1,"The research paper investigates how molecules move within a crowded cellular environment, focusing on both large macromolecules and smaller metabolites. The study found that the movement of macromolecules slows down as they get bigger, following a specific mathematical pattern. However, the local environment within the cell significantly affects how fast these molecules move, with some molecules moving much faster or slower depending on their surroundings. For smaller metabolites, the movement slows down even more rapidly with increasing size, contrary to some previous experimental findings. This rapid slowdown is due to the metabolites frequently interacting with larger macromolecules. The research highlights the complex interplay between molecule size, local crowding, and movement within cells, providing insights into how cellular environments influence molecular behavior. This understanding is crucial for comprehending various biological processes and could have implications for developing targeted therapies."
elife-28590-v2,"The research investigates how a specific gene, Shh, is activated in the developing limb of an embryo. Shh is crucial for proper limb formation, and its activation is controlled by a region of DNA called the ZRS. The study found that the ZRS and Shh gene are close to each other in the cell's nucleus, regardless of whether Shh is active or not. However, when Shh is activated, the ZRS interacts more with the Shh gene's promoter, a region that initiates gene expression. The researchers also discovered that certain signals, like FGF, and specific proteins, such as GABPα and ETV4, play important roles in preparing the ZRS to activate Shh. When FGF signaling is active, the ZRS is in a ""poised"" state, ready to turn on Shh. Conversely, when FGF signaling is inhibited, the ZRS loses this readiness. Additionally, the protein GABPα helps activate Shh, while ETV4 acts as a repressor, keeping Shh turned off outside its proper region. This research helps understand the complex process of gene activation during development, which is essential for normal growth and can provide insights into congenital disorders."
elife-53227-v2,"The research paper investigates how different proteins and molecules interact with a specific type of sensor, roGFP2, to understand the redox balance in cells. The study focuses on how roGFP2 reacts with various disulfides and reducing agents, such as glutathione (GSH) and trypanothione (T(SH)2). The researchers found that unfused roGFP2 does not react efficiently with disulfides and is more easily oxidized by certain proteins than by GSH. In contrast, roGFP2 fused with specific proteins, like Tpx and hGrx1, shows different reduction rates depending on the reducing agent used. The study also examines how these sensors respond to oxidative stress, such as hydrogen peroxide (H2O2), and how their responses are affected by the presence of other molecules. The findings suggest that the sensors can equilibrate with the cell's thiol/disulfide couples, providing insights into the redox state of the cell. This research is important for understanding how cells maintain their redox balance, which is crucial for their survival and function, especially in the context of parasitic infections and potential treatments."
elife-00723-v1,"The research paper investigates how nerve cells, or neurons, release and recover tiny packages called vesicles that contain chemicals for communication. The study focuses on what happens right after a nerve cell is stimulated. The researchers froze the animals at different times after stimulation to capture the process in action. They found that immediately after stimulation, vesicles fuse with the cell membrane to release their contents, and the number of docked vesicles decreases. By 50 milliseconds after stimulation, these fusion events are complete, and the vesicles that were docked are depleted. The study also observed large vesicles near specific structures in the nerve cells, which seem to help in recovering the membrane area used during vesicle fusion. This recovery process is crucial for the nerve cell to maintain its function and prepare for the next signal. The findings provide a detailed look at the dynamics of vesicle release and recovery, which are essential for understanding how nerve cells communicate effectively."
elife-68925-v2,"The research focused on creating and optimizing a method to generate somite-like structures, called ""Somitoids,"" from human induced pluripotent stem cells (hiPSCs). Somites are crucial for forming the body's skeletal muscles and vertebrae. The study aimed to find the best conditions for producing these structures consistently and efficiently. Researchers tested various combinations of signaling pathway modulators, such as FGF, WNT, BMP, and TGF-β, which are known to play roles in somite development. They found that treating day 3 organoids with specific inhibitors of FGF and WNT pathways, followed by a switch to basal media, resulted in the most reliable formation of somite-like structures. This optimized protocol was successful across different hiPSC lines, showing minimal variation. The study also confirmed that these Somitoids expressed key somite marker genes and exhibited proper patterning, indicating they closely mimic natural somite development. Additionally, the researchers successfully differentiated Somitoids into specific cell types, like sclerotome and dermomyotome, which are essential for forming bones and muscles. This work provides a valuable tool for studying human development and potential therapies for musculoskeletal disorders."
elife-16843-v1,"This research explores how fruit flies choose their food based on their nutritional needs and the role of serotonin in this process. The study found that starved flies prefer protein-rich food over sugar-rich food, indicating that their food choice is not solely based on caloric content but rather on their nutritional demands. The researchers also discovered that flies with mutations affecting serotonin signaling show different feeding behaviors and lifespan benefits when given a choice between different types of food. Specifically, these mutant flies lived significantly longer when they could choose their diet compared to when they were given a fixed diet. This suggests that serotonin plays a crucial role in how flies balance their nutrient intake and that the ability to choose their food can extend their lifespan. The findings highlight the importance of nutrient balance and the role of serotonin in regulating feeding behaviors and longevity in fruit flies."
elife-45311-v2,"The research focuses on understanding how the protein SsrB in Salmonella bacteria behaves under different conditions, particularly in acidic environments. This is important because Salmonella can survive and cause infections in acidic environments within the human body. The scientists used advanced imaging techniques to observe SsrB in live bacteria. They found that SsrB binds more strongly to DNA in acidic conditions, which suggests that acidity helps SsrB activate genes needed for Salmonella to survive and infect. This binding does not require SsrB to be phosphorylated, a common way proteins are activated. The study also showed that SsrB is distributed throughout the bacterial cell, indicating it regulates many genes beyond those in the SPI-2 locus, a specific region of the bacterial genome. These findings help explain how Salmonella adapts to different environments within the host, which is crucial for developing strategies to combat infections."
elife-08954-v1,"The research investigates how the loss of specific proteins, Esrp1 and Esrp2, affects gene splicing in the skin of mice. Gene splicing is a process where parts of a gene are included or excluded to create different versions of a protein. The study found that removing these proteins leads to significant changes in how genes are spliced, which in turn affects skin development and function. The researchers looked at various genes and found that some were fully affected by the loss of Esrp1 alone, while others required the loss of both Esrp1 and Esrp2 to show changes. This variable sensitivity suggests that these proteins play crucial roles in maintaining the skin's barrier function. The findings highlight the importance of proper gene splicing in skin health and could provide insights into skin disorders related to splicing defects."
elife-18554-v1,"This research explores how well people with severe paralysis can use a brain-computer interface (BCI) to control a computer cursor and type. The study involved three participants, each with different levels of limb movement. The main goal was to see if these individuals could effectively use the BCI to perform tasks like typing and selecting items on a screen. The researchers found that the participants could achieve significantly higher typing speeds compared to previous studies, with some participants even outperforming traditional assistive technologies. One participant, who had some remaining finger movement, showed that suppressing these movements did not significantly affect her BCI performance. This suggests that the BCI's effectiveness is largely due to brain signals rather than physical movements. The study highlights the potential of BCIs to improve the quality of life for people with severe paralysis by providing them with more efficient and reliable ways to interact with computers and other devices."
elife-48114-v1,"The research focused on understanding how zebrafish larvae initiate hunting behavior. The scientists wanted to know which brain cells are involved in starting this behavior when the larvae see prey-like stimuli. They used advanced imaging techniques to observe brain activity and found a specific group of neurons in the pretectal region that become active when larvae start hunting. These neurons, labeled with a genetic marker called KalTA4u508, were further studied using optogenetics, a method that allows scientists to control brain activity with light. They discovered that activating these neurons could make the larvae perform hunting behaviors, even without actual prey present. The researchers also found that these neurons project to different parts of the brain, suggesting they play a crucial role in coordinating the hunting sequence. Additionally, they showed that these neurons are not directly responsive to prey-like stimuli but are activated when the larvae decide to hunt. This indicates that these neurons might be part of the brain's decision-making process for initiating hunting. The findings suggest that these pretectal neurons act as a command system, triggering the hunting behavior when the right conditions are met. This research helps us understand the neural mechanisms behind predatory behavior in zebrafish, which can provide insights into similar behaviors in other animals, including humans."
elife-01402-v1,"[The paper is a study on the bacterium Pseudomonas aeruginosa, focusing on the molecule c-di-GMP and its role in cell division and movement.]

The study investigates how the molecule c-di-GMP affects the behavior of the bacterium Pseudomonas aeruginosa during cell division and movement. The researchers found that about 20% of these bacteria have low levels of c-di-GMP, which is important for their movement. They also discovered that a specific protein, Pch, moves to the pole of the new daughter cell that has lower c-di-GMP levels after division. This protein's location and activity depend on both the flagellum (the tail that helps the bacterium move) and another protein called CheA, which is part of the bacterium's navigation system. When the flagellum or CheA is not working properly, Pch cannot localize correctly, and the bacterium loses its ability to maintain low c-di-GMP levels and move efficiently. The findings suggest that c-di-GMP, Pch, the flagellum, and CheA all work together to ensure that the bacterium can move and divide properly. This understanding could help in developing new ways to control bacterial infections."
elife-07597-v2,"The researchers developed a new system called GLO-Roots to study plant roots growing in soil. This system allows scientists to observe root growth and gene activity over time. They also created a tool called GLO-RIA to automatically measure various aspects of root systems, such as their size, shape, and direction of growth. The study showed that different plant varieties have distinct root architectures, and the system can track changes in root growth and gene expression in response to environmental conditions. This research is important because it provides a way to understand how plants adapt to their environment through their roots, which is crucial for improving crop resilience and yield. The findings suggest that GLO-Roots can be a valuable tool for future studies on plant root development and responses to different stimuli."
elife-26138-v2,"The research explores how morphine affects certain pain-sensing neurons in the body. These neurons have a specific channel called TRPM3, which can be activated by a substance called PS. The study found that morphine can significantly reduce the activity of these TRPM3 channels, effectively blocking the pain signals they produce. This inhibition is specific to TRPM3 and does not affect other similar channels like TRPV1. The researchers also discovered that this inhibitory effect is mediated by a specific part of the signaling pathway involving G-protein beta-gamma subunits. This finding is important because it suggests that targeting these specific pathways could lead to more effective pain management strategies, potentially reducing the need for high doses of opioids and their associated side effects. The study highlights the complex interactions between different receptors and channels in pain signaling and opens up new avenues for developing targeted pain therapies."
elife-53930-v2,"The research explores the role of the protein JMJD6 in gene regulation. The study focuses on how JMJD6 interacts with other proteins and RNA to influence gene expression. Researchers found that JMJD6 can cut specific proteins, like MePCE, which is part of a complex that controls gene transcription. This cutting action helps release another complex, P-TEFb, which is crucial for the process of turning genes into proteins. The study also shows that JMJD6 binds to newly made RNA, suggesting it plays a role in the early stages of gene activation. Overall, the findings highlight JMJD6's importance in regulating gene expression, particularly in higher organisms, by managing the release of key transcription factors. This understanding could lead to new insights into how genes are controlled and potentially new treatments for diseases related to gene regulation."
elife-44558-v2,"The research focuses on understanding the role of specific genes, particularly F-box and U-box genes, in the circadian clock of plants. The circadian clock is the internal biological clock that regulates daily cycles in living organisms. The study aimed to identify which of these genes are crucial for maintaining the proper timing of the plant's internal clock. Researchers used a method called ""decoy populations"" to disrupt the function of these genes and observe the effects on the plant's circadian rhythm. They found that about 22% of the tested F-box decoy populations significantly altered the timing of the plant's clock, with a few having major effects. Similarly, they identified a few U-box decoy populations that also affected the clock's period. One notable finding was that the gene PRR9 was mis-spliced in certain mutants, indicating its importance in the clock's function. The study highlights the complexity of the plant's circadian clock and the potential for discovering new genes involved in its regulation. This research is important because understanding the circadian clock can help in developing plants that are more resilient to environmental changes, ultimately improving agricultural practices."
elife-06619-v1,"The research paper explores how neurons in the brain respond to touch, specifically focusing on the whiskers of rodents. The study aims to understand how these neurons encode touch information, which is crucial for sensory processing and behavior. The researchers found that individual neurons can predict when they will fire in response to touch, with most spikes occurring in a narrow time window after touch onset. This means that the neurons have a specific pattern of activity that is closely tied to the timing of touch. The study also showed that by pooling the activity of just a few neurons, it is possible to detect a high percentage of touch events. This suggests that the brain uses a small group of neurons to efficiently encode touch information. The findings highlight the precision and reliability of neuronal responses to touch, which are essential for the animal's ability to navigate and interact with its environment. Overall, the research provides insights into how the brain processes sensory information, which could have implications for understanding sensory disorders and developing new technologies for sensory prosthetics."
elife-19695-v1,"The research explores how brain networks generate spontaneous activity and how this activity influences responses to external stimuli. The study focuses on understanding the internal mechanisms that create variability in neural responses, known as noise correlations. The researchers developed a model that combines specific neural properties with high connectivity to simulate brain activity. This model can produce fluctuations in activity that are similar to those observed in real brain recordings, without needing external noise. The findings show that these fluctuations can be triggered by a single spike in a neuron, leading to coordinated spiking across the network. The model was able to replicate various activity patterns seen in different brain recordings, including both steady and fluctuating activity. The study also found that strong inhibition within the network can reduce noise correlations, making neural responses more selective and easier to decode. This research helps to understand how internal brain dynamics shape neural responses to sensory inputs, which is crucial for developing better models of brain function and potentially improving treatments for neurological disorders."
elife-42816-v1,"The study investigated how the brain processes numerical information and decision-making related to probabilities. Researchers found that brain activity patterns differ more for numbers that are further apart, like 3 and 5, compared to closer numbers, like 3 and 4. This suggests that the brain represents numerical magnitude in an abstract way, not just based on specific tasks or choices. The study also looked at how the brain responds to different probabilities in a decision-making task involving bandits (slots that pay out money). They found that brain activity patterns for numbers and bandits with similar probabilities were more alike. Interestingly, the way people make choices with numbers influenced brain activity patterns for both numbers and bandits, but choices with bandits only influenced brain activity for bandits. This indicates that there might be a shared mental process for handling numerical and probabilistic information, but it's more complex than just simple compression or expansion of mental representations. The findings suggest that the brain uses a structured way to encode and compare different types of information, which could have implications for understanding decision-making and numerical cognition."
elife-41129-v2,"The research investigates how the bacterium Mycobacterium tuberculosis (M. tuberculosis) uses different nitrogen sources to grow. The study found that M. tuberculosis can use various amino acids as nitrogen sources, but some are better than others. Amino acids like glutamate (Glu), glutamine (Gln), aspartate (Asp), and asparagine (Asn) support faster growth and higher biomass compared to ammonium (NH4+). The bacterium can take up and metabolize multiple nitrogen sources simultaneously, but using related nitrogen sources together doesn't speed up growth. Interestingly, M. tuberculosis can use alanine (Ala) as a nitrogen source, but it doesn't provide any growth advantage. The study suggests that M. tuberculosis is adapted to use host amino acids as nitrogen sources more efficiently than NH4+. This finding is important because it helps understand how M. tuberculosis survives and grows in the human body, which could lead to better treatments for tuberculosis."
elife-01457-v1,"The research paper explores how a specific self-peptide, gp250, influences the development of T cells in mice. T cells are crucial for the immune system, helping to fight infections and diseases. The study found that gp250 promotes the selection of certain types of T cells, particularly those with Vα11+Vβ3+ receptors. These receptors are important for recognizing and responding to specific antigens, such as those from the MCC peptide. The researchers observed that gp250 enhances the selection of these T cells, leading to a higher frequency of MCC-specific T cells in the mice. This means that gp250 plays a significant role in shaping the T cell repertoire, which is the variety of T cell types an individual has. The findings suggest that self-peptides like gp250 can influence the immune system's ability to recognize and respond to different antigens, which has implications for understanding immune responses and potentially developing new therapies for immune-related diseases."
elife-04539-v2,"The research investigates how blocked replication forks in cells can lead to a process called homologous recombination (HR), which is a way cells repair damaged DNA. The study focuses on a specific sequence in the DNA of a type of yeast called S. pombe, where replication forks often get stuck. When these forks are blocked, it triggers HR, which can result in genetic changes like gene conversions or deletions. The researchers found that certain proteins, like Rad52, are crucial for restarting replication after a blockage. They also discovered that the timing of when replication forks converge at the blockage point affects how often and how long HR occurs. By deleting a specific origin of replication, they showed that delaying fork convergence can increase the frequency and duration of HR. This research helps us understand how cells handle DNA damage during replication, which is important for maintaining genetic stability and preventing diseases like cancer."
elife-18659-v1,"The research focuses on improving the imaging of large biological samples, such as mouse embryos, with high resolution. Traditional microscopes struggle to capture detailed images of thick samples due to limitations in lens design and resolution. The researchers developed a new type of lens, called the Mesolens, which offers a 4x magnification and a numerical aperture (a measure of the lens's ability to gather light and resolve fine details) of approximately 0.5. This design allows for better imaging of sub-cellular structures within thick samples, such as a 10-day-old mouse embryo, which is about 2-3 millimeters thick. The Mesolens was compared to standard objective lenses with similar magnification but lower numerical apertures. The results showed that the Mesolens provided superior optical sectioning, meaning it could capture clearer, more detailed images at various depths within the sample. This advancement represents a significant change in microscope objective design and has the potential to revolutionize the way large tissue specimens are imaged, providing high-resolution 3D datasets that were previously difficult to obtain. The Mesolens cannot be fitted to conventional microscopes, but its capabilities make it a valuable tool for scientific research."
elife-10935-v2,"The research paper investigates how certain molecules, called ligands, can prevent harmful protein clumps from forming in the body. These clumps, known as amyloids, are linked to diseases like systemic AL amyloidosis. The study focuses on a specific protein, VL, which can exist as either a harmless pair (dimer) or a harmful single unit (monomer). The goal is to find ligands that can stabilize the VL dimer, shifting the balance away from the harmful monomer. The researchers tested various ligands and found that methylene blue and sulfasalazine were the most effective at preventing amyloid formation. These ligands bind to the VL dimer at specific sites, keeping it stable and preventing it from breaking down into harmful monomers. The findings suggest that these ligands could potentially be used to develop treatments for diseases caused by amyloid formation."
elife-07938-v3,"The research paper explores how a protein called PRMT1 affects another protein called RBM15 in leukemia cells. The study found that PRMT1 controls the amount of RBM15 protein by adding a chemical tag called a methyl group. This process, known as methylation, influences how stable RBM15 is and how it functions within the cell. The researchers discovered that when PRMT1 is inhibited or knocked down, the levels of RBM15 protein increase, suggesting that PRMT1 normally helps to degrade RBM15. They also found that a specific mutation in RBM15, called R578K, which cannot be methylated by PRMT1, leads to higher stability of RBM15 and promotes the maturation of certain blood cells. Additionally, the study showed that RBM15 binds to specific regions of certain genes, affecting their expression. This research is important because it sheds light on the molecular mechanisms underlying leukemia and could potentially lead to new therapeutic targets for treating the disease."
elife-40474-v3,"The research explores how a specific protein, RalB, influences the movement and invasion of cancer cells. This is important because understanding how cancer cells spread can help in developing better treatments. The study looked at various types of cancer cells, including bladder, pancreatic, and lung cancer, and found that RalB plays a crucial role in helping these cells move and invade surrounding tissues. The researchers used different techniques to activate RalB and observed that it significantly contributes to the invasive behavior of cancer cells, especially those with a mutated Ras gene. They also found that RalB works through a specific pathway involving the exocyst complex, which helps in the movement of cellular components. The findings suggest that targeting RalB could be a promising strategy for stopping the spread of certain types of cancer."
elife-55053-v1,"The research focuses on a condition called APS1, which causes the immune system to attack various parts of the body. The study aimed to identify new targets of the immune system's attacks in APS1 patients. Using a method called PhIP-Seq, the researchers found several new targets, including proteins like RFX6, KHDC3L, and ACP4. They also confirmed many previously known targets. The findings suggest that APS1 involves a broader range of immune attacks than previously thought. This could help in developing better diagnostic tools and treatments for APS1 by targeting these specific proteins. The study highlights the usefulness of PhIP-Seq in discovering new autoimmune targets, which could be applied to other autoimmune diseases as well."
elife-04599-v3,"The research explores how different proteins affect the growth and behavior of actin filaments, which are crucial for cell movement and structure. Actin filaments grow by adding actin molecules at their ends, and this process can be influenced by proteins that bind to the sides of the filaments. The study found that the growth rate at one end of the filament (the barbed end) varied depending on the specific side-binding protein used. Additionally, the filaments exhibited pauses in growth, and these pauses were more frequent at higher densities of side-binding proteins. The research also showed that the filaments became more bent as the density of side-binding proteins increased. These findings help us understand how cells regulate the dynamics of actin filaments, which is essential for various cellular processes, including movement and shape changes. The study provides insights into the mechanisms by which side-binding proteins modulate actin filament behavior, which could have implications for understanding diseases related to actin dynamics and for developing targeted therapies."
elife-07253-v2,"The research paper explores how certain proteins in yeast help move sterols, which are types of lipids, between different parts of the cell. Sterols are crucial for cell health, and understanding how they move is important for understanding cell function and potential diseases. The study focuses on proteins called Ysp1p, Ysp2p, Sip3p, and Lam4p, which are found at specific contact points between the endoplasmic reticulum (ER) and the plasma membrane (PM). These proteins have domains that can bind sterols, suggesting they play a role in moving sterols between the ER and PM. The researchers found that these proteins are essential for the cell's ability to handle certain drugs, like amphotericin B (AmB), which targets sterols. By altering these proteins, the researchers could see how different parts of the proteins affect their function. They discovered that the ability of these proteins to bind sterols and their specific location in the cell are crucial for their role in sterol movement. This research helps us understand how cells manage their sterol levels, which is vital for maintaining cell health and could have implications for treating diseases related to lipid metabolism."
elife-26875-v1,"The study investigated how the influenza virus changes within individual patients over time. The researchers focused on mutations that became common within patients, appearing in at least 5% of the virus samples at multiple points. They found that certain mutations occurred independently in multiple patients, suggesting these changes might be beneficial for the virus. For example, a mutation called L427F became very common in some patients but was rare globally, indicating it might help the virus within a host even if it doesn't spread widely. The study also showed that some of these mutations were seen in other research, reinforcing the idea that certain changes are repeatedly advantageous. This research helps understand how the influenza virus adapts and evolves, which is crucial for developing better vaccines and treatments."
elife-11611-v2,"This research investigates how cells establish and maintain a single point of polarity, which is crucial for processes like cell division. The study focuses on yeast cells, which initially form multiple clusters of proteins involved in polarity. These clusters compete with each other, and eventually, one cluster ""wins,"" leading to the formation of a single bud. The researchers found that actin cables and patches, which are often involved in cell movement and shape, do not play a significant role in stabilizing the winning cluster. Instead, the competition between clusters is driven by the dynamic exchange of key proteins like Cdc42, Bem1, and Cdc24. When the exchange of these proteins is slowed down, the cells take longer to resolve the competition, sometimes even forming multiple buds. This suggests that the stability of the winning cluster is maintained by a continuous recycling of these proteins. The findings highlight the importance of protein dynamics in establishing cell polarity and could have implications for understanding similar processes in other cell types."
elife-12401-v2,"The research focuses on understanding how zebrafish develop their distinctive stripe patterns. Zebrafish have three types of pigment cells: melanophores (black), xanthophores (yellow), and iridophores (iridescent). The study looks at how these cells interact during the formation of stripes. Specifically, it examines a type of cell called xanthoblasts, which are immature xanthophores. These xanthoblasts extend long, thin projections called airinemes. The researchers found that these airinemes play a crucial role in organizing the stripe pattern by signaling to melanophores. In wild-type zebrafish, airinemes from xanthoblasts contact melanophores and promote their movement out of the interstripe regions, helping to form clear stripes. The study also shows that the behavior of these airinemes can vary between different species and genetic backgrounds, indicating that the patterning process is flexible and can be influenced by genetic factors. This research helps to understand the complex interactions between different cell types during development and how these interactions shape the final pattern of the zebrafish's stripes."
elife-25818-v1,"The research paper discusses the challenges and methods for analyzing drug-adverse event reports in the FDA's Adverse Event Reporting System (FAERS). The main question is how to accurately identify and understand the associations between drugs and adverse events from the data in FAERS. This matters because it helps ensure drug safety and improve public health. The researchers analyzed FAERS data from 1997 to 2015, focusing on issues like multiple reports of the same event, the distinction between drug-caused and underlying condition-caused adverse events, and the varying reporting practices over time. They found that about 1% of the reports were duplicates, and many adverse events were actually due to the condition the drug was treating rather than the drug itself. They also noted that some drugs had no reported adverse events, and the reporting patterns changed over time. The study highlights the need for careful analysis to avoid misinterpretations and ensure that true drug-adverse event associations are identified. This helps in making informed decisions about drug safety and regulatory actions."
elife-14985-v5,"[END]

When mice move, their brain's visual processing area becomes more sensitive to visual information. This is because certain brain cells, called excitatory neurons, become more active. One theory suggested that this happens because another type of brain cell, called SST neurons, are inhibited by a third type, called VIP neurons, during movement. However, new research challenges this idea. The study found that during visual stimulation, all types of neurons—excitatory, VIP, SST, and another type called PV—become more active when mice move. This means that the increased sensitivity of the visual processing area during movement is not simply due to the inhibition of SST neurons. Instead, it seems that all these neuron types work together in a more complex way to enhance visual processing during movement. This finding helps us understand how the brain processes visual information more effectively when we are active."
elife-03416-v2,"The study investigated how a specific treatment, called peptide-induced tolerance (PIT), affects certain immune cells in mice. The researchers wanted to understand if PIT could make these immune cells less active, potentially reducing their ability to cause disease. They found that PIT increased the expression of a protein called PD-1 on these immune cells, which is known to help regulate immune responses. This increase in PD-1 was sustained for more than two weeks after the treatment. The study also showed that without PD-1, the immune cells were not tolerized by PIT and could still cause disease. This suggests that PD-1 plays a crucial role in making these immune cells less active and potentially reducing their disease-causing abilities. The findings highlight the importance of PD-1 in immune regulation and could have implications for developing new treatments for autoimmune diseases."
elife-16269-v3,"The research focuses on how TRIM5 proteins interact with the HIV-1 virus. TRIM5 proteins are part of the body's defense system against viruses. The study investigates how these proteins bind to the outer shell of the HIV-1 virus, forming hexagonal patterns. The researchers found that certain TRIM5 proteins, like TRIM5αAGMpyg and TRIMCyp, can spontaneously form these hexagonal structures on the virus's surface. They also discovered that these proteins can bind to and decorate the surfaces of viral cores and tubes, creating ring-like patterns. This binding is crucial because it helps the immune system recognize and neutralize the virus. The findings suggest that TRIM5 proteins play a significant role in the body's natural defense against HIV-1 by directly interacting with the virus's structure, potentially aiding in the development of new therapeutic strategies."
elife-59018-v1,"This research explores how a specific antibody, called 3D11, binds to a protein called PbCSP, which is found on the surface of the parasite that causes malaria. The study aims to understand this interaction to potentially develop better treatments or vaccines for malaria. Researchers used various techniques, including isothermal titration calorimetry (ITC) and cryo-electron microscopy (cryoEM), to observe how 3D11 binds to PbCSP. They found that about ten copies of the antibody can bind to one molecule of PbCSP simultaneously, forming a spiral-like structure. This binding is very specific, involving particular parts of the antibody and the protein. The study also showed that certain parts of the antibody are crucial for this binding and for the antibodies to interact with each other when they are bound to PbCSP. These findings are important because they provide detailed insights into how antibodies can target and neutralize the malaria parasite, which could lead to more effective therapies or vaccines in the future."
elife-15292-v2,"The research explored how the brain's somatosensory cortex, which processes touch and movement, adapts after an arm amputation. The study found that even without a physical hand, the brain maintains a map of the missing hand's digits. This map is weaker and noisier than in people with both hands, but it shows the same basic layout. The researchers used a technique to identify which parts of the brain respond to movements of phantom digits (the sensation of having a missing limb). They found that these brain areas activate similarly to how they would in people with both hands. The study also showed that the brain can maintain this map even if the nerve connecting the missing hand to the brain is damaged. This research helps us understand how the brain adapts to significant changes, like losing a limb, and how it can maintain representations of body parts that are no longer there. This could have implications for developing better prosthetics and therapies for amputees."
elife-56911-v2,"The study investigated how people make decisions when they have to choose a sequence of actions to maximize rewards. Participants had to learn through trial and error which actions led to the best outcomes in a series of tasks. The tasks involved choosing directions to collect rewards, with some trials allowing only one move and others allowing two moves. The researchers found that participants adjusted their choices based on the number of moves allowed, showing that they could plan ahead even when they couldn't see the immediate outcome of their first move. This ability to make ""blind"" second moves above chance level suggests that participants were learning and planning their actions based on past experiences and expectations. The study also used brain imaging to show that the decisions became clearer in the brain signals as the trial progressed, peaking just before the choice was made. Additionally, the brain signals indicated that participants replayed the transitions they had chosen, suggesting they were thinking ahead about future moves. Overall, the findings highlight the brain's capacity for planning and learning from experience, even in complex decision-making tasks."
elife-51015-v1,"The research focuses on the spread of a specific mutation in the malaria parasite, called pfk13 C580Y, which makes the parasite resistant to artemisinin, a key drug used to treat malaria. This mutation has become common in Southeast Asia but was found in Guyana in 2010 and has persisted at low levels. The study compared the genetic background of the mutation in Guyana with that in Southeast Asia to understand why it hasn't spread more widely in Guyana. The researchers found that the mutation in Guyana arose independently and has a different genetic background compared to Southeast Asia. They also noted that the mutation seems to have a fitness cost, meaning it might make the parasite less competitive. This could explain why it hasn't become more prevalent in Guyana. The findings suggest that the genetic context and fitness costs play crucial roles in the spread of drug-resistant malaria parasites. Understanding these factors is important for predicting and managing the emergence of drug resistance in malaria."
elife-11190-v1,"This research explores how the hormone ghrelin influences eating behavior in rats. Ghrelin is known to stimulate appetite, and the study focuses on specific brain regions involved in this process. The researchers found that blocking ghrelin signals in a brain region called the ventral hippocampus (vHP) reduced food intake in rats that had learned to eat at specific times. This suggests that ghrelin in the vHP plays a crucial role in conditioned feeding behavior, where animals eat based on learned cues rather than just hunger. Additionally, the study showed that communication between the vHP and another brain region, the lateral hypothalamus (LHA), is essential for ghrelin to increase food intake. When this communication was disrupted, ghrelin's effect on eating was diminished. The findings highlight the importance of ghrelin signaling in the brain for regulating learned eating behaviors, which could have implications for understanding and treating eating disorders in humans."
elife-14137-v1,"The research investigated how certain drugs affect the behavior of mice after they experience stress. The study focused on drugs that inhibit an enzyme called COX-2, which is involved in inflammation and pain. The researchers wanted to see if these drugs could reduce the impact of stress on the mice's behavior, specifically how quickly they started eating after being stressed. They found that two drugs, LM-4131 and LMX, reduced the time it took for stressed mice to start eating, especially 8 to 24 hours after the stress event. This effect was not seen in mice that were not stressed. The drugs did not affect the mice's overall activity levels, suggesting that the changes in behavior were due to the drugs' effects on stress rather than making the mice more active. The study also showed that these drugs had similar effects in both young and older mice, as well as in female mice. Additionally, the researchers found that one of the drugs, LM-4131, had a slight effect on reducing the time to start eating in non-stressed mice, but this effect was blocked by another drug that targets the cannabinoid system. Overall, the findings suggest that COX-2 inhibitors may have potential as treatments for stress-related behaviors, but more research is needed to understand the underlying mechanisms and to determine the best conditions for their use."
elife-10719-v1,"The research explores how the brain forms long-term memories (LTM) of rewarding experiences, using fruit flies as a model. The study focuses on specific brain cells and their interactions, particularly how signals from one type of cell (PAM-α1) are crucial for forming these memories. The researchers found that another type of cell (MBON-α1) also plays a key role in this process. When the activity of MBON-α1 was blocked, the flies had trouble forming long-term memories of rewards. Additionally, the study showed that dopamine, a chemical messenger in the brain, is essential for this memory formation. Specifically, a receptor for dopamine (DopR1) in certain brain cells (α/β KCs) is necessary for long-term memory but not for short-term memory. The findings suggest that the brain uses a complex network of cells and chemical signals to create and consolidate long-term memories of rewarding experiences. This research helps us understand the basic mechanisms of memory formation, which could have implications for understanding memory disorders in humans."
elife-46418-v2,"The research investigates how male worms affect the lifespan of female worms in the species C. elegans. Previous studies showed that male worms shorten the lifespan of female worms through various means, such as sperm and pheromones. However, these studies used long interactions between young worms, which doesn't reflect natural conditions where males are rare. The researchers found that even brief interactions with males can shorten the lifespan of female worms, especially when they are young. They also discovered that female worms with their own sperm are better protected from this lifespan shortening effect. This protection is linked to the presence and maturation of self-sperm. The findings suggest that the reproductive status and age of female worms play a significant role in how they are affected by interactions with males. This research highlights the complex interplay between reproduction and lifespan in these worms, which could have broader implications for understanding similar processes in other organisms, including humans."
elife-52986-v1,"This research investigates the effects of a specific genetic mutation (Tubb4aD249N) on the development and maintenance of myelin, the insulating layer around nerve fibers, in mice. Myelin is crucial for the proper functioning of the nervous system, as it allows for fast and efficient communication between nerve cells. The study found that mice with this mutation have significant problems with myelination, particularly in the brain regions called the corpus callosum and cerebellum. These issues start early in development and worsen over time, leading to a loss of myelin and a decrease in the number of cells responsible for producing it, called oligodendrocytes. The researchers also observed a higher g-ratio, which indicates thinner myelin, in the optic nerves and spinal cords of these mice. Additionally, the mutation leads to a progressive loss of certain types of neurons in the brain. The findings suggest that this genetic mutation severely disrupts the normal development and maintenance of myelin and neurons, which could have implications for understanding and treating human neurological disorders."
elife-00792-v1,"The research paper discusses the structure of a bacterial injection system called the injectisome, which bacteria use to inject toxins into host cells. The study aimed to understand the detailed structure of this system, particularly focusing on components called YscC and YscDJ rings. Researchers used advanced imaging techniques like cryo-electron tomography (cryo-ET) and molecular dynamics simulations to build a detailed model of these components. They found that the YscD protein has three flexible domains, and its structure can change between compact and elongated forms. The study also revealed that the YscDJ ring fits well with the observed data, suggesting a specific arrangement and number of YscD units. This research helps in understanding how bacteria assemble and use their injection systems to cause infections, which could lead to better ways to combat bacterial diseases."
elife-05007-v2,"The research investigates how genes are silenced and reactivated in yeast cells. Gene silencing is crucial for controlling which genes are active or inactive, affecting cell function and behavior. The study used a specific gene, HMLα::cre, to track when silencing is lost and restored. They found that in normal cells, silencing is quickly reestablished after a brief loss, preventing significant gene activity. However, in cells lacking the Sir1 protein, silencing is lost more frequently, leading to increased gene activity. This suggests that Sir1 plays a key role in maintaining gene silencing. The findings also highlight the robustness of the silencing mechanism, as it can be reestablished even after temporary losses. Understanding these processes can provide insights into how cells regulate gene expression and maintain stability, which is relevant for both basic biology and potential applications in genetic engineering and medicine."
elife-14188-v1,"The research explores how bats use echolocation to recognize places. The main question is whether bats create a detailed 3D mental map of their environment or simply remember the unique echo patterns (templates) from different locations. This matters because understanding how bats navigate could help in developing better navigation technologies and robotics. The study suggests that bats might rely on remembering echo templates rather than constructing a 3D map. This is because the echoes from complex environments, like leafy trees, can blend together, making it hard for bats to distinguish individual objects. The researchers propose that bats use these echo templates to recognize places, which is less computationally demanding than creating a 3D map. To test this, future experiments could see if bats can distinguish between scenes with different 3D layouts but similar echo templates. If bats struggle with this, it would support the idea that they use echo templates for navigation. This research highlights the potential limitations of bat echolocation and suggests that bats might use simpler, more efficient methods for recognizing places."
elife-04437-v2,"The research investigates the role of the Egfr gene in maintaining cell polarity in follicle stem cells (FSCs) and their daughter cells in the ovary of fruit flies. Cell polarity is crucial for the proper functioning and organization of tissues. The study found that when the Egfr gene is disrupted in FSCs, these cells lose their polarity, leading to defects in the tissue structure. However, when the same gene is disrupted in the daughter cells of FSCs, called prefollicle cells, polarity is not affected. This suggests that Egfr is specifically important for maintaining polarity in FSCs but not in their daughter cells. The findings highlight the unique role of Egfr in FSCs and provide insights into how cell polarity is regulated in different cell types within the same tissue. Understanding these mechanisms can help in studying similar processes in other organisms, including humans, and may contribute to the development of treatments for diseases related to tissue organization and polarity."
elife-20420-v1,"This research explores how bacteria can become resistant to antibiotics, specifically focusing on mutations in the ribosome, the cellular machinery that makes proteins. The study is important because antibiotic resistance is a growing global health problem, making infections harder to treat. Researchers wanted to understand how certain mutations help bacteria survive and develop resistance to multiple antibiotics. They observed that some bacterial mutations allowed the population to initially expand and then decline rapidly. They found that mutations in the ribosome can make bacteria resistant to various antibiotics, not just one. This is significant because it means that a single mutation can make bacteria tougher to kill with multiple drugs. The study also showed that these mutations can help bacteria survive and grow even when exposed to lethal concentrations of antibiotics, eventually leading to the development of high-level resistance. This finding highlights the need for new strategies to combat antibiotic resistance, as bacteria can become resistant to multiple drugs through a single mutation."
elife-17978-v1,"The researchers studied how yeast cells can overcome a natural barrier to their growth, known as glucose repression, which prevents them from using certain nutrients when glucose is present. They found that yeast cells can acquire a trait, called [GAR+], that allows them to bypass this repression. This trait can be induced by lactic acid, a substance produced by certain bacteria. The study showed that the strength of the [GAR+] trait depends on the concentration of lactic acid used for induction. Higher concentrations of lactic acid led to stronger [GAR+] traits, allowing yeast cells to grow more robustly on nutrients that would otherwise be repressed by glucose. The researchers also noted that the effectiveness of selecting for [GAR+] cells can vary depending on the specific ingredients used in the growth media. This research highlights how interactions between microorganisms, such as yeast and bacteria, can influence the traits and behaviors of these organisms in their natural environments. Understanding these interactions can provide insights into how microorganisms adapt and evolve in response to their surroundings."
elife-61816-v2,"The research explores how leaf-cutting ants, specifically Acromyrmex, break down plant material using a unique chemical process involving their fecal fluid. This process is crucial for understanding how these ants can efficiently digest and utilize plant matter, which is their primary food source. The study builds on earlier work that suggested enzymes in the ants' fecal fluid come from a symbiotic fungus and help break down plant proteins. The researchers found that the fecal fluid contains high levels of specific enzymes, including laccases and oxidoreductases, which are essential for a chemical reaction known as Fenton chemistry. This reaction involves the production of highly reactive hydroxyl radicals that break down plant cell walls and toxic plant compounds. The study also showed that the fecal fluid's pH and the presence of iron are ideal for this reaction. The findings suggest that Acromyrmex ants use this chemical process to pre-digest plant material, making it easier for the symbiotic fungus to further decompose it. This understanding is important for grasping how these ants can be effective herbivores and potentially become crop pests. The research also hints at possible differences in the digestive processes between Acromyrmex and another genus of leaf-cutting ants, Atta, which could be explored in future studies."
elife-12095-v3,"The research paper investigates how two proteins, GPIHBP1 and LPL, interact with each other. These proteins are important in the body for processing fats. The study used various techniques to map out where and how these proteins bind to each other. They found that a specific part of GPIHBP1, called the acidic domain, interacts with a part of LPL called the CTD. This interaction is relatively weak and temporary, but it stabilizes LPL, which is crucial for its function. The researchers also discovered that the full-length GPIHBP1 binds more tightly to LPL than just the acidic domain alone. This suggests that other parts of GPIHBP1 also play a role in the interaction. The findings help understand how these proteins work together to process fats in the body, which could be important for developing treatments for fat-related diseases."
elife-18857-v2,"The research paper focuses on the structure and behavior of a protein called FliD, which is crucial for the function of bacterial flagella—the tail-like structures that help bacteria move. The main question is how FliD assembles and maintains its structure, which is important for understanding bacterial movement and potentially developing new ways to control it. The researchers used various techniques to study different parts of the FliD protein. They found that FliD has a stable head region and a flexible leg region. The full-length FliD forms hexamers, which are likely the functional form on the flagellum tip. By mutating specific residues, they created a stable hexameric form of FliD, which helped them understand how the protein assembles. The study also showed that certain parts of FliD are highly flexible and dynamic, which is important for its function. Overall, the findings provide insights into how FliD assembles and functions, which could lead to new strategies for controlling bacterial movement."
elife-38689-v2,"The research investigates how certain molecules and signals affect the activity of specific channels in the cells lining brain capillaries, known as capillary endothelial cells (cECs). These channels, called TRPV4 and Kir2.1, play crucial roles in regulating the electrical signals in these cells. The study found that a molecule called PIP2 normally keeps TRPV4 channels inactive and Kir2.1 channels active. However, when certain signals (like PGE2) activate specific receptors on the cell surface, PIP2 levels decrease. This reduction in PIP2 activates TRPV4 channels and deactivates Kir2.1 channels, leading to changes in the electrical signaling within the capillaries. The findings suggest that these mechanisms could be important for understanding how blood flow is regulated in the brain and how different signals might influence this process. This research highlights the complex interplay between molecular signals and channel activity in maintaining proper brain function."
elife-29985-v2,"The research paper explores the structure and function of the TcPINK1 protein, which is involved in cellular processes related to Parkinson's disease. The main question is how different parts of the TcPINK1 protein contribute to its ability to phosphorylate other proteins, a crucial step in many biological processes. The study found that specific regions of TcPINK1, particularly an insertion called Ins3 and a phosphorylation site at Ser205, are essential for recognizing and phosphorylating its substrates, such as ubiquitin and the Parkin Ubl domain. Deleting or mutating these regions significantly reduced or eliminated TcPINK1's ability to phosphorylate these substrates. The findings highlight the importance of these specific regions in TcPINK1's function and provide insights into how this protein operates at a molecular level. This understanding could be crucial for developing therapies for Parkinson's disease, as TcPINK1 plays a role in the cellular mechanisms affected by this condition."
elife-34273-v1,"The study investigates how specific immune cells, called plasmacytoid dendritic cells (pDCs), respond to dengue virus (DENV) infection. The researchers created a mouse model with pDCs that can produce a key immune signaling molecule, IRF7, to understand its role in fighting the virus. They found that these modified mice could induce an early immune response, producing antiviral proteins called interferons and other immune signals. This response helped control the virus, especially in the spleen. The study also showed that natural killer (NK) cells, another type of immune cell, play a crucial role in this process by producing a different type of interferon. When NK cells were removed, the virus levels increased, highlighting their importance. Overall, the research provides insights into how the immune system fights DENV and could help in developing better treatments or vaccines."
elife-25884-v1,"The research investigates how subterranean mammals, which have lost their vision and visual structures over time, have adapted genetically. By comparing these mammals to others, the scientists identified specific genes and regulatory elements that have evolved faster or slower in response to living underground. They found that genes related to eye development and function have evolved more quickly in subterranean mammals, likely because they are no longer needed for survival. Interestingly, some skin-related genes also showed rapid evolution, possibly due to adaptations for burrowing. The study highlights that while some genes have relaxed constraints, others might be under positive selection for new functions. This research helps us understand how animals adapt to extreme environments and the genetic changes that drive these adaptations."
elife-04207-v1,"The research paper investigates the role of the protein FOXL2 in regulating gene expression in ovarian cells, particularly how it interacts with other nuclear receptors like ESR2 and AR. The study found that FOXL2 influences the expression of many genes, with 224 genes being activated and 139 repressed by FOXL2. Interestingly, when FOXL2 is knocked down, the effects on gene expression are not always directly linked to where FOXL2 binds to DNA. The study also shows that FOXL2 is crucial for the expression of ESR2, another important protein in ovarian cells. When FOXL2 is absent, the effects of the hormone estradiol (E2) on gene expression are significantly reduced, indicating that FOXL2 plays a key role in mediating E2's effects. This research highlights the complex interactions between FOXL2 and other proteins in regulating gene expression in ovarian cells, which is important for understanding ovarian function and related diseases."
elife-62876-v2,"The research explores how a specific protein, KIF21B, affects the behavior of microtubules (MTs), which are essential for cell structure and movement. The study found that KIF21B moves along MTs and can slow down or stop their growth, especially at the ends. Even a small amount of KIF21B can significantly impact MT behavior. When KIF21B is removed from cells, the MT network becomes denser, and the overall MT mass increases, which might affect how new MTs form. The researchers also observed that KIF21B does not accumulate at the cell's edge but is spread throughout the cell or attached to MTs. The study confirms that KIF21B can briefly stop MT growth and cause them to shrink, but it does not directly participate in moving the cell's center (centrosome) towards the cell's edge. This research helps understand how KIF21B regulates MT dynamics, which is crucial for cell movement and structure, particularly in immune cells like T cells."
elife-18146-v1,"The research investigated how Neurotrophin-3 (NT3) treatment affects spasticity and motor function after an injury to the corticospinal tract, which is crucial for fine motor control. Spasticity, characterized by muscle stiffness and exaggerated reflexes, developed in rats two weeks after the injury and persisted for ten weeks. NT3 treatment reduced spasticity and improved some aspects of motor function, such as precision stepping on a ladder, but did not restore dexterity tasks like pellet reaching. The study found that NT3 normalized the number of excitatory connections onto motor neurons and reduced abnormal reflexes, suggesting it modifies the neurophysiological properties of spinal reflexes. This means NT3 could be a potential therapeutic approach for managing spasticity and improving motor recovery after injuries affecting the corticospinal tract."
elife-34848-v1,"The research investigated how dengue fever spread in Fiji during an outbreak between 2013 and 2015. The study aimed to understand the relationship between initial antibody levels and the increase in these levels after the outbreak, using data from blood samples taken before and after the outbreak. The researchers found that the proportion of people with dengue antibodies increased with age and across almost all age groups after the outbreak. They also discovered that the outbreak eventually spread throughout the Central Division of Fiji. By analyzing the data, they estimated that the average number of people each infected person could spread the virus to (a measure called the basic reproduction number) was around 1.12, peaking at 1.87 in January 2014. The study highlighted a discrepancy between the number of reported dengue cases and the estimated number of infections from blood tests, which might be due to secondary infections causing more severe symptoms and leading to more medical consultations. The researchers also noted that a nationwide vector clean-up campaign in March 2014 might have helped reduce the spread of the virus. Overall, the findings suggest that understanding the dynamics of dengue outbreaks can help in planning better control measures and improving public health responses."
elife-40039-v2,"The research investigates how a protein from a pathogen, PsAvh52, interacts with a plant protein, GmTAP1, to affect the plant's immune response. The study found that PsAvh52 can move GmTAP1 from the cytoplasm into the nucleus of plant cells. This relocation increases the acetylation of histones, which are proteins that package DNA. Increased histone acetylation makes the plant more susceptible to infection by the pathogen Phytophthora sojae. The researchers also showed that another similar protein, GmTAP2, does not interact with PsAvh52 and does not affect the plant's immune response. This suggests that the specific interaction between PsAvh52 and GmTAP1 is crucial for the pathogen to weaken the plant's defenses. Understanding this interaction could help in developing strategies to protect plants from such infections."
elife-00311-v1,"The research paper explores how proteins can be better understood by considering multiple shapes or conformations rather than just one. Proteins in the Protein Data Bank, a large database of protein structures, are usually modeled with a single shape, but this doesn't always capture the true flexibility and movement of proteins. The study tested a method called ensemble refinement on 20 protein structures. This method allows for multiple conformations to be considered, representing the natural flexibility of proteins. The results showed that this approach improved the fit of the models to the experimental data, reducing errors by an average of 1.8%. The study also found that proteins typically have well-ordered cores with flexible parts on the outside, which aligns with what is expected based on protein behavior. This research highlights the importance of considering protein flexibility for a more accurate understanding of their structures and functions."
elife-25716-v2,"This research explores how a specific protein, DDR1, works within cells. DDR1 is important for cell communication and responding to the environment, particularly in the presence of collagen, a common protein in the body. The study focuses on how DDR1 molecules interact with each other, specifically how one DDR1 molecule can influence another when they are paired together. The researchers used various mutated forms of DDR1 to understand these interactions better. They found that when certain mutated DDR1 molecules are paired with normal ones, the mutated molecules can still be activated by collagen, even if they cannot normally respond to it. This activation happens because the normal DDR1 molecules can pass on signals to the mutated ones. The study also showed that this signaling between DDR1 molecules requires them to be very close to each other, likely because they cluster together when they encounter collagen. This research helps us understand how cells sense and respond to their surroundings, which is crucial for processes like tissue repair and disease progression."
elife-68388-v3,"The study looked into how preexisting immune cells, specifically CD4 T cells, affect the body's response to a vaccine. The researchers found that people who already had certain types of CD4 T cells in their memory cells responded to the vaccine more quickly and strongly. These preexisting cells did not expand in number after vaccination but instead, new types of CD4 T cells were recruited. The study also showed that the diversity of these memory CD4 T cells did not change significantly after vaccination. The findings suggest that having a higher number of these preexisting CD4 T cells can lead to an earlier and more robust immune response to the vaccine. This research is important because it helps us understand how the immune system reacts to vaccines and could potentially lead to better vaccine designs and strategies for different populations."
elife-25903-v2,"The research investigates how different types of malaria parasites, specifically Plasmodium vivax and Plasmodium falciparum, infect liver cells. The study found that these parasites use different pathways to enter liver cells. Plasmodium vivax relies on a protein called SR-BI, while Plasmodium falciparum uses a different protein called CD81. The researchers also discovered that two specific proteins, P52 and P36, are crucial for the parasites to successfully invade liver cells. When these proteins are removed, the parasites cannot infect the cells effectively, mimicking the effect of blocking CD81 or SR-BI. This finding is important because it helps understand how malaria parasites infect humans, which could lead to better treatments or vaccines. The study used various techniques, including genetic modifications and fluorescence-based assays, to observe the infection process in different cell types. The results highlight the differences in infection mechanisms between Plasmodium species, which could be key to developing targeted therapies."
elife-52168-v3,"The research investigates how the human cytomegalovirus (HCMV) affects monocytes, a type of white blood cell, during latent infection. The study found that monocytes with higher levels of viral transcripts (pieces of viral genetic material) have lower expression of certain proteins, like CD74, and a reduced immune response. This suggests that the virus can alter the behavior of these cells, making them less responsive to immune signals. The researchers also discovered that monocytes with higher viral loads are more likely to reactivate the virus, indicating that these cells are the primary carriers of the latent virus. By focusing on the CD74 marker, the study identified specific changes in monocytes with higher viral transcript levels, providing insights into how HCMV maintains latency and reactivates. This research is important because it helps understand how HCMV evades the immune system and reactivates, which is crucial for developing better treatments and vaccines."
elife-34085-v1,"The research paper discusses a method for incorporating membrane proteins into peptidiscs, which are small, stable structures that can hold membrane proteins for study. Membrane proteins are crucial for many biological processes, but they are difficult to study because they need a lipid environment to function properly. Traditional methods often use detergents, which can be harsh and may not fully mimic the natural environment of these proteins. The researchers developed an ""on-bead"" method that simplifies the process of purifying and incorporating membrane proteins into peptidiscs. This method allows for the simultaneous purification of the protein, removal of detergents, and trapping of the protein in the peptidisc, all in one step. The study found that this method works well for different membrane proteins, including MalFGK2 and BRC, and results in high purity and yield. The peptidiscs formed using this method are stable and comparable to other methods in terms of thermostability. This new approach could make it easier and more efficient to study membrane proteins, which are important targets for drug development."
elife-44235-v2,"The study investigates how nutrients in the tumor microenvironment (TIF) differ from those in the blood (plasma) and how these differences might affect tumor growth and treatment. The researchers measured various metabolites in tumor samples and compared them to those in plasma. They found that the nutrient composition of TIF is quite different from plasma, suggesting that tumors create their own unique metabolic environment. For instance, some nutrients are depleted in TIF because tumors consume them, while others accumulate because tumors release them. The study also showed that tumor size and genetic factors do not significantly alter TIF composition within certain ranges. Additionally, different types of tumors may have distinct metabolic profiles in their TIF. This research highlights the complexity of the tumor microenvironment and suggests that understanding these differences could be crucial for developing more effective cancer treatments."
elife-61288-v2,"The research paper discusses a new tool called Artistoo, which allows scientists to create and share complex simulations directly in a web browser. Traditionally, such simulations required specialized software and technical skills, making them hard to share. Artistoo changes this by enabling simulations to run on any device with a web browser, without needing additional installations. This makes it easier for students, collaborators, and even readers of research papers to interact with and understand these simulations. The tool has been developed over five years and has been used in real research projects. While it doesn't replace existing software, it complements them by allowing users to create shareable, interactive versions of their simulations. Artistoo supports a wide range of simulation methods and is designed to be easily extended by future developers. The main advantage of Artistoo is that it allows simulations to be shared via a simple URL, making complex models more accessible to a broader audience."
elife-30872-v2,"The research paper investigates how a specific protein complex, AKAP79/PP2B/CaM, forms and functions. The study focuses on understanding the interactions between these proteins, particularly how they bind to each other and how this binding affects their activity. The researchers found that in the active state, the complex is more compact and involves multiple interaction sites, unlike the dormant state which has only one interaction site. They also identified specific regions in AKAP79 that are crucial for binding PP2B, and showed that these interactions are responsive to calcium ions. The findings suggest that the way these proteins interact can regulate the activity of the phosphatase enzyme PP2B, which is important for various cellular processes. This research helps in understanding how protein complexes function at a molecular level, which could be useful for developing targeted therapies for diseases involving these proteins."
elife-49375-v2,"The research explores how a protein called TraR influences the process of transcription, which is how DNA is copied into RNA. TraR binds to a complex called RNA polymerase, which is responsible for transcription. The study uses advanced imaging techniques to observe how TraR interacts with RNA polymerase and affects its structure. The findings show that TraR can both activate and inhibit transcription depending on the specific promoter it interacts with. TraR binds to a part of RNA polymerase called the secondary channel, altering the positions of certain regions within the polymerase. This interaction can either help or hinder the release of a part of RNA polymerase called sigma factor 70, which is crucial for starting transcription. The study suggests that TraR's ability to activate or inhibit transcription depends on how it affects the stability of the initial transcription complex and the movement of the polymerase's clamp. Overall, the research provides insights into the molecular mechanisms by which TraR regulates transcription, which is fundamental to understanding gene expression and its control."
elife-10806-v2,"The research explores how our brains process the number of items and their motion direction. The study found that adapting to moving stimuli in one direction affects our perception of the number of items, even when the items are stationary. This effect happens in a specific part of the brain that processes both motion and number, not in the early visual areas or in areas with very large receptive fields. The researchers showed that this cross-adaptation effect is linked to the location in space rather than the position on the retina. This means that the brain adjusts our perception of numbers based on the direction of motion, even after eye movements. The findings suggest that the same brain circuits handle both number and motion processing, and that motion direction influences number perception independently of magnitude. This challenges the idea of a general magnitude processing system and highlights the complex interplay between motion and number perception in the brain."
elife-07600-v2,"The research focuses on developing a method to determine the three-dimensional (3D) structure of non-coding RNAs (ncRNAs), which are crucial for various biological processes but are challenging to study due to their complex folding. The study introduces a pipeline called MCM, which combines experimental techniques (M2 and MOHCA-seq) with computational modeling (Rosetta) to predict the 3D structure of ncRNAs. The researchers tested MCM on several well-studied RNA molecules, including the P4–P6 domain of the Tetrahymena ribozyme and various riboswitches. They found that MCM could accurately predict the global 3D structure of these RNAs at a resolution of about 1 nanometer, which is sufficient to understand their overall shape and interactions. This resolution is better than previous methods and does not require crystallographic information. The study also showed that MCM could refine initial models based on additional data, improving their accuracy. Overall, the research demonstrates that MCM is a powerful tool for studying the structure of ncRNAs, which can help understand their function and role in biological processes."
elife-29738-v2,"The research focuses on the lymphatic vessels in the dura mater, the tough outer layer of the brain. These vessels are important for draining waste and immune cells from the brain. Previous studies suggested that these lymphatic vessels might be more significant than initially thought. The researchers used advanced MRI techniques to visualize these vessels in healthy humans and monkeys. They found that these lymphatic vessels run alongside major blood vessels in the dura mater and can be seen using specific contrast agents. The study also confirmed the presence of these vessels through detailed tissue analysis. This research is important because it helps us understand how the brain drains waste and fights infections, which could lead to better treatments for neurological diseases. The findings show that these lymphatic vessels are indeed present and functional in humans and monkeys, providing a foundation for future studies on their role in brain health and disease."
elife-10767-v2,"The research investigates how a specific protein, CDKG1, affects cell size in a certain type of organism. The study found that CDKG1 is most active during specific phases of the cell cycle, particularly the S/M phase, which is when cells prepare for and undergo division. When CDKG1 is not functioning properly or is mis-expressed, the daughter cells produced are smaller than normal. This happens because the cells undergo extra divisions during the S/M phase, leading to smaller daughter cells. The researchers also discovered that the amount of CDKG1 in a cell varies with its size and stage in the cell cycle. Larger cells and those in the S/M phase have more CDKG1. This protein's role in regulating cell size is crucial because it ensures that cells divide at the right time and produce daughter cells of the appropriate size, which is essential for the organism's growth and development. The findings highlight the importance of CDKG1 in maintaining proper cell size control, which is vital for the organism's overall health and function."
elife-07296-v1,"The research focuses on understanding the behavior of a protein called apoSOD1, which is linked to a neurodegenerative disease called ALS. The study investigates how apoSOD1 changes its shape and interacts with itself under different conditions. Using advanced techniques, the researchers found that apoSOD1 can exist in multiple states, including a state that resembles its normal, healthy form when it is part of a pair (dimer). This normal form is crucial for the protein's proper function. The findings suggest that apoSOD1 can temporarily adopt this healthy-like structure, even when it is alone. This discovery is important because it sheds light on how the protein might misfold and contribute to disease. Understanding these processes could help in developing treatments for ALS and other related conditions. The study highlights the complexity of protein behavior and the importance of studying these dynamics to uncover the mechanisms behind diseases."
elife-65228-v2,"The research explores how repeated exposure to cocaine affects gene activity in the brain, particularly focusing on a region called the dorsal striatum. The study found that certain genes, known as immediate early genes (IEGs), are strongly activated by cocaine, but this activation decreases with repeated use and then increases again when cocaine is used after a period of abstinence. This pattern suggests that the brain's response to cocaine changes over time, which may contribute to the development of addiction. The researchers also identified specific types of brain cells and regions that are particularly involved in this process. Understanding these changes could help in developing better treatments for cocaine addiction by targeting the specific genes and brain areas involved. The findings highlight the complex ways in which the brain adapts to repeated drug exposure, shedding light on the mechanisms underlying addictive behaviors."
elife-57595-v2,"The study investigates how the eyes move in response to visual stimuli, specifically focusing on small, involuntary eye movements called ocular drifts. The researchers wanted to understand if these drifts are influenced by the specifics of the visual stimulus and if they occur early enough to be part of the brain's initial processing of visual information. They conducted experiments on monkeys, tracking eye movements using a precise method called the scleral search coil technique. The findings showed that ocular drifts do occur early and are sensitive to the details of the visual stimulus. This means that even before we make conscious eye movements, our eyes are subtly adjusting in response to what we see. The study also ensured that these findings were not due to measurement errors or other factors by carefully analyzing the data and controlling for potential biases. This research helps us understand the early stages of visual processing and how the brain and eyes work together to interpret the world around us."
elife-72619-v2,"The research investigated how COVID-19 vaccines affect the immune response in people who have previously had COVID-19 (convalescents) compared to those who have not (infection-naïve). The study found that after two vaccine doses, infection-naïve individuals had a stronger increase in a type of immune cell called CD4+ T cells that recognize the virus's spike protein. In contrast, convalescents showed a weaker response in these cells, and their existing immune cells changed in type rather than increasing in number. The study also found that the vaccine-elicited immune cells in convalescents and infection-naïve individuals had different characteristics, with convalescents' cells more likely to leave the bloodstream. Interestingly, both groups' immune cells recognized different variants of the virus equally well. This research highlights how prior infection can influence the immune response to vaccines, which is crucial for understanding vaccine effectiveness and designing better immunization strategies."
elife-11835-v1,"This research looked into how proteins called SH2 domains interact with phosphorylated sites on other proteins after cells are stimulated with a growth factor called EGF. The study aimed to understand how quickly these interactions happen and how they affect cell signaling. Researchers used three different methods to analyze the dynamic responses of SH2 domains in human cells stimulated with EGF. They found that the binding of SH2 domains to phosphorylated sites is not as quick as expected based on the number of available binding sites. This delay is due to the clustering of phosphorylated sites over time, which changes how SH2 domains bind to the membrane. The study also revealed that different SH2 domains have varying binding kinetics, and some, like GRB2 SH2, bind more rapidly than others. Overall, the research highlights the complexity of cell signaling and how the timing of protein interactions can influence the cellular response to growth factors."
elife-22345-v2,"The research paper explores how the absence of a protein called Stella affects gene expression in early mouse embryos. Stella is crucial for proper gene activation during the transition from a fertilized egg to a two-cell embryo. The study found that without Stella, certain genes and transposable elements (TEs)—segments of DNA that can move around the genome—are not properly regulated. Specifically, some genes that should decrease in expression at the two-cell stage do not, and some TEs that should increase in expression do not. This misregulation suggests that Stella plays a key role in controlling the timing and level of gene expression during early development. The findings also indicate that the misexpression of TEs in Stella-deficient embryos might affect the expression of nearby genes, highlighting the interconnected nature of gene regulation in early development. Understanding these processes is important for grasping how embryos develop correctly and what can go wrong, potentially leading to better insights into fertility and developmental disorders."
elife-03222-v2,"The research explores how monkeys and humans use visual cues, specifically gaze direction, to understand where others are looking. This ability is crucial for social interaction and communication. The study used brain imaging to identify areas in the monkey brain that activate when monkeys follow another monkey's gaze. They found that a specific region in the superior temporal sulcus (STS) of the monkey brain is active during this process, similar to what has been observed in humans. The monkeys were tasked with either following the gaze of a portrayed monkey to find a target or matching the identity of the portrayed monkey to a target, ignoring the gaze. The brain scans showed that different areas of the STS lit up depending on whether the monkeys were following the gaze or matching identities. This suggests that the STS plays a key role in processing gaze cues. The findings support the idea that there are similar mechanisms in monkey and human brains for understanding where others are looking, which is fundamental for social behavior. This research helps us understand the neural basis of social attention and how it might be conserved across species."
elife-03635-v2,"The research explores how genes interact and change their activity in response to different conditions. Specifically, it looks at two genes, HMS2 and SUT650, which produce different types of RNA messages. The study found that these genes take turns being active, meaning when one is producing RNA, the other is not. This switching behavior is important because it helps cells respond to changes in their environment, like different types of food. The researchers manipulated the genes to see how they affect each other. They found that turning off one gene can lead to the other becoming more active, and vice versa. This interaction is crucial for understanding how cells control their gene activity and adapt to different conditions. The findings suggest that genes can form different combinations, or ""transcription units,"" depending on what the cell needs at a given time. This flexibility allows cells to fine-tune their responses to environmental changes, highlighting the dynamic nature of gene regulation."
elife-51756-v2,"The research explores the origins of macrophages in the kidneys of mice, focusing on how these cells change over time. Macrophages are a type of immune cell that plays a crucial role in maintaining tissue health and responding to infections. The study found that in young mice, kidney macrophages come from two sources: the yolk sac (an early embryonic structure) and hematopoietic stem cells (HSCs) in the bone marrow. However, as the mice age, the proportion of macrophages originating from the yolk sac increases. This suggests that yolk sac-derived macrophages have the ability to proliferate and persist in the kidney over time. The researchers used genetic labeling techniques to track the origins of these cells and observed that yolk sac-derived macrophages can also come from the circulation, possibly from the spleen. This finding is important because it sheds light on how the immune system adapts and changes with age, which could have implications for understanding age-related diseases and developing new therapies."
elife-18295-v5,"The research explores the early development of blood cells in fruit flies, specifically focusing on the first instar larval stage. The study aims to understand the origins of blood cell progenitors, which are crucial for the formation of the immune system. Previous studies had suggested the presence of these progenitor cells, but direct evidence was lacking. The researchers identified a new type of blood cell near the dorsal vessel in the early larval lymph gland. These cells are distinct from other blood cells and express specific markers, including Notch signaling components. The study found that these cells divide and give rise to other blood cell types, indicating they are the founders of the blood cell lineage. The researchers used various genetic tools to track these cells over time, showing that they eventually turn into dome-positive progenitors, which are known to be multipotent. This discovery helps to understand how the immune system develops and how blood cells are generated in fruit flies, providing insights that could be relevant to human blood cell development and diseases."
elife-18020-v2,"The research paper investigates the role of the protein p21 in DNA replication, a crucial process for cell division. The study found that p21 is present in cells during DNA replication and is important for proper DNA replication dynamics. When p21 is removed, cells show increased signs of DNA damage and replication stress, indicating that p21 helps to prevent these issues. The researchers also discovered that another protein, Pol κ, plays a role in mitigating the effects of p21 depletion. This suggests that p21 has a protective role in maintaining DNA integrity during replication, which is significant for understanding how cells manage DNA damage and potentially for developing cancer treatments. The findings highlight the importance of p21 in ensuring accurate DNA replication, which is essential for cell health and preventing genetic errors that can lead to diseases like cancer."
elife-27369-v2,"This research paper explores how a protein called H-NS interacts with DNA. H-NS is known to bind to DNA and can either stiffen it or bridge it, meaning it can connect two separate DNA strands. The study aimed to understand how magnesium ions (Mg2+) and other factors influence these interactions. The researchers found that H-NS stiffens DNA regardless of the presence of Mg2+, but Mg2+ helps H-NS to bridge DNA strands. They also discovered that another protein, Hha, can enhance this bridging at low Mg2+ concentrations. Additionally, the study showed that H-NS works as multimers (multiple units) rather than dimers (pairs) to effectively bridge and stiffen DNA. This research is important because it provides insights into how proteins regulate DNA structure and function, which is crucial for understanding genetic processes and potentially developing new treatments for genetic disorders."
elife-55692-v1,"The research investigates how a drug called bedaquiline (BDQ) affects immune cells called macrophages when they are infected with a resistant form of tuberculosis (TB). The study found that BDQ increases the number of acidic compartments, known as lysosomes, in macrophages, which help in breaking down and killing bacteria. This effect was seen both in infected and uninfected macrophages, showing that BDQ directly influences lysosome activity. The researchers also discovered that BDQ promotes the killing of TB bacteria inside macrophages, even when the bacteria are resistant to BDQ. This happens through a process called autophagy, which involves the cell's own mechanisms to destroy invaders. The study highlights that BDQ not only kills TB bacteria directly but also boosts the immune cells' ability to fight infections, suggesting it could be a powerful tool in treating drug-resistant TB. Additionally, the researchers found that BDQ activates a protein called TFEB, which is crucial for the formation of lysosomes and the control of infections. This activation depends on an increase in calcium levels within the cells."
elife-16178-v1,"The research explored how well a specific imaging technique, called GCaMP, can measure brain activity in response to visual stimuli in monkeys. The goal was to see if GCaMP signals accurately reflect the collective activity of many neurons in the visual cortex. To do this, the researchers compared GCaMP signals with another imaging method, VSD, which measures changes in the electrical activity of neurons. They found that GCaMP signals closely matched the predictions of a model that assumes GCaMP measures the summed spiking activity of neurons. This means that GCaMP can provide a reliable way to observe how groups of neurons respond to different visual features like contrast, position, and orientation. The findings suggest that GCaMP is a useful tool for studying brain activity in response to visual stimuli, offering insights into how the brain processes information from the environment."
elife-02674-v2,"The research paper discusses the structure and function of the M2-1 protein from the respiratory syncytial virus (RSV). The main question is how M2-1 interacts with RNA, which is crucial for understanding how the virus replicates. Previous studies had conflicting results about the shape of M2-1, so the researchers used advanced techniques like X-ray crystallography and NMR to get a clearer picture. They found that M2-1 forms a tight, disk-like structure and binds strongly to specific sequences of RNA, particularly those rich in adenine. This binding causes M2-1 to change shape, which helps it recognize and interact with viral RNA. The findings suggest that M2-1 plays a key role in the virus's ability to replicate by helping to package its genetic material. Understanding this process could lead to new ways to fight RSV infections."
elife-53895-v3,"The research explores the role of specific proteins, called R-spondins, in the development of kidneys. These proteins are crucial for the formation of nephrons, the functional units of the kidney. The study found that R-spondin 1 and 3 are present in early kidney development and are important for maintaining a population of progenitor cells that give rise to nephrons. When these proteins are deleted, there is a significant reduction in progenitor cells and a block in nephron formation. The research also shows that R-spondin 3 is produced by both stromal and nephron progenitor cells, but its expression shifts to stromal cells as development progresses. Deleting R-spondin 3 in stromal cells leads to a loss of progenitor cells and smaller kidneys. The findings highlight the importance of R-spondins in kidney development and suggest that they play a critical role in maintaining progenitor cells and promoting nephron formation. This research could have implications for understanding kidney diseases and developing new treatments."
elife-04660-v2,"The research focused on understanding different types of sensory neurons in the dorsal root ganglia (DRG), which are clusters of nerve cells that transmit sensory information from the body to the spinal cord. The study aimed to identify and analyze distinct populations of these neurons to better understand how they contribute to sensory perception, such as pain and touch.

The researchers used genetically modified mice to label and isolate three main groups of sensory neurons: IB4+SNS-Cre/TdTomato+, IB4−SNS-Cre/TdTomato+, and Parv-Cre/TdTomato+ neurons. They then analyzed the complete set of genes (transcriptome) expressed in these neurons. The findings showed that these groups have unique molecular signatures, indicating that they have different functions. For example, certain genes associated with pain sensation were more active in the SNS-Cre/TdTomato+ neurons, while genes related to proprioception (sense of body position) were more active in the Parv-Cre/TdTomato+ neurons.

The study also revealed that within the SNS-Cre/TdTomato+ population, there is significant variability in gene expression, suggesting the presence of multiple subgroups with specialized functions. This detailed analysis provides new insights into the complexity of sensory neuron populations and their roles in sensory processing, which could lead to better treatments for conditions like chronic pain."
elife-45204-v2,"The research focuses on footprints and handprints found in a cave, which provide clues about the people who were there. The scientists wanted to understand how many individuals left these traces and what we can learn about them. They analyzed the footprints using detailed measurements and compared them to modern human foot sizes. The study found evidence of at least five different individuals, including both adults and children. The largest footprints suggest they might have been made by a male. This research helps us understand more about the people who lived during the Upper Palaeolithic period, giving insights into their movements and possibly their social structure. By studying these ancient traces, we can better piece together the story of human history."
elife-01426-v1,"The study investigates a genetic phenomenon called non-crossover gene conversion (NCO-GC), which occurs during the process of meiosis, where genetic material is shuffled between parents to create offspring. The researchers wanted to understand how often NCO-GC happens and whether it can be accurately detected using sequencing data. They found that many apparent NCO-GCs were actually due to errors in the sequencing data, such as misaligned reads or regions with repeated DNA sequences. By carefully filtering out these errors, they estimated that NCO-GCs occur about 3.6 times in every million genetic sites per meiosis, which is much higher than the rate of spontaneous mutations. This finding suggests that NCO-GCs play a significant role in genetic diversity. The study highlights the importance of accurate sequencing and data analysis in genetic research, as errors can lead to misleading conclusions about genetic processes."
elife-09178-v3,"The research explored how different genetic backgrounds in worms affect the outcomes of gene disruptions during early development. The study aimed to understand why some genetic changes lead to severe problems in development while others do not. Scientists disrupted known embryonic genes in various wild-derived worm strains and measured how often the embryos failed to develop properly. They found that different strains of worms showed varying levels of embryonic lethality, with some strains being more resilient than others. Interestingly, the effects of gene disruptions were not uniform; specific combinations of genes and strains showed unexpectedly high or low lethality. The researchers discovered that about half of the variation in embryonic lethality could be attributed to general genetic factors, while the other half was due to specific interactions between particular genes and strains. This suggests that there are many hidden genetic variations in natural worm populations that can influence how gene disruptions affect development. The findings highlight the complexity of genetic interactions and the importance of considering genetic background when studying the effects of gene disruptions. This research helps us understand how genetic diversity can influence developmental outcomes and may have implications for understanding genetic disorders in humans."
elife-03868-v2,"The research focuses on understanding how specific neurons in the brain of fruit flies (Drosophila) influence sleep. Scientists have found that activating certain neurons called DPM neurons increases sleep in flies. This effect is immediate and does not cause paralysis or movement issues, confirming that it induces a genuine sleep state. The study also shows that inhibiting the activity of these DPM neurons reduces sleep, suggesting that they play a crucial role in promoting sleep. Additionally, the researchers found that another set of neurons, called MB α’/β’ neurons, promote wakefulness. By manipulating the neurotransmitters involved, they discovered that GABA and serotonin play different roles in regulating sleep and memory consolidation. This research helps to uncover the neural mechanisms behind sleep, which could have implications for understanding sleep disorders in humans."
elife-01775-v1,"The researchers wanted to understand how efficiently a fluorescent probe can detect newly made RNA during the process of transcription, which is when DNA is copied into RNA. This is important because it helps us see how genes are turned into proteins in real-time. They used a technique called fastFISH, which involves a fluorescent probe that binds to specific sequences in the newly made RNA. The researchers observed the interactions between the probe and DNA using a method called TIRF/CoSMoS. They found that the probe usually binds to the DNA within about 1 second after the RNA polymerase, the enzyme that makes RNA, starts working. They also discovered that the probe stays bound to the DNA for a certain amount of time, which helps them determine how efficient the probe is at detecting the new RNA. About 72% of the time, the probe successfully detected the new RNA before the RNA polymerase finished its job. The remaining 28% of the time, the probe stayed on the DNA even after the RNA polymerase was done, and the reason for this is not yet clear. This research helps us better understand the transcription process and improves methods for studying gene expression in real-time."
elife-31145-v2,"The research investigates how a specific protein complex, Mon1-Ccz1, is directed to autophagosomes, which are structures involved in the cell's waste disposal system. The study found that a protein called Atg8 plays a crucial role in recruiting Mon1-Ccz1 to autophagosomes. This recruitment is essential for the fusion of autophagosomes with vacuoles, a step necessary for the degradation of cellular waste. The researchers discovered that mutations in certain parts of the Mon1-Ccz1 complex prevent it from being recruited to autophagosomes without affecting its function on endosomes, another type of cellular structure. They also showed that membrane-bound Atg8 can stimulate the activity of Mon1-Ccz1, promoting the activation of another protein, Ypt7, which is vital for the fusion process. Additionally, the study suggests that a lipid called PI-3-P might support the activity of Mon1-Ccz1 but is not essential for its localization to autophagosomes. This research provides new insights into the molecular mechanisms underlying autophagy, a fundamental process for maintaining cellular health."
elife-10113-v2,"The research investigates how a specific mutation in tubulin, a protein that forms microtubules, affects the behavior of these structures. Microtubules are dynamic, constantly growing and shrinking, which is crucial for cell division and other processes. The study found that the mutation β:T238A makes microtubules much more stable, growing longer and shrinking much slower than normal microtubules. This mutation also increases the spontaneous formation of microtubules. The researchers showed that the mutation does not affect the tubulin's ability to hydrolyze GTP, a key molecule in microtubule dynamics. Instead, the mutation seems to reduce the conformational changes that normally occur in microtubules, making them more resistant to depolymerization. This suggests that the normal flexibility and shape-shifting of microtubules are important for their dynamic behavior and regulation. Understanding these mechanisms can help in developing treatments for diseases related to microtubule dysfunction, such as cancer and neurodegenerative disorders."
elife-04878-v3,"The research explores how zebrafish larvae detect and respond to small moving objects, like prey. This is important because it helps us understand how simple animals process visual information to survive. The scientists found that zebrafish larvae react to small, moving dots that mimic prey by swimming towards them. They identified a specific area in the larvae's brain, called AF7, where neurons respond strongly to these prey-like stimuli. This area also reacts to real prey, like paramecia, suggesting it plays a key role in triggering prey capture behavior. The researchers traced the neurons back to the retina and found two types of retinal ganglion cells that project to AF7. These findings indicate that zebrafish larvae have specialized neurons for detecting and responding to prey, similar to what has been observed in frogs. This research sheds light on the basic mechanisms of visual processing and behavior in simple animals, which can provide insights into more complex visual systems."
elife-38198-v2,"The research investigates how cells position their spindles during division, focusing on the role of specific proteins in the worm C. elegans. The study found that a protein called LIN-5 is crucial for generating the pulling forces needed to move the spindle. Other proteins, like Gα and GPR-1/2, can be replaced with a light-activated anchor, but LIN-5 is essential. The researchers used various techniques to show that LIN-5 activates dynein, a motor protein, to create these forces. They also found that simply recruiting dynein to the cell's edge isn't enough; LIN-5 must be present to generate the necessary pulling power. This work helps understand how cells control spindle positioning, which is vital for proper cell division and development. The findings suggest that LIN-5 acts as both an anchor and an activator for dynein, highlighting its key role in this process."
elife-02501-v2,"The research investigates how bacteria handle non-proteinogenic amino acids, specifically meta-tyrosine (m-Tyr), which can disrupt normal protein function. The study focuses on the enzyme phenylalanyl-tRNA synthetase (PheRS), which is responsible for attaching the correct amino acid to tRNA. In bacteria like E. coli, PheRS has a proofreading function to correct mistakes, such as attaching m-Tyr instead of the correct amino acid, phenylalanine. The researchers found that a mutant version of E. coli with impaired PheRS proofreading grew poorly in the presence of m-Tyr, indicating that the proofreading function is crucial for cell survival. They also showed that m-Tyr can be incorporated into proteins, leading to toxicity. This study highlights the importance of PheRS's proofreading activity in maintaining the integrity of the bacterial proteome and preventing harmful misincorporations of non-proteinogenic amino acids. The findings suggest that understanding these mechanisms could be important for developing new antibiotics or therapies targeting bacterial infections."
elife-21992-v3,"The research investigates how zebrafish embryos handle excess sphingosine, a type of lipid. Sphingosine can cause developmental delays, but some embryos seem to resist these issues. The study found that embryos with a specific genetic mutation (sphk2MZ) have higher levels of sphingosine and ceramide but can manage these levels better than normal embryos. This is because they increase the activity of a gene called cers2b, which helps convert excess sphingosine into ceramide, preventing harmful effects. When this gene is turned off in the mutant embryos, they show the same developmental problems as normal embryos treated with excess sphingosine. The findings suggest that the mutant embryos have a built-in mechanism to sense and respond to high sphingosine levels, activating cers2b to protect against toxicity. This mechanism is not present in normal embryos or those with a different type of genetic modification. The research highlights how some embryos can adapt to handle harmful substances, providing insights into potential strategies for managing similar issues in other organisms, including humans."
elife-53245-v2,"The research paper explores how deep sequencing can improve our understanding of tuberculosis (TB) transmission, particularly in high-risk areas like the Canadian North. The main question is whether deep sequencing can provide more detailed insights into TB transmission compared to standard sequencing methods. This matters because understanding how TB spreads can help guide public health interventions to control outbreaks. The study re-evaluated a TB outbreak in Nunavik, Quebec, using deep sequencing, which involves sequencing DNA to a much higher depth than standard methods. Previous studies using standard sequencing had identified multiple clusters of transmission but couldn't pinpoint exact person-to-person transmission events due to limited genetic variation. The deep sequencing revealed a novel super-spreading event, where one person likely transmitted TB to about a third of the other cases diagnosed between 2011 and 2012. The findings suggest that deep sequencing can enhance the resolution of TB transmission dynamics, but it also highlights the need for careful interpretation of genomic data. The study recommends using both clean sweep and single colony pick methods when generating reference genomes for TB to avoid errors. Overall, the research underscores the importance of advanced sequencing techniques in public health surveillance, especially in regions with high TB transmission rates."
elife-22474-v1,"The research investigates how the protein Activin triggers complex changes in gene expression. To understand this, scientists used a technique called ChIP-seq to map where a protein called SMAD2 binds to DNA in cells treated with Activin. They found that SMAD2 mostly binds to regions far from where genes start, but within a 100,000 base pair window. They also looked at changes in histone modifications, which are chemical tags on DNA that affect gene activity. Activin treatment led to a decrease in histone H3 around these binding sites and an increase in a type of histone modification called acetylation, which is linked to gene activation. This was confirmed for specific genes using additional techniques. The study also showed that certain other proteins, FOXH1 and POU5F1, are necessary for Activin to activate some of its target genes. Overall, the research provides a detailed map of how Activin and SMAD2 work together to turn genes on and off, which is crucial for understanding developmental processes and diseases where Activin signaling goes awry."
elife-29330-v1,"The study investigated how different levels of glucose affect the development of heart cells derived from human embryonic stem cells. This is important because understanding how glucose influences heart cell maturation can help improve treatments for heart diseases. The researchers grew heart cells in media with varying glucose concentrations and observed that lower glucose levels promoted the development of heart cell characteristics and suppressed cell division. They found that heart cells in low glucose conditions had better-structured mitochondria and improved functional maturity. Interestingly, the study revealed that it's not the energy from glucose that affects heart cell maturation, but rather the glucose's role in producing nucleotides, which are essential building blocks for DNA and RNA. This finding suggests that controlling glucose levels and nucleotide production could be key to enhancing the maturation of heart cells for therapeutic purposes."
elife-07839-v2,"The research paper explores how certain genetic changes affect blood stem cells in mice. The study focuses on mice with a specific genetic mutation (5A3+/del) and compares them to normal mice (WT). The main finding is that the mutated mice have an increased proportion of a type of blood stem cell called CD150hi HSCs, while the number of another type of stem cell (CD150neg MPP) decreases. This shift in stem cell types leads to a normal overall frequency of CD150hi HSCs, despite a reduction in the total number of stem and progenitor cells. The mutated mice also show changes in other blood cell types, similar to what is seen in human patients with a blood disorder called myelodysplastic syndromes (MDS). Interestingly, the mutated mice live as long as normal mice, but their blood stem cells have reduced ability to repopulate blood cells, especially lymphoid cells. The study also looks at the effects of aging and another genetic factor (Gata2) on these blood stem cells. Overall, the research provides insights into how genetic mutations can alter blood stem cell behavior and contribute to blood disorders."
elife-06638-v1,"The research investigates how certain proteins from bacteria, known as TEDs, interact with a human protein called fibrinogen. Fibrinogen is crucial for blood clotting and immune responses. The study found that TEDs can form strong, covalent bonds with fibrinogen, specifically targeting a part of fibrinogen called the Aα chain. This bonding is dependent on a specific chemical structure in the TEDs called a thioester. The researchers used various techniques, including mass spectrometry and crystal structure analysis, to identify the exact points of interaction between TEDs and fibrinogen. They discovered that the bonding occurs at a specific site on the Aα chain, involving a residue called Lys100. This interaction is significant because it helps pathogenic bacteria evade the immune system, induce inflammation, or activate platelets, which are key processes in infection and disease. Understanding this interaction could lead to new strategies for combating bacterial infections."
elife-10047-v2,"The research paper describes a study where scientists used a learning model to predict how different drugs affect various cell types, or clones. The goal was to see if the model could efficiently choose which experiments to run to maximize learning and accuracy. The scientists duplicated drugs and clones without telling the model, so it had to figure out which ones were similar on its own. The model grouped drugs and clones that seemed to have the same effects and chose experiments based on these groups. Over 30 rounds, the model selected experiments that tested its predictions, and its accuracy improved significantly. The model chose experiments in a non-random way, focusing on the most informative ones. This approach helped the scientists understand how well the model generalizes its predictions to new, unseen data. The study shows that active learning can be an efficient way to gather data and make accurate predictions, even when dealing with complex biological systems."
elife-33402-v2,"The research investigates how cells repair broken DNA, specifically focusing on a process called long-range resection. This process is crucial for fixing double-strand breaks in DNA, which can be very damaging if not repaired properly. The study uses a type of yeast called fission yeast to understand the roles of certain proteins in this repair process. The researchers found that two proteins, Rev7 and Crb2, normally slow down the long-range resection process. When these proteins are removed, the resection process speeds up significantly, becoming about twice as fast as usual. This speedup happens because another set of proteins, called RecQ helicases, are no longer inhibited and can work more efficiently. The study also shows that the speedy resection in cells without Rev7 or Crb2 does not rely on a protein called Exo1, which is usually the main player in this repair process. Instead, the RecQ helicases take over, leading to very fast and extensive DNA resection. This finding is important because it helps us understand how cells maintain their genetic stability and how errors in this process might lead to diseases like cancer. By knowing more about these proteins and their roles, scientists can develop better strategies for treating genetic disorders and cancers caused by DNA damage."
elife-56383-v2,"The research focuses on the interactions between different types of cells in the reproductive system of a small worm called C. elegans. Specifically, it looks at how germ cells, which can become eggs or sperm, interact with two types of somatic cells: the Distal Tip Cell (DTC) and the Sheath cell (Sh1). The study challenges the traditional view that there is a clear separation between the DTC and Sh1, showing instead that these cells are closely intertwined among the germ cells. The researchers found that germ cell divisions often occur at the boundary between the DTC and Sh1, and these divisions are crucial for germ cells to start differentiating into mature cells. The study suggests that Sh1 helps germ cells differentiate by maintaining its position and possibly competing with the DTC for contact with the germ cells. This new understanding could help explain how stem cells decide to differentiate, which is important for both basic biology and potential medical applications."
elife-53688-v1,"The research paper investigates the role of a specific signaling pathway, called planar cell polarity (PCP), in the development of the lungs, particularly in the formation of alveoli, which are tiny air sacs where gas exchange occurs. The study focuses on the proteins VANGL1 and VANGL2, which are crucial for PCP signaling. The researchers found that when VANGL2 is removed from lung epithelial cells, the development of alveoli is severely disrupted. This disruption is due to problems with myofibroblasts, which are cells in the lung tissue that help in the formation of alveoli. Specifically, these myofibroblasts fail to migrate to the correct locations and do not proliferate properly, leading to defective alveolar development. The researchers also discovered that a signaling molecule called PDGF, which is produced by alveolar cells, fails to properly signal to myofibroblasts in the absence of VANGL2. This failure in signaling contributes to the abnormal development of alveoli. The findings highlight the importance of PCP signaling in lung development and suggest that disruptions in this pathway can lead to significant lung abnormalities. Understanding these mechanisms could be crucial for developing treatments for lung diseases related to abnormal alveolar development."
elife-04637-v2,"The research paper discusses the study of genetic recombination events, specifically non-crossover (NCO) events, which are changes in DNA that do not involve the exchange of large segments between chromosomes. The study identified 103 specific sites in the genome where these NCO events likely occurred. The researchers found that about 26% of the events they could examine happened in these regions, which is much higher than the average rate of 4.2% for other informative sites. They also noted that most NCO events involve only one genetic marker, but some regions had multiple markers affected. Interestingly, the genetic material involved in these events showed a strong preference for the GC base pairs over AT base pairs. The study carefully excluded sites with potential errors or ambiguities to ensure the accuracy of their findings. The results highlight the importance of understanding these genetic events, as they can contribute to genetic diversity and potentially influence traits and diseases. This research helps in mapping out where these events occur and how they might affect genetic inheritance."
elife-27014-v1,"The study looked at how the gut bacteria of turquoise killifish change as they age. This is important because understanding these changes can help us learn more about aging in general and how gut bacteria might affect health. The researchers found that as the fish age, the variety of bacteria in their guts decreases, similar to what happens in humans. They also noticed that the types of bacteria in young and old fish guts are different, with older fish having more potentially harmful bacteria. When young fish were given gut bacteria from older fish, their own gut bacteria changed to resemble those of the older fish. However, this did not seem to affect their lifespan. This suggests that while aging affects gut bacteria, the impact on health might depend on other factors as well. The findings highlight the complex relationship between aging, gut bacteria, and overall health."
elife-02481-v2,"The research paper discusses the structure and function of a protein complex called ClpB, which is involved in helping other proteins refold correctly after they have been damaged by stress. The study aimed to understand how ClpB works at a molecular level, particularly how its different parts move and interact with each other and with another protein called ClpP. The researchers used advanced imaging techniques to create detailed pictures of ClpB and its complex with ClpP. They found that ClpB has a flexible part called the N-domain that moves around a lot, and that the overall shape of ClpB changes when it binds to ClpP. The study also showed that ClpB can exist in different shapes, which might be important for its function. These findings help explain how ClpB helps other proteins refold and stay functional, which is crucial for cells to survive stress. Understanding these processes can provide insights into how cells maintain protein quality and could lead to new ways to treat diseases related to protein misfolding."
elife-59709-v2,"This study looked at how alcohol consumption affects stress responses in mice. The researchers wanted to understand if the brain's stress response system changes after drinking alcohol, and if blocking certain brain signals could alter these responses. They used a specific smell (TMT) to induce stress in mice and measured their brain activity and behavior. They found that mice who had been drinking alcohol showed more stress-related brain activity and different behaviors when exposed to TMT compared to mice who had been drinking water. Blocking a specific brain signal (Pdyn/KOR) reduced the stress response in alcohol-drinking mice. The study also showed that a connection between two brain regions (the mPFC and BNST) plays a role in these stress responses. Overall, the findings suggest that alcohol consumption can change how the brain responds to stress, and that certain brain signals and connections are involved in this process. This research could help in developing better treatments for alcohol use disorders and stress-related conditions."
elife-07247-v2,"The research investigates whether genetic material from different mitochondrial genomes in fruit flies can exchange and recombine. This process, known as homologous recombination, is important because it can help repair damaged DNA and create genetic diversity. The study used fruit flies with two different types of mitochondrial DNA, each with a specific defect that the other type could compensate for. By observing these flies over generations, the researchers found that new, recombinant mitochondrial genomes emerged. These recombinants increased in number because they were better suited to the environmental conditions, such as temperature. The study also showed that even when only one type of mitochondrial DNA was cut, recombination still occurred, suggesting that a single break in the DNA can trigger this process. The findings indicate that homologous recombination between mitochondrial genomes is possible and can be driven by selection pressures, contributing to the genetic diversity and repair mechanisms in mitochondria. This research helps understand how mitochondrial DNA can adapt and repair itself, which is crucial for the overall health and function of cells."
elife-53072-v2,"The research explores how different types of cells in the lungs respond to injury caused by the H1N1 influenza virus. Specifically, it looks at endothelial cells, which line the blood vessels and play a crucial role in repairing damaged tissue. The study found that after influenza injury, a unique group of highly proliferative endothelial cells emerges. These cells help regenerate the lung's blood vessels by replacing lost endothelial cells. The researchers used advanced techniques to analyze the gene expression of these cells in both healthy and injured lungs. They discovered that certain types of endothelial cells, like Car4-high cells and Gpihbp1+ cells, change their location and density during the healing process, suggesting they play a role in lung repair. The study also identified a new cluster of proliferative endothelial cells that appear only after injury. These cells are closely related to a subset of microvascular endothelial cells and interact with other cell types to aid in regeneration. The findings highlight the complexity of lung repair and the diverse roles of endothelial cells in this process. This research is important for understanding how the lungs heal from injuries and could lead to new treatments for lung diseases."
elife-05334-v2,"The research explores how bacteria can become resistant to the antibiotic vancomycin. The study focuses on a specific mutation in bacteria that alters the structure of lipopolysaccharides (LPS), which are molecules on the bacterial cell surface. This mutation, called lptE613, makes bacteria more sensitive to antibiotics but also creates a new form of LPS that can bind to vancomycin. The researchers found that this new LPS form, called LPS*, includes parts of the bacterial cell wall that normally bind to vancomycin. This binding outside the cell reduces the antibiotic's effectiveness, providing a mechanism for resistance. The study shows that even with this modification, the bacteria can still properly assemble their outer membrane, indicating that the mutation does not disrupt essential cell functions. This finding highlights a new way bacteria can develop resistance to antibiotics, which is crucial for understanding and combating antibiotic resistance."
elife-42078-v1,"The research explores how specific genes and molecules influence the development of nerve cells in a tiny worm called C. elegans. The study focuses on how these genes control the timing and type of neurotransmitters (chemicals that nerve cells use to communicate) that certain nerve cells produce. The researchers found that a gene called lin-41 and a molecule called let-7 are crucial for the proper timing of these changes. When these genes are mutated, the nerve cells do not switch neurotransmitters at the right time, which affects the worm's behavior. The study also shows that another gene, lin-29, plays a key role in this process and is controlled by lin-41 and let-7. The findings help us understand how genes regulate the development of nerve cells and how disruptions in these processes can lead to behavioral changes. This research is important because it provides insights into how genetic factors influence the development of the nervous system, which can have broader implications for understanding neurological disorders in humans."
elife-39856-v2,"The research paper explores the genetic factors influencing lifespan and longevity. The main question is whether specific genetic variations (SNPs) are linked to how long people live and if these variations affect early mortality more than extreme old age. The study uses data from the UK Biobank, which includes genetic information from hundreds of thousands of individuals, to identify genetic variants associated with lifespan. The researchers found that while some genetic variants are consistently linked to longevity, most have a greater impact on early mortality rather than extreme old age. They also examined how different diseases, like heart disease and cancer, influence lifespan through genetic factors. The study suggests that genetic variations related to diseases reduce the likelihood of living to an extremely old age. However, the research indicates that much larger studies are needed to fully understand the genetic basis of longevity and to identify any unique genetic factors that might specifically promote extreme old age. This work highlights the complexity of genetic influences on lifespan and the need for more extensive research to uncover the full picture."
